customer_id,gender,age,tenure_months,contract,internet_service,payment_method,paperless_billing,monthly_charges,total_charges,churn
100001,Male,43.0,26,Two year,DSL,Electronic check,No,98.19,2593.62,No
100002,Female,37.0,50,Month-to-month,Fiber optic,Credit card,Yes,107.53,5431.64,No
100003,Female,18.0,21,Month-to-month,Fiber optic,Mailed check,Yes,69.39,1514.6,Yes
100004,Male,39.0,61,One year,Fiber optic,Electronic check,Yes,118.15,7207.58,Yes
100005,Male,25.0,67,Month-to-month,Fiber optic,Electronic check,Yes,99.42,6509.81,No
100006,Female,18.0,12,Month-to-month,Fiber optic,Electronic check,Yes,89.08,1006.06,Yes
100007,Male,41.0,19,One year,Fiber optic,Mailed check,No,105.55,2076.96,Yes
100008,Female,45.0,6,One year,Fiber optic,Mailed check,Yes,99.46,649.5,Yes
100009,Male,46.0,52,One year,DSL,Credit card,Yes,75.84,3926.07,No
100010,Male,46.0,64,Two year,Fiber optic,Electronic check,Yes,78.0,4942.67,No
100011,Female,18.0,44,Month-to-month,No,Electronic check,Yes,69.32,3065.73,Yes
100012,Female,21.0,10,Month-to-month,Fiber optic,Electronic check,Yes,43.8,407.12,No
100013,Female,65.0,13,Two year,No,Electronic check,Yes,51.98,668.58,Yes
100014,Female,25.0,3,Month-to-month,DSL,Bank transfer,Yes,117.0,362.9,No
100015,Female,47.0,36,Month-to-month,Fiber optic,Credit card,No,63.31,2209.21,No
100016,Female,30.0,52,Month-to-month,Fiber optic,Bank transfer,Yes,37.73,2033.96,No
100017,Female,40.0,11,Month-to-month,Fiber optic,Electronic check,Yes,106.6,1157.78,Yes
100018,Male,31.0,62,Month-to-month,Fiber optic,Credit card,Yes,90.22,5637.52,No
100019,Female,46.0,19,Month-to-month,DSL,Credit card,No,79.62,1518.49,No
100020,Male,41.0,38,One year,Fiber optic,Electronic check,No,80.06,3181.08,No
100021,Female,33.0,49,One year,Fiber optic,Credit card,Yes,106.77,5280.59,No
100022,Male,25.0,39,Two year,Fiber optic,Bank transfer,Yes,122.24,4804.04,No
100023,Male,42.0,35,Month-to-month,DSL,Bank transfer,No,58.96,2097.02,No
100024,Female,23.0,25,Month-to-month,DSL,Mailed check,Yes,87.82,2383.06,No
100025,Female,45.0,31,One year,No,Electronic check,Yes,99.96,3094.79,No
100026,Female,73.0,18,Month-to-month,DSL,Bank transfer,No,57.56,1050.83,No
100027,Male,57.0,22,Month-to-month,Fiber optic,Mailed check,Yes,121.74,2687.71,No
100028,Female,48.0,55,One year,DSL,Credit card,Yes,99.88,5316.46,Yes
100029,Female,38.0,64,One year,Fiber optic,Electronic check,No,52.95,3397.17,No
100030,Male,18.0,62,Month-to-month,Fiber optic,Electronic check,No,123.87,7771.4,No
100031,Male,22.0,24,One year,No,Bank transfer,Yes,42.26,1060.57,No
100032,Male,56.0,24,One year,Fiber optic,Mailed check,Yes,66.81,1739.44,Yes
100033,Male,29.0,5,Two year,DSL,Mailed check,Yes,89.09,516.15,No
100034,Female,30.0,20,Month-to-month,DSL,Bank transfer,No,98.04,2005.98,Yes
100035,Female,37.0,43,One year,DSL,Bank transfer,No,74.47,3282.21,No
100036,Male,25.0,20,One year,Fiber optic,Mailed check,No,68.25,1397.83,No
100037,Female,23.0,53,Month-to-month,No,Electronic check,Yes,65.5,3446.24,Yes
100038,Female,38.0,4,One year,DSL,Bank transfer,Yes,62.54,238.59,No
100039,Male,27.0,30,One year,Fiber optic,Mailed check,Yes,105.03,2936.43,No
100040,Female,29.0,21,Month-to-month,Fiber optic,Bank transfer,Yes,73.85,1694.41,Yes
100041,Male,29.0,36,Month-to-month,Fiber optic,Bank transfer,Yes,67.7,2419.35,No
100042,Female,46.0,2,Month-to-month,Fiber optic,Mailed check,Yes,47.07,20.0,Yes
100043,Female,36.0,31,One year,Fiber optic,Electronic check,No,69.14,2110.37,Yes
100044,Male,37.0,57,Month-to-month,DSL,Electronic check,Yes,69.04,4093.42,No
100045,Male,47.0,62,Month-to-month,Fiber optic,Electronic check,No,55.74,3462.35,No
100046,Female,37.0,19,Month-to-month,Fiber optic,Bank transfer,Yes,40.38,790.35,Yes
100047,Male,35.0,31,One year,Fiber optic,Bank transfer,No,108.5,3551.26,Yes
100048,Female,45.0,50,One year,DSL,Credit card,Yes,46.99,2424.69,No
100049,Female,48.0,34,Month-to-month,Fiber optic,Mailed check,Yes,51.27,1717.24,No
100050,Female,37.0,40,Month-to-month,No,Bank transfer,Yes,111.24,4296.61,No
100051,Female,40.0,25,Month-to-month,Fiber optic,Bank transfer,No,105.22,2688.01,No
100052,Male,29.0,61,Month-to-month,DSL,Mailed check,Yes,97.64,5895.0,No
100053,Male,28.0,46,One year,No,Bank transfer,No,84.63,3952.37,No
100054,Male,49.0,70,Month-to-month,DSL,Mailed check,Yes,104.78,7330.26,No
100055,Male,45.0,57,One year,Fiber optic,Mailed check,Yes,106.09,6083.92,No
100056,Male,45.0,27,One year,DSL,Credit card,No,63.39,1792.16,No
100057,Female,43.0,24,Two year,No,Mailed check,No,45.37,933.25,No
100058,Male,40.0,7,Month-to-month,DSL,Electronic check,Yes,39.92,291.03,No
100059,Female,48.0,45,Month-to-month,Fiber optic,Mailed check,Yes,80.51,3621.31,No
100060,Female,51.0,54,Month-to-month,No,Credit card,Yes,44.5,2428.91,No
100061,Female,51.0,26,Two year,Fiber optic,Electronic check,No,64.06,1710.96,No
100062,Female,38.0,2,One year,DSL,Credit card,No,68.19,150.06,No
100063,Male,57.0,60,One year,DSL,Credit card,No,106.95,6358.69,No
100064,Female,42.0,17,One year,DSL,Mailed check,No,34.24,480.43,No
100065,Male,47.0,42,Month-to-month,DSL,Electronic check,No,72.74,2912.19,No
100066,Male,43.0,4,One year,Fiber optic,Electronic check,No,52.71,221.61,No
100067,Female,42.0,5,One year,Fiber optic,Electronic check,Yes,70.09,397.85,Yes
100068,Male,29.0,65,Month-to-month,No,Mailed check,Yes,95.25,6160.47,No
100069,Male,,49,Two year,Fiber optic,Bank transfer,Yes,62.79,3151.48,Yes
100070,Male,75.0,1,Two year,No,Credit card,Yes,65.42,55.12,Yes
100071,Female,34.0,8,Two year,Fiber optic,Electronic check,Yes,87.53,692.53,No
100072,Male,40.0,36,One year,Fiber optic,Mailed check,No,101.53,3525.64,No
100073,Male,33.0,49,Month-to-month,Fiber optic,Mailed check,No,70.3,3404.8,No
100074,Male,33.0,31,One year,Fiber optic,Mailed check,No,115.52,3663.98,No
100075,Female,59.0,63,Month-to-month,DSL,,No,60.87,3960.59,No
100076,Male,30.0,47,One year,No,Credit card,No,84.11,3936.04,No
100077,Male,33.0,45,Month-to-month,Fiber optic,Mailed check,Yes,79.25,3644.29,No
100078,Male,18.0,21,Two year,DSL,Electronic check,Yes,90.52,2028.22,No
100079,Female,29.0,50,Month-to-month,Fiber optic,Bank transfer,No,134.69,6650.14,No
100080,Female,18.0,63,Month-to-month,DSL,Electronic check,Yes,65.06,4127.35,No
100081,Female,47.0,4,Month-to-month,Fiber optic,Credit card,No,83.6,351.53,Yes
100082,Male,75.0,53,One year,Fiber optic,Credit card,Yes,73.2,3976.35,Yes
100083,Male,34.0,64,Month-to-month,No,Electronic check,Yes,57.35,3595.24,Yes
100084,Female,18.0,32,Month-to-month,Fiber optic,Mailed check,Yes,66.52,2157.05,No
100085,Female,51.0,56,Month-to-month,Fiber optic,Bank transfer,No,83.53,4654.43,No
100086,Female,30.0,26,Month-to-month,Fiber optic,Mailed check,No,64.58,1717.33,No
100087,Male,56.0,14,Two year,No,Mailed check,Yes,53.33,856.55,No
100088,Male,35.0,59,Month-to-month,Fiber optic,Credit card,Yes,32.0,2020.96,No
100089,Female,31.0,23,Month-to-month,Fiber optic,Electronic check,No,118.62,2838.98,No
100090,Female,37.0,55,Month-to-month,Fiber optic,Mailed check,Yes,125.1,6791.38,Yes
100091,Male,49.0,23,Month-to-month,Fiber optic,Electronic check,No,100.22,2262.5,Yes
100092,Female,36.0,29,Month-to-month,Fiber optic,Electronic check,No,62.15,1892.92,No
100093,Female,33.0,50,Month-to-month,No,Credit card,No,40.41,2074.93,No
100094,Male,36.0,25,Month-to-month,Fiber optic,Bank transfer,Yes,44.89,1098.61,Yes
100095,Female,22.0,59,Month-to-month,Fiber optic,Bank transfer,No,99.98,5816.34,No
100096,Male,44.0,3,Month-to-month,DSL,Electronic check,No,103.63,20.0,Yes
100097,Male,18.0,1,One year,DSL,Credit card,Yes,76.15,20.0,No
100098,Female,33.0,6,Month-to-month,DSL,Electronic check,No,93.45,533.21,Yes
100099,Female,49.0,19,One year,DSL,Mailed check,Yes,83.12,1553.15,No
100100,Male,43.0,4,One year,Fiber optic,Electronic check,No,64.73,295.92,No
100101,Female,47.0,28,Two year,Fiber optic,Mailed check,Yes,109.24,3112.87,No
100102,Male,38.0,2,Month-to-month,Fiber optic,Mailed check,Yes,107.64,418.59,Yes
100103,Female,54.0,55,One year,Fiber optic,Electronic check,Yes,59.24,3188.92,No
100104,Male,51.0,12,Two year,DSL,Mailed check,No,92.18,930.55,Yes
100105,Female,45.0,70,Two year,Fiber optic,Mailed check,Yes,80.31,5538.1,No
100106,Female,51.0,62,One year,DSL,Bank transfer,Yes,65.48,4210.67,No
100107,Female,49.0,50,Month-to-month,DSL,Mailed check,Yes,81.77,4089.66,No
100108,Female,33.0,58,Two year,No,Credit card,No,80.99,4788.53,No
100109,Male,22.0,56,Two year,DSL,Electronic check,Yes,94.22,5225.66,No
100110,Female,44.0,61,Month-to-month,Fiber optic,Electronic check,Yes,62.77,3783.84,No
100111,Male,46.0,40,Month-to-month,Fiber optic,Electronic check,Yes,98.14,3771.32,No
100112,Female,53.0,45,Two year,Fiber optic,Electronic check,No,55.0,2445.23,No
100113,Female,27.0,34,Month-to-month,Fiber optic,Mailed check,No,79.53,2705.0,No
100114,Male,27.0,45,One year,Fiber optic,Electronic check,No,81.2,3732.08,No
100115,Female,45.0,28,Month-to-month,Fiber optic,Electronic check,Yes,108.25,3081.49,No
100116,Female,38.0,9,One year,Fiber optic,Electronic check,Yes,84.23,936.91,No
100117,Male,18.0,68,Month-to-month,No,Mailed check,Yes,65.45,4436.76,No
100118,Male,44.0,51,One year,DSL,Bank transfer,Yes,107.65,5511.98,No
100119,Male,18.0,51,Month-to-month,Fiber optic,Mailed check,Yes,73.28,3735.88,No
100120,Male,27.0,21,Two year,DSL,Credit card,Yes,60.22,1202.06,No
100121,Male,57.0,56,Month-to-month,DSL,Electronic check,No,25.09,1441.91,No
100122,Female,63.0,38,Month-to-month,No,Mailed check,No,66.58,2505.23,Yes
100123,Female,23.0,6,Month-to-month,Fiber optic,Electronic check,Yes,60.51,512.75,Yes
100124,Male,35.0,69,Month-to-month,DSL,Credit card,No,65.73,4464.32,No
100125,Female,40.0,72,Two year,Fiber optic,Electronic check,No,90.0,6449.42,No
100126,Female,62.0,63,Month-to-month,DSL,Credit card,No,44.87,2714.87,No
100127,Male,33.0,35,Month-to-month,Fiber optic,Bank transfer,Yes,63.43,2250.5,No
100128,Female,33.0,17,One year,Fiber optic,Mailed check,Yes,44.01,628.69,No
100129,Female,59.0,1,Month-to-month,No,Mailed check,Yes,59.25,58.52,No
100130,Female,34.0,54,Month-to-month,DSL,Electronic check,Yes,48.39,2507.85,No
100131,Female,48.0,65,One year,Fiber optic,Electronic check,Yes,137.6,8855.47,Yes
100132,Female,20.0,8,Month-to-month,No,Credit card,Yes,109.6,807.96,No
100133,Male,37.0,50,Two year,No,Bank transfer,Yes,105.55,5343.16,No
100134,Female,18.0,2,One year,DSL,Electronic check,No,39.63,70.75,No
100135,Female,25.0,56,Month-to-month,Fiber optic,Electronic check,Yes,79.57,4444.87,No
100136,Male,50.0,3,One year,No,Electronic check,Yes,41.92,176.38,No
100137,Female,38.0,71,Two year,Fiber optic,Bank transfer,Yes,130.07,9175.56,No
100138,Male,35.0,13,Month-to-month,Fiber optic,Mailed check,Yes,104.78,1185.22,No
100139,Male,29.0,29,One year,Fiber optic,Bank transfer,Yes,57.69,1574.11,No
100140,Male,36.0,51,Month-to-month,No,Electronic check,No,81.24,4117.51,No
100141,Female,43.0,61,Month-to-month,Fiber optic,Credit card,Yes,46.94,2858.93,No
100142,Male,52.0,27,One year,DSL,Electronic check,Yes,68.59,1902.22,No
100143,Male,18.0,71,Month-to-month,Fiber optic,Electronic check,Yes,79.61,5639.24,No
100144,Male,28.0,2,Month-to-month,Fiber optic,Credit card,Yes,102.49,296.5,Yes
100145,Female,41.0,34,Month-to-month,Fiber optic,Bank transfer,Yes,108.7,3728.34,Yes
100146,Female,38.0,72,One year,DSL,Mailed check,No,72.51,5093.99,No
100147,Male,44.0,20,One year,Fiber optic,Credit card,Yes,78.4,1338.74,No
100148,Male,42.0,39,Month-to-month,Fiber optic,Electronic check,Yes,32.0,1157.33,Yes
100149,Female,35.0,33,Month-to-month,No,Electronic check,No,111.05,3677.06,No
100150,Male,32.0,29,Two year,Fiber optic,Electronic check,No,67.56,1992.63,No
100151,Female,36.0,56,Month-to-month,Fiber optic,Electronic check,No,86.55,4837.31,No
100152,Male,54.0,38,Month-to-month,Fiber optic,Bank transfer,Yes,140.48,5349.06,Yes
100153,Female,29.0,52,Month-to-month,DSL,Mailed check,Yes,42.15,2310.65,No
100154,Male,38.0,38,One year,Fiber optic,Mailed check,Yes,84.53,3213.4,No
100155,Male,41.0,72,Month-to-month,DSL,Bank transfer,Yes,84.42,6109.73,No
100156,Female,59.0,34,Two year,Fiber optic,Electronic check,Yes,111.31,3928.23,No
100157,Male,35.0,58,One year,Fiber optic,Electronic check,No,84.03,4710.72,No
100158,Female,51.0,45,Month-to-month,DSL,Mailed check,Yes,101.39,4716.42,No
100159,Female,55.0,58,One year,Fiber optic,Bank transfer,Yes,73.61,4039.06,No
100160,Female,38.0,64,Month-to-month,No,Mailed check,Yes,85.59,5403.42,No
100161,Female,36.0,17,Month-to-month,DSL,Credit card,No,82.35,1349.63,No
100162,Female,35.0,22,One year,No,Credit card,Yes,69.72,1386.84,No
100163,Male,36.0,22,Month-to-month,DSL,Bank transfer,Yes,80.09,1747.14,Yes
100164,Male,50.0,36,Two year,DSL,Bank transfer,No,50.14,1800.43,No
100165,Male,42.0,36,One year,Fiber optic,Mailed check,Yes,76.53,2821.68,No
100166,Female,42.0,1,Month-to-month,DSL,Credit card,No,39.83,103.53,Yes
100167,Male,24.0,65,Two year,No,Mailed check,Yes,60.96,3978.02,No
100168,Male,26.0,62,Month-to-month,Fiber optic,Electronic check,No,112.45,7072.56,Yes
100169,Male,67.0,44,Month-to-month,Fiber optic,Electronic check,Yes,94.51,4216.48,No
100170,Male,37.0,23,Month-to-month,Fiber optic,Credit card,Yes,91.7,2079.86,Yes
100171,Male,29.0,60,Two year,Fiber optic,Electronic check,Yes,44.03,2652.52,No
100172,Male,58.0,20,Month-to-month,Fiber optic,Bank transfer,No,92.0,1782.79,No
100173,Female,43.0,23,Month-to-month,Fiber optic,Credit card,Yes,82.43,1785.6,No
100174,Female,47.0,72,Month-to-month,No,Mailed check,No,85.44,6190.19,No
100175,Female,37.0,67,Month-to-month,Fiber optic,Electronic check,Yes,118.58,7809.96,No
100176,Male,35.0,43,Month-to-month,Fiber optic,Electronic check,No,73.78,3155.67,Yes
100177,Female,37.0,13,One year,Fiber optic,Mailed check,Yes,76.11,782.61,No
100178,Male,21.0,9,Two year,Fiber optic,Bank transfer,Yes,106.95,968.94,No
100179,Female,38.0,70,One year,DSL,Electronic check,Yes,56.91,3918.27,No
100180,Female,43.0,20,Month-to-month,Fiber optic,Mailed check,Yes,86.18,1774.74,No
100181,Female,63.0,50,Month-to-month,Fiber optic,Mailed check,No,34.09,1684.48,No
100182,Male,40.0,26,Month-to-month,DSL,Electronic check,No,64.3,1660.32,No
100183,Male,18.0,36,Month-to-month,No,Electronic check,Yes,104.63,3771.38,Yes
100184,Female,38.0,71,One year,Fiber optic,Electronic check,No,92.39,6504.66,No
100185,Male,75.0,43,Month-to-month,DSL,Credit card,Yes,94.49,4012.08,Yes
100186,Male,50.0,32,Two year,No,Electronic check,No,95.91,3018.17,No
100187,Male,28.0,30,Month-to-month,No,Electronic check,No,105.73,3160.63,No
100188,Male,47.0,17,One year,No,Mailed check,Yes,63.32,1026.31,No
100189,Male,29.0,41,Two year,DSL,Bank transfer,Yes,95.56,3958.5,No
100190,Male,21.0,42,One year,Fiber optic,Bank transfer,No,140.19,5728.7,No
100191,Female,34.0,7,Two year,Fiber optic,Mailed check,Yes,83.34,448.46,No
100192,Female,40.0,30,One year,Fiber optic,Mailed check,Yes,51.01,1700.27,Yes
100193,Female,18.0,47,One year,Fiber optic,Bank transfer,No,,3210.04,Yes
100194,Male,24.0,4,Month-to-month,Fiber optic,Credit card,Yes,95.71,291.52,Yes
100195,Female,39.0,71,Month-to-month,Fiber optic,Bank transfer,Yes,42.46,3012.37,No
100196,Male,34.0,62,Two year,No,Bank transfer,No,52.95,3351.94,No
100197,Male,44.0,46,Month-to-month,Fiber optic,Electronic check,No,75.76,3542.65,No
100198,Male,23.0,2,Two year,No,Mailed check,Yes,74.75,82.16,No
100199,Male,48.0,38,Month-to-month,Fiber optic,Credit card,Yes,128.91,4852.44,No
100200,Female,24.0,65,One year,DSL,Electronic check,No,89.2,5767.96,Yes
100201,Male,60.0,2,Month-to-month,Fiber optic,Electronic check,Yes,56.15,140.32,Yes
100202,Female,18.0,58,Two year,DSL,Bank transfer,Yes,150.0,8704.09,No
100203,Male,25.0,61,Month-to-month,DSL,Credit card,Yes,71.59,4284.46,No
100204,Female,44.0,6,Month-to-month,No,Electronic check,No,29.99,134.08,No
100205,Male,61.0,17,Two year,Fiber optic,Credit card,Yes,58.04,962.8,No
100206,Male,43.0,53,Month-to-month,Fiber optic,Electronic check,Yes,58.19,3217.45,No
100207,Female,46.0,66,Month-to-month,No,Credit card,Yes,38.3,2511.84,No
100208,Female,39.0,56,Two year,Fiber optic,Credit card,Yes,96.82,5719.7,No
100209,Male,26.0,38,Two year,DSL,Bank transfer,Yes,20.0,735.77,No
100210,Female,33.0,44,Month-to-month,DSL,Credit card,Yes,96.56,4097.16,No
100211,Male,23.0,38,One year,Fiber optic,Credit card,Yes,104.36,3997.29,No
100212,Female,22.0,42,Month-to-month,DSL,Credit card,Yes,60.59,2639.03,No
100213,Female,44.0,56,Month-to-month,DSL,Mailed check,Yes,94.89,5356.6,No
100214,Male,24.0,4,One year,Fiber optic,Mailed check,No,56.68,244.42,No
100215,Female,43.0,16,Month-to-month,DSL,Electronic check,No,50.94,780.87,No
100216,Male,22.0,5,Month-to-month,Fiber optic,Electronic check,Yes,97.74,463.05,No
100217,Male,43.0,58,Month-to-month,DSL,Bank transfer,Yes,66.76,3662.61,No
100218,Male,33.0,53,Two year,Fiber optic,Electronic check,Yes,68.37,3700.92,No
100219,Male,57.0,4,Month-to-month,Fiber optic,Credit card,Yes,81.16,290.52,No
100220,Female,43.0,8,Month-to-month,Fiber optic,Electronic check,No,116.97,1038.93,Yes
100221,Male,55.0,20,Two year,DSL,Electronic check,Yes,104.0,2032.07,No
100222,Male,29.0,18,Two year,DSL,Electronic check,No,82.65,1482.89,No
100223,Female,40.0,38,Month-to-month,DSL,Electronic check,Yes,63.11,2510.61,No
100224,Male,26.0,36,Two year,DSL,Electronic check,Yes,85.04,3181.67,Yes
100225,Female,34.0,26,Month-to-month,Fiber optic,Mailed check,Yes,62.44,1699.15,Yes
100226,Male,36.0,12,Month-to-month,DSL,Electronic check,Yes,101.22,1046.24,Yes
100227,Female,30.0,47,Month-to-month,DSL,Credit card,No,95.76,4385.79,No
100228,Female,23.0,57,Month-to-month,DSL,Mailed check,Yes,120.29,6919.63,No
100229,Female,21.0,47,One year,Fiber optic,Bank transfer,No,63.95,2942.79,No
100230,Male,18.0,59,Month-to-month,Fiber optic,Bank transfer,Yes,60.84,3596.2,No
100231,Male,25.0,66,Two year,Fiber optic,Electronic check,Yes,97.78,6472.15,No
100232,Female,47.0,61,Month-to-month,Fiber optic,Electronic check,Yes,77.16,4729.82,No
100233,Male,18.0,47,Month-to-month,Fiber optic,Credit card,Yes,108.98,5027.04,Yes
100234,Female,21.0,4,Month-to-month,DSL,Bank transfer,Yes,104.94,511.82,No
100235,Male,62.0,25,Month-to-month,Fiber optic,Electronic check,Yes,126.57,3117.05,Yes
100236,Female,31.0,31,Two year,Fiber optic,Bank transfer,No,85.46,2702.35,No
100237,Female,43.0,52,One year,Fiber optic,Electronic check,Yes,106.01,5493.87,No
100238,Male,47.0,61,One year,DSL,Electronic check,Yes,59.08,3776.76,No
100239,Male,48.0,47,One year,No,Electronic check,No,77.43,3769.58,No
100240,Female,19.0,27,Month-to-month,Fiber optic,Bank transfer,Yes,82.66,2423.66,Yes
100241,Male,36.0,57,Month-to-month,DSL,Mailed check,No,69.33,4100.56,No
100242,Female,18.0,51,Month-to-month,No,Mailed check,No,117.6,5985.51,No
100243,Male,71.0,58,Two year,DSL,Electronic check,Yes,38.45,2182.04,No
100244,Female,18.0,43,Month-to-month,DSL,Electronic check,No,71.88,2988.65,No
100245,Female,25.0,47,Month-to-month,DSL,Electronic check,Yes,73.34,3470.94,Yes
100246,Male,25.0,25,One year,No,Mailed check,Yes,88.08,2204.19,No
100247,Female,20.0,29,Month-to-month,DSL,Credit card,Yes,44.57,1288.66,No
100248,Male,57.0,20,Month-to-month,Fiber optic,Bank transfer,No,76.53,1455.98,Yes
100249,Female,70.0,19,Month-to-month,Fiber optic,Electronic check,Yes,69.11,1345.58,No
100250,Male,33.0,47,Month-to-month,Fiber optic,Electronic check,Yes,32.0,1469.63,No
100251,Male,22.0,28,Month-to-month,Fiber optic,Electronic check,Yes,113.06,3122.25,Yes
100252,Male,18.0,10,Two year,DSL,Credit card,Yes,35.25,367.25,No
100253,Male,36.0,3,One year,Fiber optic,Mailed check,Yes,43.92,124.75,No
100254,Male,35.0,62,Month-to-month,Fiber optic,Credit card,Yes,107.69,6548.42,No
100255,Female,31.0,32,One year,Fiber optic,Electronic check,No,75.63,2349.27,No
100256,Male,42.0,42,One year,DSL,Mailed check,No,64.49,2756.51,No
100257,Female,44.0,66,One year,Fiber optic,Mailed check,No,76.97,5075.72,No
100258,Male,43.0,9,Two year,Fiber optic,Bank transfer,Yes,110.86,822.91,No
100259,Male,35.0,68,One year,Fiber optic,Mailed check,Yes,70.2,4836.49,No
100260,Female,25.0,51,Month-to-month,Fiber optic,Electronic check,Yes,98.88,5038.43,Yes
100261,Female,48.0,47,Month-to-month,DSL,Mailed check,Yes,43.47,1947.53,No
100262,Male,39.0,32,Month-to-month,Fiber optic,Credit card,Yes,92.25,2891.8,Yes
100263,Male,51.0,51,Month-to-month,DSL,Electronic check,Yes,94.57,4837.94,Yes
100264,Female,49.0,15,Two year,Fiber optic,Bank transfer,No,119.13,1588.17,No
100265,Female,21.0,22,One year,DSL,Credit card,Yes,33.27,769.79,No
100266,Female,,70,Month-to-month,DSL,Mailed check,Yes,64.58,4609.41,No
100267,Male,29.0,20,Two year,DSL,Mailed check,Yes,111.96,2319.35,No
100268,Male,25.0,52,One year,DSL,Electronic check,Yes,95.05,5046.48,No
100269,Female,49.0,67,Month-to-month,Fiber optic,Bank transfer,Yes,79.02,5224.15,No
100270,Female,44.0,43,Two year,Fiber optic,Credit card,No,84.1,3709.36,No
100271,Male,53.0,22,Month-to-month,Fiber optic,Credit card,Yes,91.43,2035.97,Yes
100272,Male,44.0,62,Month-to-month,Fiber optic,Electronic check,Yes,74.68,4554.98,No
100273,Male,42.0,60,Month-to-month,Fiber optic,Credit card,Yes,97.68,5902.81,No
100274,Female,55.0,40,Two year,Fiber optic,Electronic check,Yes,96.26,3889.68,No
100275,Male,45.0,9,Month-to-month,No,Bank transfer,No,44.13,535.82,No
100276,Male,40.0,32,Month-to-month,Fiber optic,Electronic check,No,71.76,2404.07,Yes
100277,Male,58.0,32,One year,No,Electronic check,Yes,60.65,1878.65,No
100278,Female,40.0,14,Two year,No,Bank transfer,No,65.61,949.2,No
100279,Male,35.0,29,Month-to-month,No,Mailed check,Yes,78.75,2313.45,Yes
100280,Male,,12,Month-to-month,Fiber optic,Credit card,No,88.51,1084.74,Yes
100281,Male,48.0,50,Two year,Fiber optic,Electronic check,Yes,66.01,3273.06,No
100282,Male,55.0,32,One year,Fiber optic,Credit card,No,117.51,3918.24,No
100283,Female,38.0,53,Month-to-month,DSL,Mailed check,No,72.13,3766.81,No
100284,Male,56.0,33,Month-to-month,Fiber optic,Electronic check,Yes,120.59,4129.44,No
100285,Male,18.0,52,Month-to-month,No,Electronic check,Yes,108.0,5487.77,No
100286,Female,38.0,53,One year,Fiber optic,Bank transfer,Yes,57.52,3014.23,No
100287,Male,38.0,12,One year,DSL,Credit card,Yes,59.74,785.69,No
100288,Female,30.0,32,One year,Fiber optic,Electronic check,Yes,73.57,2259.49,Yes
100289,Female,70.0,54,Month-to-month,DSL,Mailed check,Yes,79.83,4244.67,Yes
100290,Male,38.0,43,Two year,Fiber optic,Mailed check,Yes,102.16,4441.03,Yes
100291,Female,34.0,16,Month-to-month,Fiber optic,Bank transfer,Yes,87.67,1247.17,Yes
100292,Male,39.0,60,Two year,Fiber optic,Bank transfer,No,70.23,4313.23,No
100293,Female,18.0,15,Month-to-month,Fiber optic,Credit card,Yes,125.29,2012.42,Yes
100294,Male,29.0,72,Month-to-month,DSL,Electronic check,Yes,61.04,4531.81,No
100295,Female,52.0,51,Month-to-month,Fiber optic,Electronic check,Yes,102.55,5259.35,No
100296,Female,31.0,24,Month-to-month,DSL,Electronic check,No,71.07,1667.18,No
100297,Female,28.0,15,Month-to-month,Fiber optic,Credit card,Yes,82.37,1202.93,No
100298,Male,56.0,65,One year,Fiber optic,Mailed check,Yes,100.84,6580.46,No
100299,Male,56.0,38,Two year,DSL,Electronic check,Yes,110.58,4213.7,No
100300,Male,46.0,59,Month-to-month,No,Bank transfer,Yes,79.62,4663.36,Yes
100301,Male,33.0,60,Month-to-month,Fiber optic,Mailed check,No,71.78,4449.36,No
100302,Female,36.0,5,Month-to-month,DSL,Electronic check,Yes,109.0,522.84,Yes
100303,Male,29.0,50,One year,Fiber optic,Electronic check,Yes,96.35,4946.86,No
100304,Female,26.0,25,Month-to-month,DSL,Bank transfer,Yes,76.26,1915.49,No
100305,Female,25.0,66,Month-to-month,DSL,Bank transfer,Yes,97.69,6450.95,No
100306,Male,31.0,16,Month-to-month,No,Electronic check,Yes,80.06,1327.58,No
100307,Male,26.0,3,Month-to-month,Fiber optic,Electronic check,Yes,145.42,481.72,Yes
100308,Female,19.0,48,One year,Fiber optic,Electronic check,No,84.05,4021.39,No
100309,Male,42.0,40,Month-to-month,Fiber optic,Bank transfer,Yes,112.74,4560.42,No
100310,Male,42.0,40,Month-to-month,No,Electronic check,Yes,83.05,3383.88,Yes
100311,Female,61.0,19,Two year,No,Electronic check,Yes,82.97,1725.22,No
100312,Female,30.0,36,Month-to-month,DSL,Electronic check,No,62.95,2272.62,No
100313,Male,43.0,70,One year,DSL,Credit card,Yes,63.07,4344.62,No
100314,Male,43.0,55,Month-to-month,Fiber optic,Mailed check,No,96.42,5242.11,No
100315,Male,36.0,71,Two year,Fiber optic,Electronic check,No,62.29,4635.7,No
100316,Female,49.0,24,One year,Fiber optic,Mailed check,No,69.61,1501.46,Yes
100317,Female,49.0,63,Month-to-month,DSL,Bank transfer,Yes,72.38,4452.85,No
100318,Female,43.0,28,Two year,Fiber optic,Credit card,No,115.01,3222.62,No
100319,Female,36.0,68,Month-to-month,DSL,Credit card,No,74.01,4977.32,No
100320,Female,34.0,63,Month-to-month,Fiber optic,Mailed check,Yes,85.62,5467.76,No
100321,Male,21.0,12,One year,Fiber optic,Mailed check,Yes,57.53,756.19,No
100322,Male,29.0,70,One year,DSL,Electronic check,Yes,114.39,7959.18,No
100323,Female,31.0,44,Month-to-month,No,Bank transfer,Yes,99.68,4521.26,No
100324,Female,24.0,56,Month-to-month,Fiber optic,Bank transfer,No,114.49,6312.14,No
100325,Female,45.0,42,Month-to-month,Fiber optic,Electronic check,No,47.68,1936.21,Yes
100326,Male,55.0,16,One year,No,Mailed check,Yes,80.79,1434.16,No
100327,Male,27.0,71,Two year,DSL,Electronic check,No,48.54,3328.85,No
100328,Male,43.0,9,Month-to-month,DSL,Bank transfer,Yes,91.29,852.83,Yes
100329,Male,26.0,59,Two year,DSL,Electronic check,No,80.04,4863.5,No
100330,Female,35.0,16,Month-to-month,DSL,Electronic check,Yes,84.97,1125.59,Yes
100331,Female,30.0,57,One year,No,Electronic check,Yes,54.08,3052.17,Yes
100332,Male,47.0,31,Two year,Fiber optic,Electronic check,Yes,58.0,1883.28,No
100333,Male,30.0,18,One year,Fiber optic,Electronic check,No,67.98,1199.34,No
100334,Female,52.0,18,Month-to-month,Fiber optic,Bank transfer,Yes,91.7,1655.94,No
100335,Male,36.0,24,Month-to-month,No,Bank transfer,Yes,65.94,1599.48,Yes
100336,Female,31.0,65,Month-to-month,DSL,Mailed check,No,78.33,5119.6,No
100337,Female,23.0,56,One year,DSL,Mailed check,Yes,46.4,2525.87,No
100338,Male,42.0,49,Two year,No,Credit card,Yes,71.84,3589.12,No
100339,Male,51.0,46,Month-to-month,Fiber optic,Credit card,Yes,118.88,5491.43,Yes
100340,Female,43.0,31,Month-to-month,DSL,Bank transfer,No,80.31,2386.46,No
100341,Female,68.0,65,Month-to-month,Fiber optic,Bank transfer,No,93.87,6059.64,No
100342,Male,58.0,20,One year,DSL,Bank transfer,Yes,82.07,1514.22,No
100343,Female,35.0,68,One year,Fiber optic,Bank transfer,No,71.2,4860.85,No
100344,Female,35.0,28,Month-to-month,Fiber optic,Electronic check,Yes,124.79,3538.28,Yes
100345,Female,45.0,25,One year,DSL,Mailed check,Yes,80.93,2042.34,No
100346,Male,28.0,35,Month-to-month,Fiber optic,Electronic check,Yes,88.43,3144.53,Yes
100347,Female,54.0,54,One year,Fiber optic,Credit card,Yes,101.17,5475.19,No
100348,Female,44.0,52,Month-to-month,Fiber optic,Bank transfer,Yes,107.52,5659.63,Yes
100349,Male,42.0,56,Month-to-month,Fiber optic,Credit card,Yes,52.86,2948.65,No
100350,Male,48.0,7,One year,Fiber optic,Electronic check,No,85.41,661.03,No
100351,Female,61.0,12,One year,DSL,Mailed check,Yes,127.88,1418.83,Yes
100352,Male,41.0,62,Month-to-month,DSL,Bank transfer,No,113.38,6903.81,No
100353,Male,38.0,71,One year,Fiber optic,Credit card,No,81.34,5782.94,No
100354,Male,59.0,10,Month-to-month,Fiber optic,Credit card,Yes,102.2,1083.6,Yes
100355,Female,52.0,66,Month-to-month,DSL,Electronic check,No,63.83,4187.87,No
100356,Female,35.0,19,Two year,No,Credit card,No,80.84,1593.39,No
100357,Male,39.0,71,Two year,Fiber optic,Credit card,No,72.54,5178.23,No
100358,Female,42.0,72,Month-to-month,DSL,Credit card,Yes,60.12,4144.24,No
100359,Male,44.0,46,Two year,DSL,Bank transfer,Yes,57.2,2840.3,No
100360,Female,21.0,14,One year,Fiber optic,Credit card,No,126.06,1651.56,Yes
100361,Female,19.0,57,Month-to-month,DSL,Electronic check,No,59.99,3334.4,No
100362,Female,27.0,8,Month-to-month,No,Electronic check,Yes,100.54,907.78,Yes
100363,Male,26.0,25,Month-to-month,Fiber optic,Electronic check,Yes,73.21,1832.03,Yes
100364,Female,31.0,46,One year,DSL,Mailed check,Yes,58.35,2615.0,No
100365,Male,47.0,5,Two year,Fiber optic,Credit card,No,93.74,426.44,No
100366,Female,37.0,29,Month-to-month,DSL,Bank transfer,No,39.53,1067.13,No
100367,Male,42.0,58,Month-to-month,Fiber optic,Mailed check,Yes,100.62,5763.93,No
100368,Male,23.0,7,Month-to-month,DSL,Bank transfer,Yes,68.6,551.24,Yes
100369,Male,33.0,27,Month-to-month,No,Mailed check,No,58.23,1527.38,No
100370,Female,47.0,1,One year,Fiber optic,Mailed check,Yes,64.86,20.0,No
100371,Male,47.0,48,Month-to-month,No,Bank transfer,No,121.28,5753.04,No
100372,Female,30.0,6,Month-to-month,DSL,Mailed check,Yes,71.14,412.86,Yes
100373,Male,41.0,21,Month-to-month,Fiber optic,Bank transfer,Yes,82.09,1656.47,Yes
100374,Male,68.0,38,One year,Fiber optic,Credit card,Yes,105.82,3993.44,No
100375,Female,39.0,16,One year,Fiber optic,Mailed check,Yes,62.96,1038.69,Yes
100376,Male,30.0,17,One year,Fiber optic,Mailed check,Yes,112.36,1866.85,Yes
100377,Female,37.0,61,Month-to-month,No,Mailed check,Yes,71.11,4260.34,No
100378,Female,40.0,56,One year,Fiber optic,Credit card,No,49.41,2704.25,No
100379,Male,37.0,6,One year,No,Mailed check,No,58.74,477.73,No
100380,Male,39.0,62,One year,Fiber optic,Credit card,No,56.62,3706.18,No
100381,Male,20.0,34,One year,Fiber optic,Bank transfer,Yes,86.03,2929.17,Yes
100382,Female,26.0,11,Two year,Fiber optic,Electronic check,Yes,64.16,771.0,No
100383,Female,37.0,66,Month-to-month,Fiber optic,Mailed check,Yes,61.41,3968.47,No
100384,Male,37.0,25,Month-to-month,DSL,Electronic check,No,79.31,1929.64,No
100385,Male,32.0,24,Two year,No,Electronic check,Yes,73.1,1794.9,Yes
100386,Male,37.0,11,Month-to-month,Fiber optic,Electronic check,No,114.23,1043.8,Yes
100387,Male,40.0,64,Two year,Fiber optic,Bank transfer,Yes,113.12,7309.22,No
100388,Female,51.0,21,One year,No,Bank transfer,Yes,73.53,1493.32,No
100389,Female,38.0,43,Two year,Fiber optic,Mailed check,Yes,96.49,4052.06,No
100390,Male,,18,One year,DSL,Mailed check,Yes,36.81,697.52,No
100391,Female,32.0,65,Two year,Fiber optic,Mailed check,No,101.4,6720.82,No
100392,Male,46.0,57,One year,Fiber optic,Credit card,Yes,94.27,5345.22,No
100393,Male,44.0,37,Month-to-month,DSL,Credit card,Yes,95.85,3572.74,No
100394,Female,50.0,25,Month-to-month,DSL,Bank transfer,Yes,64.34,1649.33,No
100395,Female,48.0,48,Month-to-month,Fiber optic,Electronic check,No,76.56,3696.48,No
100396,Female,47.0,36,Month-to-month,Fiber optic,Credit card,Yes,76.72,2672.22,Yes
100397,Male,38.0,68,Two year,No,Credit card,No,107.86,7354.6,No
100398,Male,42.0,49,Month-to-month,Fiber optic,Electronic check,Yes,91.07,4479.0,Yes
100399,Male,53.0,2,One year,Fiber optic,Electronic check,No,46.6,20.0,Yes
100400,Male,31.0,60,Month-to-month,DSL,Electronic check,No,88.11,5363.78,No
100401,Female,31.0,14,Month-to-month,No,Bank transfer,Yes,60.42,710.55,Yes
100402,Female,41.0,22,Two year,No,Mailed check,Yes,99.11,2191.96,No
100403,Male,44.0,32,Month-to-month,No,Electronic check,Yes,85.47,2871.64,No
100404,Female,28.0,16,One year,Fiber optic,Electronic check,No,115.01,1818.22,No
100405,Male,38.0,68,Month-to-month,DSL,Mailed check,No,97.97,6567.81,No
100406,Female,38.0,71,Month-to-month,Fiber optic,Bank transfer,Yes,107.43,7677.85,No
100407,Male,18.0,12,Month-to-month,Fiber optic,Mailed check,Yes,112.36,1474.49,No
100408,Male,36.0,24,One year,Fiber optic,Electronic check,No,104.38,2405.35,No
100409,Female,37.0,27,Month-to-month,DSL,Bank transfer,No,54.65,1263.18,No
100410,Male,37.0,49,One year,DSL,Credit card,Yes,43.41,2233.53,No
100411,Male,57.0,44,One year,Fiber optic,Electronic check,No,63.24,2859.44,No
100412,Male,23.0,49,Month-to-month,No,Mailed check,Yes,90.27,4457.87,No
100413,Male,28.0,3,Month-to-month,Fiber optic,Electronic check,Yes,32.0,20.0,Yes
100414,Male,18.0,38,Month-to-month,Fiber optic,Electronic check,No,83.62,3231.35,No
100415,Male,33.0,16,One year,DSL,Credit card,No,65.35,1138.62,No
100416,Female,34.0,17,Month-to-month,Fiber optic,Credit card,Yes,114.6,2142.28,Yes
100417,Female,32.0,56,Month-to-month,Fiber optic,Electronic check,Yes,81.07,4514.59,No
100418,Male,53.0,11,Month-to-month,DSL,Electronic check,Yes,62.79,705.0,No
100419,Male,50.0,3,Month-to-month,Fiber optic,Electronic check,Yes,116.9,156.96,Yes
100420,Female,40.0,36,One year,DSL,Bank transfer,No,69.7,2596.35,Yes
100421,Female,34.0,53,Month-to-month,No,Electronic check,Yes,65.66,3564.96,No
100422,Female,52.0,37,Month-to-month,No,Mailed check,Yes,59.77,2247.84,No
100423,Female,39.0,12,Month-to-month,DSL,Electronic check,No,79.14,1056.57,No
100424,Female,28.0,56,One year,Fiber optic,Bank transfer,Yes,75.71,4169.4,No
100425,Male,18.0,28,One year,Fiber optic,Credit card,Yes,75.8,2102.77,No
100426,Male,33.0,52,Month-to-month,DSL,Electronic check,Yes,108.26,5613.4,Yes
100427,Female,49.0,15,Month-to-month,Fiber optic,Bank transfer,Yes,85.22,1377.23,Yes
100428,Female,69.0,66,One year,Fiber optic,Credit card,Yes,72.79,4905.09,No
100429,Male,40.0,21,Month-to-month,Fiber optic,Electronic check,Yes,59.12,1270.11,Yes
100430,Female,29.0,70,Month-to-month,DSL,Credit card,No,76.96,5411.08,No
100431,Male,24.0,28,Month-to-month,Fiber optic,Bank transfer,No,70.01,2009.86,Yes
100432,Female,46.0,53,Month-to-month,DSL,Mailed check,Yes,62.79,3297.59,Yes
100433,Female,18.0,37,Month-to-month,DSL,Bank transfer,Yes,50.71,1998.82,No
100434,Male,46.0,6,Month-to-month,DSL,Electronic check,Yes,76.92,420.85,No
100435,Male,50.0,8,One year,DSL,Electronic check,Yes,39.42,354.02,No
100436,Male,45.0,30,Month-to-month,DSL,Mailed check,Yes,82.29,2415.04,No
100437,Female,36.0,14,Month-to-month,Fiber optic,Bank transfer,Yes,70.34,1069.97,Yes
100438,Female,46.0,44,Month-to-month,Fiber optic,Credit card,Yes,101.92,4475.52,Yes
100439,Male,41.0,10,Month-to-month,DSL,Mailed check,No,84.13,1027.29,Yes
100440,Male,29.0,43,One year,DSL,Electronic check,Yes,74.6,3196.42,No
100441,Female,63.0,15,One year,No,Electronic check,Yes,93.15,1481.61,Yes
100442,Male,34.0,14,Two year,No,Credit card,No,110.92,1496.14,No
100443,Male,49.0,27,Month-to-month,DSL,Electronic check,No,103.71,2772.52,No
100444,Male,18.0,42,Month-to-month,Fiber optic,Credit card,Yes,51.23,2147.88,No
100445,Female,56.0,29,Month-to-month,DSL,Electronic check,No,56.87,1680.85,No
100446,Female,58.0,26,Two year,No,Electronic check,No,59.93,1490.99,No
100447,Male,39.0,25,Month-to-month,Fiber optic,Electronic check,Yes,99.97,2447.88,Yes
100448,Female,46.0,25,Month-to-month,DSL,Mailed check,Yes,58.94,1481.54,No
100449,Female,46.0,30,One year,Fiber optic,Electronic check,No,69.96,2134.68,No
100450,Male,31.0,61,Month-to-month,Fiber optic,Credit card,Yes,65.65,4001.38,No
100451,Female,46.0,42,Month-to-month,DSL,Mailed check,No,79.47,3321.59,No
100452,Female,28.0,31,Month-to-month,DSL,Electronic check,No,87.87,2604.51,No
100453,Male,31.0,54,One year,Fiber optic,Bank transfer,Yes,53.71,2945.38,No
100454,Male,54.0,38,One year,DSL,Mailed check,Yes,59.14,2323.18,Yes
100455,Female,52.0,69,Month-to-month,DSL,Bank transfer,No,24.62,1785.29,No
100456,Female,30.0,41,One year,Fiber optic,Bank transfer,Yes,32.0,1325.51,No
100457,Male,29.0,16,Month-to-month,Fiber optic,Credit card,Yes,96.12,1483.62,No
100458,Female,31.0,41,Month-to-month,Fiber optic,Mailed check,No,91.89,3738.53,No
100459,Female,49.0,56,Two year,Fiber optic,Electronic check,No,88.31,4959.25,No
100460,Male,26.0,16,One year,Fiber optic,Mailed check,Yes,123.67,1977.03,Yes
100461,Female,44.0,15,Two year,Fiber optic,Mailed check,Yes,42.11,555.58,Yes
100462,Male,49.0,44,One year,Fiber optic,Mailed check,No,32.0,1256.59,No
100463,Female,38.0,64,Month-to-month,DSL,Electronic check,No,43.92,,No
100464,Male,52.0,25,Month-to-month,DSL,Electronic check,Yes,20.0,475.08,No
100465,Male,35.0,37,Month-to-month,DSL,Credit card,Yes,56.67,2124.61,No
100466,Female,36.0,48,Month-to-month,Fiber optic,Credit card,Yes,98.57,4694.49,No
100467,Male,26.0,48,Month-to-month,Fiber optic,Electronic check,Yes,91.41,4365.04,Yes
100468,Female,52.0,11,Month-to-month,Fiber optic,Credit card,Yes,109.69,1216.64,Yes
100469,Male,29.0,29,Month-to-month,Fiber optic,Bank transfer,Yes,93.27,2845.83,No
100470,Female,44.0,72,Two year,No,Electronic check,Yes,61.9,4441.83,Yes
100471,Female,38.0,64,Month-to-month,DSL,Credit card,No,58.85,3627.02,No
100472,Female,25.0,56,Month-to-month,Fiber optic,Credit card,No,94.94,5255.03,No
100473,Male,31.0,2,One year,Fiber optic,Bank transfer,No,45.75,254.22,No
100474,Male,57.0,31,One year,Fiber optic,Bank transfer,Yes,32.0,1121.07,No
100475,Female,42.0,4,Month-to-month,Fiber optic,Electronic check,Yes,93.76,459.6,No
100476,Female,26.0,22,One year,DSL,Mailed check,Yes,77.86,1776.06,No
100477,Female,43.0,63,One year,No,Bank transfer,Yes,111.23,7071.66,No
100478,Male,37.0,28,Two year,Fiber optic,Mailed check,No,101.41,2817.97,No
100479,Female,75.0,13,Month-to-month,No,Electronic check,No,79.73,1114.55,Yes
100480,Male,43.0,52,Month-to-month,Fiber optic,Bank transfer,No,76.2,4043.96,Yes
100481,Male,34.0,55,One year,No,Credit card,Yes,51.72,2920.6,No
100482,Female,57.0,48,Month-to-month,DSL,Credit card,Yes,64.99,3065.64,No
100483,Male,18.0,59,One year,Fiber optic,Electronic check,Yes,107.88,6335.7,No
100484,Female,40.0,51,One year,DSL,Mailed check,Yes,83.59,4205.33,Yes
100485,Male,65.0,46,One year,DSL,Electronic check,Yes,95.36,4476.28,Yes
100486,Male,37.0,65,Two year,DSL,Bank transfer,No,74.67,4880.83,No
100487,Male,18.0,24,One year,Fiber optic,Electronic check,No,61.51,1511.53,Yes
100488,Female,34.0,33,Two year,Fiber optic,Credit card,Yes,113.01,3781.13,No
100489,Female,58.0,41,One year,Fiber optic,Bank transfer,No,110.75,4413.67,No
100490,Female,44.0,49,Month-to-month,DSL,Mailed check,No,76.64,3834.73,No
100491,Female,28.0,35,One year,DSL,Bank transfer,Yes,85.9,2957.82,No
100492,Female,30.0,32,One year,Fiber optic,Electronic check,Yes,96.52,3048.14,No
100493,Female,32.0,12,Two year,Fiber optic,Electronic check,Yes,72.29,792.27,No
100494,Female,44.0,46,Month-to-month,DSL,Electronic check,Yes,65.5,3020.2,No
100495,Male,56.0,9,Month-to-month,Fiber optic,Mailed check,Yes,61.26,545.33,Yes
100496,Male,53.0,35,Two year,DSL,Credit card,No,65.4,2163.8,No
100497,Male,45.0,30,Month-to-month,Fiber optic,Electronic check,Yes,109.77,3132.08,Yes
100498,Male,22.0,56,One year,Fiber optic,Bank transfer,Yes,105.03,5863.45,No
100499,Female,22.0,35,Month-to-month,Fiber optic,Electronic check,No,97.96,3501.86,Yes
100500,Male,46.0,1,Month-to-month,Fiber optic,Electronic check,Yes,107.98,172.55,Yes
100501,Male,22.0,37,Month-to-month,No,Bank transfer,Yes,62.87,2416.25,Yes
100502,Female,36.0,16,Two year,DSL,Credit card,No,42.67,664.92,No
100503,Female,43.0,28,Month-to-month,Fiber optic,Credit card,Yes,80.08,,Yes
100504,Female,24.0,22,One year,No,Bank transfer,No,70.06,1531.32,No
100505,Male,26.0,12,One year,No,Mailed check,Yes,88.89,1139.08,No
100506,Male,38.0,69,One year,Fiber optic,Electronic check,Yes,96.79,6823.64,No
100507,Female,46.0,19,Month-to-month,DSL,Electronic check,No,97.26,1806.51,No
100508,Male,53.0,37,Month-to-month,DSL,Credit card,Yes,21.63,776.39,No
100509,Male,47.0,60,One year,No,Mailed check,Yes,52.05,3125.78,No
100510,Male,40.0,27,Month-to-month,Fiber optic,Electronic check,Yes,81.72,2182.57,Yes
100511,Female,29.0,68,Month-to-month,DSL,Electronic check,Yes,83.98,5658.38,No
100512,Female,25.0,30,Two year,DSL,Electronic check,No,124.36,3719.49,No
100513,Female,32.0,69,Month-to-month,Fiber optic,Bank transfer,Yes,59.57,4039.17,No
100514,Female,44.0,33,Month-to-month,Fiber optic,Mailed check,Yes,66.25,2251.55,Yes
100515,Female,43.0,2,Two year,No,Credit card,No,61.42,255.49,No
100516,Male,18.0,63,Month-to-month,Fiber optic,Mailed check,Yes,65.36,4092.12,No
100517,Female,29.0,63,Month-to-month,Fiber optic,Credit card,Yes,61.79,4042.45,No
100518,Male,55.0,70,Month-to-month,DSL,Electronic check,Yes,73.15,5110.79,No
100519,Male,40.0,9,One year,Fiber optic,Electronic check,No,108.59,914.54,No
100520,Female,21.0,61,Two year,DSL,Electronic check,Yes,74.98,,No
100521,Male,70.0,25,One year,DSL,Electronic check,Yes,50.51,1179.57,No
100522,Male,39.0,61,Two year,DSL,Credit card,Yes,67.09,4148.65,No
100523,Male,44.0,70,Month-to-month,DSL,Credit card,Yes,46.04,3245.65,No
100524,Female,44.0,15,One year,Fiber optic,Electronic check,No,108.58,1592.37,No
100525,Male,34.0,27,Month-to-month,DSL,Mailed check,No,108.78,2891.21,No
100526,Male,30.0,20,Two year,Fiber optic,Mailed check,Yes,44.12,803.85,No
100527,Female,67.0,22,Two year,Fiber optic,Bank transfer,No,89.73,2066.9,No
100528,Male,52.0,43,Month-to-month,DSL,Electronic check,Yes,52.54,2239.17,No
100529,Female,50.0,30,Two year,Fiber optic,Electronic check,Yes,85.57,2595.11,No
100530,Female,46.0,48,One year,No,Electronic check,Yes,69.86,3352.29,Yes
100531,Female,26.0,49,Month-to-month,Fiber optic,Credit card,Yes,50.47,2453.94,No
100532,Male,56.0,15,One year,Fiber optic,Mailed check,Yes,114.22,1742.68,Yes
100533,Male,28.0,4,Two year,No,Bank transfer,Yes,68.21,318.92,No
100534,Male,43.0,54,Month-to-month,No,Credit card,Yes,60.25,3265.97,No
100535,Female,18.0,14,Month-to-month,No,Electronic check,No,74.91,1031.74,Yes
100536,Male,18.0,15,Two year,Fiber optic,Electronic check,Yes,62.24,835.8,No
100537,Male,43.0,44,Month-to-month,Fiber optic,Electronic check,Yes,79.41,3439.72,Yes
100538,Male,28.0,19,Month-to-month,Fiber optic,Bank transfer,Yes,38.07,695.78,Yes
100539,Female,18.0,14,One year,DSL,,Yes,20.0,281.44,No
100540,Male,46.0,23,One year,Fiber optic,Electronic check,Yes,59.75,1217.73,No
100541,Female,67.0,38,Month-to-month,No,Electronic check,Yes,58.69,2285.97,No
100542,Male,57.0,61,Month-to-month,DSL,Bank transfer,Yes,28.07,1741.17,No
100543,Male,36.0,72,Two year,No,Bank transfer,Yes,59.56,4235.94,No
100544,Male,39.0,53,Month-to-month,No,Electronic check,Yes,58.66,3026.51,No
100545,Female,51.0,65,One year,DSL,Bank transfer,Yes,70.46,4518.1,No
100546,Male,54.0,39,Two year,DSL,Electronic check,No,87.35,3287.52,No
100547,Male,35.0,30,Month-to-month,No,Electronic check,Yes,114.8,3413.46,No
100548,Female,39.0,60,Two year,DSL,Electronic check,Yes,82.71,4946.45,No
100549,Female,43.0,22,One year,Fiber optic,Bank transfer,Yes,59.4,1389.46,No
100550,Female,46.0,59,Two year,DSL,Bank transfer,Yes,88.66,5273.63,No
100551,Female,37.0,72,Month-to-month,DSL,Mailed check,Yes,107.02,7817.68,No
100552,Male,37.0,29,Month-to-month,DSL,Electronic check,Yes,43.99,1285.81,No
100553,Female,57.0,46,One year,DSL,Mailed check,Yes,45.38,2005.48,No
100554,Male,55.0,57,Two year,No,Mailed check,No,36.47,2235.45,No
100555,Female,45.0,57,Two year,DSL,Mailed check,Yes,57.89,3271.06,No
100556,Female,61.0,15,Month-to-month,DSL,Mailed check,Yes,81.33,1080.84,No
100557,Female,34.0,70,Month-to-month,Fiber optic,Mailed check,Yes,121.08,8495.43,No
100558,Female,60.0,37,Month-to-month,No,Electronic check,No,94.29,3345.64,No
100559,Female,46.0,4,One year,Fiber optic,Electronic check,No,93.64,366.94,Yes
100560,Female,75.0,9,Two year,Fiber optic,Electronic check,Yes,85.14,723.48,No
100561,Female,23.0,53,One year,DSL,Bank transfer,Yes,81.79,4382.0,No
100562,Male,30.0,31,Month-to-month,No,Mailed check,No,83.26,2666.88,No
100563,Male,44.0,8,Two year,Fiber optic,Bank transfer,Yes,116.58,903.41,Yes
100564,Male,44.0,38,Month-to-month,No,Electronic check,Yes,71.48,2680.59,No
100565,Female,64.0,44,Month-to-month,Fiber optic,Electronic check,Yes,90.54,4051.99,Yes
100566,Male,30.0,6,Month-to-month,No,Electronic check,No,61.79,301.73,No
100567,Male,51.0,26,Month-to-month,Fiber optic,Electronic check,Yes,86.84,2263.64,Yes
100568,Male,54.0,34,One year,Fiber optic,Bank transfer,No,77.59,2686.79,No
100569,Female,48.0,57,One year,Fiber optic,Electronic check,Yes,54.26,3021.67,No
100570,Female,27.0,47,Month-to-month,DSL,Electronic check,Yes,93.83,4382.95,No
100571,Female,57.0,7,Month-to-month,No,Electronic check,Yes,109.21,773.55,No
100572,Male,55.0,45,Month-to-month,Fiber optic,Electronic check,Yes,83.06,3857.47,Yes
100573,Male,47.0,65,One year,No,Credit card,No,80.3,5110.65,No
100574,Male,42.0,4,Month-to-month,Fiber optic,Credit card,Yes,105.54,408.73,Yes
100575,Male,42.0,72,Month-to-month,No,Mailed check,Yes,68.42,5048.08,No
100576,Male,38.0,7,Month-to-month,DSL,Electronic check,No,76.74,624.6,No
100577,Female,47.0,45,One year,No,Mailed check,Yes,66.58,2971.3,No
100578,Female,39.0,26,Month-to-month,DSL,Mailed check,Yes,58.26,1508.34,No
100579,Female,28.0,53,Month-to-month,Fiber optic,Mailed check,Yes,97.04,5184.47,No
100580,Male,25.0,61,Month-to-month,DSL,Electronic check,No,84.81,5216.62,No
100581,Male,29.0,62,Month-to-month,Fiber optic,Electronic check,Yes,107.06,6761.75,Yes
100582,Female,42.0,63,Month-to-month,Fiber optic,Electronic check,Yes,83.92,5388.79,No
100583,Male,39.0,59,Month-to-month,No,Electronic check,Yes,42.0,2353.59,No
100584,Male,42.0,23,One year,No,Mailed check,Yes,99.69,2149.32,No
100585,Male,46.0,34,Month-to-month,Fiber optic,Credit card,Yes,65.64,2182.83,No
100586,Female,31.0,52,Month-to-month,Fiber optic,Electronic check,Yes,65.2,3223.67,No
100587,Female,58.0,13,Two year,Fiber optic,Bank transfer,Yes,70.7,1037.22,No
100588,Male,36.0,42,Month-to-month,Fiber optic,Electronic check,Yes,40.41,1562.59,Yes
100589,Female,33.0,39,Month-to-month,Fiber optic,Electronic check,Yes,78.56,3036.91,No
100590,Female,45.0,71,Month-to-month,DSL,Bank transfer,No,87.48,6132.67,No
100591,Female,18.0,4,Month-to-month,DSL,Electronic check,Yes,61.16,101.8,Yes
100592,Female,29.0,7,Month-to-month,Fiber optic,Credit card,No,117.45,928.42,Yes
100593,Male,52.0,3,Two year,Fiber optic,Credit card,Yes,115.91,295.82,Yes
100594,Female,18.0,40,Month-to-month,Fiber optic,Electronic check,Yes,106.23,4420.83,Yes
100595,Male,54.0,40,One year,No,Electronic check,Yes,23.63,1071.69,Yes
100596,Female,59.0,43,Two year,DSL,Electronic check,Yes,107.84,4636.83,No
100597,Female,34.0,18,Month-to-month,No,Credit card,No,66.07,1000.69,No
100598,Female,43.0,23,One year,Fiber optic,Electronic check,Yes,125.96,2866.46,No
100599,Female,54.0,31,Month-to-month,Fiber optic,Bank transfer,No,68.9,2341.63,No
100600,Female,33.0,4,Month-to-month,Fiber optic,Electronic check,No,80.5,360.54,Yes
100601,Female,50.0,55,Two year,DSL,Mailed check,No,74.24,4068.14,No
100602,Female,30.0,4,Month-to-month,No,Electronic check,Yes,48.69,139.73,Yes
100603,Female,33.0,49,Two year,Fiber optic,Credit card,Yes,43.49,2210.86,No
100604,Male,29.0,33,One year,No,Bank transfer,No,20.0,693.27,No
100605,Female,43.0,72,Month-to-month,DSL,Electronic check,Yes,145.82,10524.59,No
100606,Female,54.0,50,Month-to-month,Fiber optic,Electronic check,No,42.28,2216.25,Yes
100607,Male,37.0,35,One year,Fiber optic,Mailed check,Yes,42.63,1589.47,No
100608,Female,22.0,51,Month-to-month,Fiber optic,Mailed check,No,98.3,5052.65,No
100609,Female,25.0,9,Month-to-month,Fiber optic,Credit card,Yes,48.4,292.78,Yes
100610,Female,44.0,14,Month-to-month,DSL,Mailed check,No,31.76,356.23,No
100611,Female,63.0,36,Month-to-month,DSL,Credit card,Yes,20.0,664.51,Yes
100612,Male,44.0,62,Two year,DSL,Electronic check,Yes,79.32,4914.49,No
100613,Female,34.0,60,Month-to-month,DSL,Credit card,Yes,45.25,2849.91,No
100614,Male,49.0,28,Month-to-month,DSL,Credit card,Yes,88.08,2650.97,No
100615,Female,36.0,21,One year,DSL,Bank transfer,No,70.1,1507.35,No
100616,Female,34.0,70,One year,Fiber optic,Credit card,Yes,86.14,6079.32,No
100617,Male,27.0,41,Two year,Fiber optic,Mailed check,Yes,72.66,2843.05,No
100618,Male,57.0,9,Two year,Fiber optic,Bank transfer,Yes,77.11,655.94,No
100619,Male,18.0,17,Month-to-month,Fiber optic,Electronic check,No,61.63,997.93,Yes
100620,Male,49.0,61,Month-to-month,DSL,Electronic check,Yes,52.0,3114.7,No
100621,Male,33.0,65,One year,Fiber optic,Mailed check,No,56.63,3733.12,No
100622,Male,34.0,66,Month-to-month,Fiber optic,Credit card,Yes,121.85,,Yes
100623,Male,61.0,1,One year,DSL,Credit card,No,62.1,20.0,No
100624,Male,30.0,60,Month-to-month,Fiber optic,Mailed check,No,32.0,1995.83,No
100625,Female,30.0,9,Two year,No,Credit card,Yes,78.47,814.54,Yes
100626,Male,37.0,59,One year,Fiber optic,Bank transfer,Yes,63.91,3796.63,No
100627,Male,44.0,64,One year,No,Bank transfer,Yes,70.89,4521.82,No
100628,Male,33.0,27,Month-to-month,DSL,Electronic check,Yes,65.26,1681.08,No
100629,Female,19.0,14,Two year,DSL,Mailed check,Yes,109.25,1454.14,No
100630,Male,28.0,52,One year,DSL,Mailed check,No,62.41,3341.71,No
100631,Female,56.0,5,One year,Fiber optic,Bank transfer,Yes,104.4,454.65,Yes
100632,Male,40.0,42,Two year,Fiber optic,Mailed check,Yes,101.76,4455.06,No
100633,Male,45.0,24,Month-to-month,Fiber optic,Credit card,Yes,49.84,1281.63,No
100634,Male,36.0,31,Month-to-month,No,Credit card,Yes,76.69,2407.96,No
100635,Male,30.0,60,Month-to-month,Fiber optic,Mailed check,Yes,65.04,4146.71,No
100636,Female,61.0,72,One year,DSL,Bank transfer,Yes,41.78,3122.98,No
100637,Male,37.0,29,One year,Fiber optic,Mailed check,No,53.88,1523.78,No
100638,Male,33.0,21,Month-to-month,DSL,Bank transfer,No,92.53,1851.0,No
100639,Female,53.0,61,Two year,Fiber optic,Mailed check,Yes,150.08,9116.72,No
100640,Female,30.0,30,Month-to-month,No,Credit card,No,51.87,1546.86,Yes
100641,Female,31.0,15,One year,Fiber optic,Credit card,Yes,89.39,1272.6,Yes
100642,Female,39.0,66,Month-to-month,DSL,Bank transfer,Yes,79.76,5162.96,No
100643,Female,39.0,72,Month-to-month,Fiber optic,Electronic check,Yes,70.75,5115.19,No
100644,Male,42.0,21,Month-to-month,DSL,Mailed check,Yes,107.19,2330.93,No
100645,Female,66.0,12,One year,DSL,Credit card,No,126.92,1690.23,No
100646,Male,43.0,11,One year,Fiber optic,Credit card,No,69.06,766.56,No
100647,Male,18.0,44,Month-to-month,DSL,Credit card,Yes,115.36,5130.07,No
100648,Female,43.0,23,Month-to-month,DSL,Bank transfer,Yes,58.33,1174.98,No
100649,Female,39.0,45,One year,Fiber optic,Bank transfer,Yes,59.74,2765.58,No
100650,Female,40.0,55,Month-to-month,Fiber optic,Electronic check,Yes,80.52,4337.8,No
100651,Male,42.0,1,One year,Fiber optic,Bank transfer,Yes,105.73,133.16,Yes
100652,Female,39.0,62,Month-to-month,No,Electronic check,Yes,69.39,4298.3,No
100653,Male,38.0,3,Two year,DSL,Credit card,Yes,90.44,249.55,No
100654,Female,47.0,9,One year,DSL,Electronic check,Yes,77.66,565.4,Yes
100655,Female,32.0,53,Month-to-month,No,Credit card,Yes,105.82,5540.33,No
100656,Female,27.0,45,One year,DSL,Mailed check,Yes,85.27,3751.24,No
100657,Female,75.0,71,Month-to-month,No,Electronic check,No,110.26,7774.99,No
100658,Female,30.0,41,Two year,Fiber optic,Bank transfer,No,62.56,2671.38,No
100659,Male,40.0,31,One year,Fiber optic,Bank transfer,Yes,78.91,2414.47,No
100660,Male,20.0,49,Month-to-month,DSL,Bank transfer,No,71.96,3465.48,No
100661,Male,41.0,55,One year,Fiber optic,Bank transfer,Yes,62.65,3504.21,No
100662,Female,27.0,49,Month-to-month,No,Mailed check,No,46.82,2323.57,No
100663,Male,33.0,27,Two year,DSL,Electronic check,Yes,81.55,2384.76,No
100664,Male,53.0,70,Two year,Fiber optic,Credit card,No,100.63,7135.1,No
100665,Female,45.0,22,One year,No,Credit card,Yes,74.82,1467.04,No
100666,Female,46.0,25,Month-to-month,Fiber optic,Bank transfer,Yes,110.48,2834.47,No
100667,Female,18.0,20,One year,DSL,Electronic check,Yes,44.42,950.15,No
100668,Female,63.0,22,Month-to-month,Fiber optic,Bank transfer,Yes,74.22,1782.19,No
100669,Female,24.0,16,Month-to-month,Fiber optic,Electronic check,Yes,54.5,854.14,No
100670,Male,59.0,42,Two year,DSL,Credit card,No,75.48,3268.83,No
100671,Female,52.0,53,Month-to-month,No,Electronic check,Yes,84.2,4430.68,No
100672,Female,47.0,31,Month-to-month,DSL,Electronic check,Yes,105.55,3298.19,Yes
100673,Female,28.0,67,Month-to-month,No,Electronic check,Yes,42.57,2757.25,No
100674,Male,41.0,35,Two year,DSL,Bank transfer,No,,2722.15,No
100675,Female,33.0,34,Two year,DSL,Bank transfer,No,107.9,3746.87,No
100676,Female,39.0,5,Month-to-month,Fiber optic,Bank transfer,Yes,58.96,295.12,Yes
100677,Female,36.0,66,Month-to-month,DSL,Electronic check,Yes,41.09,2596.67,No
100678,Male,18.0,11,One year,DSL,Credit card,No,35.14,459.85,No
100679,Female,54.0,12,Month-to-month,DSL,Mailed check,No,87.61,805.11,No
100680,Female,38.0,68,Two year,No,Electronic check,No,53.86,3589.59,No
100681,Female,33.0,38,Two year,DSL,Bank transfer,Yes,83.95,3040.63,No
100682,Male,32.0,5,One year,Fiber optic,Mailed check,Yes,78.6,500.93,No
100683,Female,44.0,32,Month-to-month,Fiber optic,Mailed check,No,129.02,4089.62,Yes
100684,Female,27.0,43,One year,Fiber optic,Mailed check,Yes,103.7,4466.2,Yes
100685,Male,18.0,1,Two year,Fiber optic,Bank transfer,Yes,63.9,91.28,No
100686,Female,44.0,55,Month-to-month,DSL,Electronic check,Yes,64.45,3617.52,No
100687,Male,46.0,49,Two year,No,Mailed check,Yes,91.7,4555.88,No
100688,Female,36.0,1,Month-to-month,Fiber optic,Mailed check,No,57.28,129.39,No
100689,Male,24.0,45,Two year,No,Bank transfer,Yes,101.55,4545.85,No
100690,Female,40.0,17,One year,Fiber optic,Electronic check,Yes,77.74,1398.36,Yes
100691,Female,20.0,53,Month-to-month,No,Electronic check,Yes,92.22,4828.67,No
100692,Female,26.0,28,Month-to-month,No,Electronic check,No,67.1,1842.62,No
100693,Female,,15,Month-to-month,Fiber optic,Mailed check,No,70.9,925.19,No
100694,Female,50.0,37,Month-to-month,No,Electronic check,Yes,54.81,2178.84,No
100695,Male,34.0,32,Two year,DSL,Bank transfer,Yes,115.31,3600.49,No
100696,Male,33.0,25,Month-to-month,DSL,Electronic check,Yes,64.62,1742.47,No
100697,Female,64.0,64,Two year,Fiber optic,Mailed check,No,161.02,10353.64,No
100698,Female,44.0,47,Month-to-month,Fiber optic,Mailed check,Yes,87.8,4144.53,No
100699,Male,43.0,36,One year,Fiber optic,Electronic check,Yes,62.73,2291.31,No
100700,Male,34.0,17,Two year,Fiber optic,Bank transfer,Yes,44.37,658.42,No
100701,Female,31.0,41,One year,Fiber optic,Bank transfer,No,114.82,4852.12,No
100702,Female,18.0,2,Two year,No,Bank transfer,No,67.16,101.77,Yes
100703,Male,52.0,64,Two year,Fiber optic,Mailed check,Yes,104.57,6783.64,No
100704,Male,45.0,1,One year,DSL,Electronic check,Yes,130.06,81.17,No
100705,Male,37.0,51,One year,Fiber optic,Electronic check,Yes,100.72,5007.89,No
100706,Female,37.0,25,Month-to-month,Fiber optic,Mailed check,No,92.43,2489.26,No
100707,Male,49.0,52,Month-to-month,No,Credit card,Yes,102.66,5284.01,No
100708,Female,19.0,27,Month-to-month,DSL,Electronic check,No,92.1,2528.27,No
100709,Male,31.0,2,Two year,DSL,Electronic check,Yes,40.43,20.0,No
100710,Male,24.0,69,One year,No,Bank transfer,Yes,105.32,7260.7,No
100711,Female,62.0,56,One year,DSL,Mailed check,Yes,70.85,4021.97,No
100712,Female,50.0,4,Two year,Fiber optic,Credit card,Yes,122.53,502.95,Yes
100713,Female,18.0,3,Month-to-month,DSL,Electronic check,Yes,84.68,245.22,Yes
100714,Female,19.0,39,Two year,Fiber optic,Credit card,Yes,113.79,4418.82,Yes
100715,Female,37.0,69,Month-to-month,No,Bank transfer,Yes,66.38,4658.57,No
100716,Female,33.0,42,Month-to-month,Fiber optic,Bank transfer,No,46.07,1818.51,No
100717,Female,22.0,1,One year,DSL,Electronic check,Yes,86.09,64.78,Yes
100718,Male,64.0,51,Month-to-month,Fiber optic,Electronic check,Yes,108.42,5658.54,Yes
100719,Male,43.0,31,One year,DSL,Electronic check,Yes,58.08,1667.04,No
100720,Female,45.0,46,One year,DSL,Bank transfer,Yes,66.92,3068.74,No
100721,Male,30.0,26,Two year,Fiber optic,Electronic check,No,32.0,732.7,No
100722,Female,48.0,1,Month-to-month,Fiber optic,Electronic check,Yes,80.12,107.21,Yes
100723,Female,34.0,2,Month-to-month,Fiber optic,Electronic check,Yes,52.74,108.45,No
100724,Male,35.0,46,Month-to-month,Fiber optic,Credit card,No,96.93,4373.82,No
100725,Female,47.0,46,Month-to-month,Fiber optic,Electronic check,Yes,92.37,4251.2,Yes
100726,Male,18.0,24,Month-to-month,Fiber optic,Mailed check,Yes,84.38,2031.04,No
100727,Female,60.0,6,Month-to-month,No,Bank transfer,Yes,105.07,575.59,Yes
100728,Male,41.0,56,Two year,DSL,Credit card,Yes,78.02,4331.63,No
100729,Male,56.0,11,Two year,No,Bank transfer,Yes,76.84,786.92,No
100730,Female,25.0,14,Two year,Fiber optic,Mailed check,No,92.04,1083.32,No
100731,Female,27.0,33,Month-to-month,Fiber optic,Electronic check,No,69.43,2374.61,Yes
100732,Male,24.0,52,One year,Fiber optic,Electronic check,Yes,108.78,5764.1,No
100733,Female,42.0,72,Month-to-month,Fiber optic,Electronic check,Yes,61.09,4240.96,Yes
100734,Female,40.0,46,Month-to-month,Fiber optic,Mailed check,No,94.57,4458.94,No
100735,Male,33.0,70,Month-to-month,No,Electronic check,No,102.47,7209.03,No
100736,Female,26.0,47,Two year,No,Mailed check,No,46.34,2078.79,No
100737,Female,23.0,62,One year,Fiber optic,Mailed check,Yes,50.44,3108.45,No
100738,Male,38.0,13,Month-to-month,Fiber optic,Bank transfer,Yes,57.9,689.2,Yes
100739,Female,33.0,5,One year,Fiber optic,Electronic check,No,129.43,730.25,No
100740,Female,30.0,49,Two year,Fiber optic,Credit card,Yes,68.77,3287.15,No
100741,Female,59.0,71,Month-to-month,DSL,Credit card,Yes,41.99,3172.35,Yes
100742,Female,38.0,54,Two year,DSL,Electronic check,Yes,81.16,4486.91,No
100743,Female,56.0,25,Month-to-month,Fiber optic,Mailed check,Yes,32.0,689.75,No
100744,Male,32.0,36,Month-to-month,DSL,Credit card,Yes,48.14,1880.5,No
100745,Female,42.0,9,Two year,Fiber optic,Credit card,Yes,119.35,1139.84,Yes
100746,Male,38.0,25,Month-to-month,DSL,Mailed check,Yes,48.12,1189.44,No
100747,Female,18.0,50,One year,DSL,Electronic check,Yes,65.48,3334.82,No
100748,Male,58.0,12,Month-to-month,Fiber optic,Credit card,No,91.35,1179.42,No
100749,Male,37.0,35,One year,Fiber optic,Bank transfer,No,91.37,3129.7,No
100750,Male,49.0,21,One year,No,Bank transfer,Yes,58.69,1307.64,Yes
100751,Female,29.0,36,Two year,DSL,Electronic check,Yes,85.66,3044.81,No
100752,Male,37.0,55,Two year,DSL,Credit card,No,108.16,6022.08,No
100753,Male,28.0,64,One year,DSL,Mailed check,No,45.46,2897.16,No
100754,Female,55.0,30,Month-to-month,Fiber optic,Mailed check,No,71.89,2066.04,No
100755,Female,43.0,60,Month-to-month,DSL,Bank transfer,Yes,69.37,4218.92,No
100756,Male,44.0,51,One year,Fiber optic,Electronic check,Yes,101.5,5142.42,No
100757,Female,57.0,67,Month-to-month,DSL,Mailed check,No,72.83,4893.52,No
100758,Male,54.0,54,Month-to-month,No,Bank transfer,Yes,68.82,3753.08,No
100759,Male,49.0,40,Two year,Fiber optic,Bank transfer,Yes,45.27,1943.03,No
100760,Female,21.0,49,Month-to-month,Fiber optic,Credit card,No,55.67,2688.61,No
100761,Male,30.0,23,Month-to-month,DSL,Mailed check,Yes,76.82,1690.53,No
100762,Female,26.0,49,Two year,DSL,Electronic check,Yes,59.15,3046.47,No
100763,Female,48.0,52,One year,Fiber optic,Electronic check,No,75.45,3923.69,No
100764,Female,41.0,44,One year,Fiber optic,Mailed check,Yes,82.45,3578.74,Yes
100765,Male,21.0,8,Month-to-month,Fiber optic,Electronic check,Yes,142.54,1172.93,Yes
100766,Female,37.0,38,Month-to-month,DSL,Mailed check,Yes,59.56,2232.35,No
100767,Female,20.0,52,One year,DSL,Mailed check,Yes,106.67,5522.74,No
100768,Male,38.0,15,Month-to-month,No,Electronic check,Yes,104.85,1804.38,No
100769,Male,18.0,57,One year,DSL,Electronic check,Yes,92.09,5160.21,No
100770,Male,46.0,61,Month-to-month,DSL,Mailed check,Yes,50.81,2969.98,No
100771,Female,44.0,39,Month-to-month,Fiber optic,Electronic check,Yes,87.43,3520.07,No
100772,Female,64.0,70,Month-to-month,DSL,Bank transfer,Yes,62.24,4322.67,No
100773,Male,50.0,62,Month-to-month,Fiber optic,Electronic check,No,134.36,8359.04,Yes
100774,Female,34.0,34,Month-to-month,Fiber optic,Credit card,Yes,94.27,3262.62,Yes
100775,Female,50.0,64,One year,Fiber optic,Mailed check,No,78.67,4877.4,No
100776,Female,21.0,68,One year,Fiber optic,Bank transfer,Yes,128.62,8848.81,No
100777,Male,26.0,8,Month-to-month,DSL,Credit card,Yes,63.19,455.0,No
100778,Male,43.0,72,One year,DSL,Credit card,Yes,85.79,6347.78,No
100779,Male,18.0,1,Month-to-month,Fiber optic,Credit card,No,101.56,29.9,Yes
100780,Female,39.0,36,Month-to-month,DSL,Electronic check,Yes,80.68,3045.39,Yes
100781,Female,26.0,68,Two year,DSL,Electronic check,Yes,69.34,4872.32,No
100782,Female,,53,One year,Fiber optic,Bank transfer,Yes,104.94,5517.77,Yes
100783,Male,25.0,20,One year,Fiber optic,Mailed check,Yes,68.25,1347.87,No
100784,Male,45.0,47,Month-to-month,DSL,Bank transfer,Yes,99.84,4664.22,No
100785,Male,39.0,16,Month-to-month,No,Bank transfer,Yes,64.96,1176.13,Yes
100786,Female,57.0,18,One year,DSL,Electronic check,Yes,105.44,1914.07,No
100787,Male,39.0,66,One year,No,Electronic check,No,98.16,6526.51,No
100788,Female,29.0,4,One year,DSL,Bank transfer,No,85.73,330.0,No
100789,Female,36.0,70,Two year,Fiber optic,Bank transfer,No,81.74,5764.29,No
100790,Male,22.0,33,Month-to-month,Fiber optic,Credit card,Yes,111.57,3730.16,No
100791,Male,44.0,5,One year,No,Bank transfer,Yes,86.28,377.69,Yes
100792,Male,47.0,57,Month-to-month,Fiber optic,Electronic check,Yes,32.0,1983.52,No
100793,Female,71.0,4,Month-to-month,No,Electronic check,No,51.56,187.91,No
100794,Female,31.0,24,Month-to-month,Fiber optic,Mailed check,No,88.22,2209.98,No
100795,Male,36.0,18,One year,Fiber optic,Electronic check,Yes,90.99,1524.26,No
100796,Male,32.0,57,Month-to-month,DSL,Bank transfer,Yes,89.68,5173.32,No
100797,Female,42.0,29,One year,DSL,Bank transfer,Yes,110.72,3306.72,No
100798,Male,44.0,48,One year,No,Credit card,Yes,86.67,4184.09,No
100799,Male,38.0,6,Month-to-month,No,Mailed check,Yes,20.0,216.83,Yes
100800,Male,53.0,51,Month-to-month,DSL,Electronic check,Yes,76.94,3860.28,No
100801,Male,31.0,52,One year,DSL,Mailed check,Yes,102.4,5367.33,No
100802,Male,52.0,21,Month-to-month,DSL,Electronic check,Yes,74.79,1433.72,No
100803,Female,46.0,64,Two year,DSL,Electronic check,Yes,77.09,4947.13,No
100804,Female,39.0,34,Month-to-month,DSL,Mailed check,No,59.64,1956.4,No
100805,Female,35.0,49,Two year,No,Mailed check,No,95.73,4684.58,No
100806,Female,71.0,14,Month-to-month,DSL,Electronic check,No,63.17,1008.51,Yes
100807,Female,28.0,68,Month-to-month,No,,No,86.82,6060.17,No
100808,Male,43.0,18,One year,No,Bank transfer,Yes,82.71,1373.36,No
100809,Male,29.0,46,Month-to-month,DSL,Electronic check,Yes,73.36,3486.63,No
100810,Female,62.0,7,Month-to-month,Fiber optic,Bank transfer,Yes,96.1,798.62,Yes
100811,Male,51.0,4,Month-to-month,Fiber optic,Electronic check,Yes,,385.38,Yes
100812,Female,30.0,10,One year,DSL,Mailed check,No,103.93,1161.52,No
100813,Female,46.0,68,One year,Fiber optic,Bank transfer,Yes,100.92,6825.21,No
100814,Male,42.0,16,Month-to-month,Fiber optic,Mailed check,No,109.99,1713.59,Yes
100815,Female,32.0,64,Month-to-month,DSL,Bank transfer,Yes,52.9,3339.74,No
100816,Female,49.0,42,Month-to-month,No,Mailed check,Yes,51.33,2220.12,Yes
100817,Male,44.0,7,Two year,DSL,Electronic check,No,73.57,506.24,No
100818,Male,42.0,32,Month-to-month,DSL,Mailed check,No,90.74,2839.26,No
100819,Female,38.0,35,One year,No,Electronic check,Yes,85.29,2925.04,No
100820,Female,45.0,20,Month-to-month,DSL,Electronic check,Yes,,1064.51,Yes
100821,Male,42.0,44,One year,DSL,Mailed check,Yes,91.51,3950.01,No
100822,Female,40.0,63,Two year,DSL,Electronic check,Yes,56.3,3607.05,No
100823,Male,31.0,64,Month-to-month,DSL,Mailed check,No,88.85,5793.96,No
100824,Female,61.0,38,One year,Fiber optic,Mailed check,Yes,91.16,3551.73,No
100825,Female,25.0,65,Month-to-month,Fiber optic,Bank transfer,No,78.37,5356.05,No
100826,Male,45.0,67,One year,Fiber optic,Credit card,Yes,70.6,4767.17,No
100827,Female,35.0,7,Month-to-month,Fiber optic,Bank transfer,No,87.33,,No
100828,Female,62.0,46,Month-to-month,DSL,Credit card,Yes,74.08,3424.22,No
100829,Female,27.0,56,Month-to-month,Fiber optic,Mailed check,No,57.84,3213.98,No
100830,Male,29.0,2,Month-to-month,No,Bank transfer,Yes,87.05,184.82,Yes
100831,Male,26.0,44,Two year,Fiber optic,Bank transfer,No,112.92,4983.45,No
100832,Male,43.0,66,One year,Fiber optic,Credit card,No,105.51,6952.53,No
100833,Male,21.0,20,Month-to-month,DSL,Bank transfer,Yes,79.88,1500.17,No
100834,Male,33.0,62,Month-to-month,Fiber optic,Credit card,Yes,72.75,4422.35,No
100835,Female,18.0,68,One year,No,Mailed check,No,75.22,5216.95,No
100836,Female,42.0,46,Month-to-month,No,Credit card,No,68.71,3235.73,No
100837,Female,32.0,46,Month-to-month,Fiber optic,Mailed check,No,87.11,4167.15,No
100838,Male,20.0,39,One year,Fiber optic,Electronic check,Yes,107.41,4153.64,No
100839,Male,53.0,30,Month-to-month,DSL,Electronic check,Yes,69.3,2035.26,No
100840,Female,22.0,33,Month-to-month,DSL,Mailed check,Yes,26.07,756.88,No
100841,Male,49.0,38,Month-to-month,DSL,Electronic check,No,91.99,3590.66,No
100842,Female,30.0,35,Month-to-month,Fiber optic,Electronic check,Yes,93.93,3207.26,Yes
100843,Female,60.0,60,One year,DSL,Electronic check,Yes,75.75,4542.22,No
100844,Male,49.0,56,One year,Fiber optic,Bank transfer,No,54.64,3088.03,No
100845,Male,26.0,26,Two year,Fiber optic,Electronic check,No,63.19,1502.23,Yes
100846,Male,27.0,37,Month-to-month,Fiber optic,Mailed check,No,66.12,2516.36,No
100847,Male,47.0,16,One year,Fiber optic,Bank transfer,No,69.41,1201.47,No
100848,Male,36.0,13,Two year,DSL,Bank transfer,Yes,59.75,801.66,No
100849,Female,37.0,27,One year,Fiber optic,Bank transfer,Yes,54.46,1462.61,No
100850,Female,56.0,5,Two year,No,Electronic check,No,125.79,626.05,No
100851,Female,29.0,62,Two year,Fiber optic,Credit card,No,121.55,7662.12,No
100852,Female,40.0,10,One year,No,Credit card,Yes,78.93,794.1,Yes
100853,Female,51.0,24,Two year,Fiber optic,Electronic check,Yes,83.16,1994.02,No
100854,Male,50.0,19,One year,Fiber optic,Electronic check,Yes,129.66,2401.74,Yes
100855,Male,37.0,15,Month-to-month,Fiber optic,Mailed check,Yes,124.59,1616.93,Yes
100856,Female,35.0,27,Two year,Fiber optic,Credit card,Yes,65.5,1867.17,No
100857,Male,18.0,52,Two year,No,Credit card,Yes,78.19,4065.62,No
100858,Male,25.0,65,Month-to-month,Fiber optic,Credit card,No,79.44,5084.82,No
100859,Female,43.0,14,Month-to-month,Fiber optic,Credit card,Yes,77.27,1271.71,Yes
100860,Female,37.0,18,Month-to-month,No,Bank transfer,No,67.86,1261.03,No
100861,Female,40.0,34,Two year,Fiber optic,Electronic check,Yes,81.86,2764.7,No
100862,Female,53.0,24,Month-to-month,DSL,Electronic check,Yes,77.27,1946.12,Yes
100863,Male,24.0,58,Month-to-month,DSL,Electronic check,No,77.41,4522.9,No
100864,Female,36.0,17,Month-to-month,No,Electronic check,Yes,107.95,1866.52,No
100865,Female,41.0,29,Month-to-month,Fiber optic,Electronic check,No,63.83,1796.29,No
100866,Female,30.0,40,Two year,No,Mailed check,No,96.17,3909.47,No
100867,Female,58.0,28,Month-to-month,DSL,Bank transfer,No,45.12,1347.99,No
100868,Female,51.0,45,Month-to-month,Fiber optic,Electronic check,No,89.92,3992.11,No
100869,Male,43.0,58,Month-to-month,Fiber optic,Credit card,No,110.08,6214.1,Yes
100870,Male,62.0,39,One year,No,Credit card,Yes,86.23,3448.48,No
100871,Male,20.0,33,One year,Fiber optic,Electronic check,Yes,76.09,2567.53,Yes
100872,Male,39.0,69,Month-to-month,DSL,Electronic check,Yes,79.12,5535.07,Yes
100873,Male,44.0,71,Month-to-month,Fiber optic,Mailed check,No,125.31,8901.17,No
100874,Male,27.0,72,Two year,Fiber optic,Credit card,Yes,69.21,5069.76,No
100875,Female,43.0,2,One year,DSL,Bank transfer,Yes,86.16,113.56,Yes
100876,Female,25.0,61,One year,DSL,Electronic check,Yes,96.13,5847.14,No
100877,Female,48.0,65,Month-to-month,No,Bank transfer,Yes,62.3,3955.28,No
100878,Female,53.0,58,Two year,DSL,Credit card,Yes,115.38,6796.21,No
100879,Female,43.0,54,One year,Fiber optic,Electronic check,Yes,135.83,7330.61,No
100880,Female,18.0,27,Month-to-month,Fiber optic,Bank transfer,No,111.35,3027.32,Yes
100881,Male,26.0,53,Two year,No,Mailed check,Yes,99.4,5307.2,No
100882,Female,46.0,42,Two year,Fiber optic,Electronic check,No,40.78,1691.29,No
100883,Male,39.0,60,One year,DSL,Credit card,No,38.98,2412.82,No
100884,Male,18.0,26,One year,DSL,Electronic check,Yes,69.89,1966.36,No
100885,Female,55.0,54,Month-to-month,DSL,Credit card,Yes,55.56,3088.41,No
100886,Female,41.0,57,Month-to-month,DSL,Bank transfer,No,87.65,4840.96,No
100887,Male,28.0,61,Month-to-month,Fiber optic,Electronic check,No,32.0,1961.88,No
100888,Male,52.0,13,One year,Fiber optic,Bank transfer,Yes,99.49,1307.34,Yes
100889,Male,30.0,63,Month-to-month,DSL,Electronic check,Yes,67.61,4371.23,No
100890,Male,30.0,16,Month-to-month,No,Electronic check,Yes,58.46,885.94,No
100891,Male,44.0,68,Two year,DSL,Electronic check,Yes,119.66,8043.24,No
100892,Female,62.0,3,Month-to-month,DSL,Credit card,Yes,64.3,268.1,Yes
100893,Female,60.0,17,Two year,Fiber optic,Credit card,Yes,43.58,739.13,No
100894,Female,44.0,44,Month-to-month,DSL,Electronic check,Yes,83.42,3614.34,Yes
100895,Female,45.0,40,Month-to-month,DSL,Mailed check,Yes,81.55,3238.59,No
100896,Female,49.0,50,Month-to-month,No,Credit card,Yes,67.65,3255.5,No
100897,Female,23.0,30,Month-to-month,No,Bank transfer,No,130.78,3938.71,Yes
100898,Male,47.0,1,Month-to-month,Fiber optic,Electronic check,No,89.25,61.91,Yes
100899,Male,29.0,45,Month-to-month,Fiber optic,Mailed check,Yes,109.37,4969.62,Yes
100900,Female,43.0,37,One year,DSL,Mailed check,No,80.08,2944.51,No
100901,Male,36.0,37,Month-to-month,No,Electronic check,No,103.76,3842.31,No
100902,Male,46.0,28,Month-to-month,Fiber optic,Mailed check,Yes,75.73,2079.46,No
100903,Male,41.0,65,Month-to-month,DSL,Bank transfer,Yes,45.41,2928.73,No
100904,Female,18.0,58,Month-to-month,DSL,Bank transfer,Yes,91.14,5184.44,No
100905,Male,41.0,14,Month-to-month,Fiber optic,Electronic check,No,91.48,1373.62,No
100906,Female,47.0,3,Month-to-month,DSL,Bank transfer,No,91.88,271.89,Yes
100907,Male,45.0,14,One year,DSL,Mailed check,Yes,56.58,613.1,No
100908,Male,38.0,4,One year,DSL,Bank transfer,Yes,84.0,193.32,No
100909,Male,60.0,52,Two year,Fiber optic,Electronic check,No,44.14,2388.66,No
100910,Male,43.0,45,One year,DSL,Mailed check,No,60.01,2696.56,No
100911,Female,45.0,34,Month-to-month,Fiber optic,Mailed check,Yes,66.38,2255.13,No
100912,Male,53.0,43,Month-to-month,DSL,Electronic check,Yes,84.4,3628.96,Yes
100913,Male,44.0,59,Month-to-month,Fiber optic,Bank transfer,No,71.89,4285.37,Yes
100914,Female,27.0,60,One year,DSL,Mailed check,Yes,37.68,2398.55,No
100915,Female,18.0,32,Month-to-month,Fiber optic,Mailed check,No,69.79,2273.34,Yes
100916,Male,33.0,43,Month-to-month,Fiber optic,Mailed check,No,98.96,4282.94,No
100917,Female,49.0,42,Two year,Fiber optic,Bank transfer,Yes,87.28,3614.34,Yes
100918,Female,34.0,69,Month-to-month,DSL,Bank transfer,Yes,53.37,3543.69,No
100919,Male,49.0,55,Month-to-month,Fiber optic,Bank transfer,No,104.98,5816.6,No
100920,Female,41.0,23,Two year,Fiber optic,Credit card,Yes,123.14,2882.19,Yes
100921,Female,56.0,64,Month-to-month,DSL,Bank transfer,Yes,94.72,6161.05,No
100922,Female,35.0,29,Month-to-month,Fiber optic,Electronic check,Yes,32.0,1082.09,Yes
100923,Male,45.0,55,Month-to-month,Fiber optic,Credit card,Yes,89.93,4841.76,No
100924,Male,46.0,71,Month-to-month,No,Electronic check,Yes,68.45,4804.69,No
100925,Male,59.0,59,Two year,Fiber optic,Bank transfer,No,33.11,2013.63,No
100926,Female,18.0,8,One year,No,Credit card,Yes,,318.03,No
100927,Female,33.0,15,Month-to-month,Fiber optic,Electronic check,Yes,103.98,1689.61,No
100928,Male,50.0,58,Month-to-month,Fiber optic,Electronic check,Yes,88.64,5123.7,No
100929,Male,59.0,9,Month-to-month,DSL,Electronic check,Yes,74.02,846.27,Yes
100930,Female,42.0,1,One year,Fiber optic,Credit card,No,67.75,72.79,Yes
100931,Female,35.0,19,Month-to-month,DSL,Mailed check,Yes,99.06,2028.63,Yes
100932,Female,49.0,36,Month-to-month,Fiber optic,Bank transfer,No,53.25,1700.38,No
100933,Male,50.0,10,One year,DSL,Electronic check,Yes,49.8,541.77,Yes
100934,Female,34.0,12,Two year,Fiber optic,Electronic check,Yes,76.06,914.82,No
100935,Male,43.0,25,Two year,Fiber optic,,Yes,45.86,958.07,No
100936,Female,54.0,44,Two year,No,Credit card,No,49.96,2196.86,No
100937,Male,64.0,40,Month-to-month,DSL,Electronic check,Yes,98.54,3830.2,Yes
100938,Male,49.0,58,One year,No,Credit card,No,50.89,2904.85,No
100939,Male,40.0,71,Two year,No,Bank transfer,Yes,91.52,6525.39,No
100940,Female,38.0,3,Month-to-month,No,Credit card,No,87.87,252.55,No
100941,Female,46.0,50,Month-to-month,Fiber optic,Mailed check,No,79.79,4021.57,No
100942,Male,37.0,12,Month-to-month,DSL,Mailed check,No,36.53,452.51,No
100943,Female,41.0,26,Two year,No,Electronic check,Yes,73.59,2125.23,Yes
100944,Male,25.0,25,Two year,Fiber optic,Mailed check,Yes,32.0,823.33,No
100945,Male,56.0,51,One year,Fiber optic,Mailed check,Yes,70.78,3619.91,No
100946,Male,24.0,19,Month-to-month,DSL,Electronic check,Yes,78.08,1521.4,No
100947,Female,33.0,65,Two year,DSL,Credit card,No,93.74,6090.74,No
100948,Male,40.0,28,Month-to-month,DSL,Electronic check,Yes,68.21,1767.32,Yes
100949,Female,65.0,59,Month-to-month,Fiber optic,Electronic check,Yes,68.8,4121.47,No
100950,Male,34.0,69,One year,Fiber optic,Bank transfer,Yes,66.8,4725.36,No
100951,Male,30.0,37,One year,No,Mailed check,Yes,60.29,2370.7,No
100952,Male,32.0,8,Two year,DSL,Electronic check,Yes,87.6,762.84,No
100953,Female,61.0,51,Month-to-month,DSL,Credit card,No,80.75,4094.05,No
100954,Male,18.0,31,Month-to-month,DSL,Electronic check,Yes,71.45,2238.61,No
100955,Female,26.0,25,Month-to-month,DSL,Mailed check,Yes,87.75,2354.52,No
100956,Female,75.0,33,Month-to-month,Fiber optic,Electronic check,Yes,84.01,2752.17,Yes
100957,Male,47.0,22,Two year,Fiber optic,Electronic check,Yes,50.63,1006.44,No
100958,Female,25.0,21,Month-to-month,No,Mailed check,Yes,44.24,1127.88,No
100959,Female,38.0,72,Month-to-month,DSL,Credit card,Yes,87.04,6175.25,No
100960,Male,40.0,21,Month-to-month,DSL,Mailed check,Yes,37.65,649.19,No
100961,Male,50.0,34,One year,Fiber optic,Electronic check,Yes,74.48,2561.04,No
100962,Male,63.0,52,Two year,DSL,Electronic check,No,69.15,3632.59,No
100963,Female,44.0,16,Month-to-month,Fiber optic,Credit card,No,58.17,971.95,No
100964,Male,32.0,45,Month-to-month,Fiber optic,Electronic check,No,42.31,1982.99,No
100965,Female,49.0,65,Two year,No,Mailed check,Yes,42.63,2756.4,No
100966,Female,30.0,59,Month-to-month,DSL,Electronic check,Yes,26.76,1565.59,No
100967,Female,26.0,3,Month-to-month,No,Electronic check,Yes,87.29,210.28,No
100968,Male,18.0,30,Month-to-month,No,Electronic check,Yes,81.94,2470.51,No
100969,Female,19.0,1,Two year,DSL,Electronic check,No,53.01,101.78,No
100970,Male,27.0,44,One year,Fiber optic,Mailed check,Yes,49.82,2273.69,No
100971,Male,24.0,24,Month-to-month,Fiber optic,Mailed check,Yes,113.16,2635.04,No
100972,Male,43.0,65,Month-to-month,DSL,Credit card,No,83.01,5283.49,No
100973,Male,23.0,13,Month-to-month,No,Electronic check,Yes,56.47,813.76,No
100974,Male,18.0,62,Month-to-month,DSL,Mailed check,Yes,101.68,6256.55,No
100975,Male,25.0,25,Month-to-month,DSL,Mailed check,No,75.44,1797.34,Yes
100976,Male,33.0,67,Month-to-month,DSL,Electronic check,Yes,79.95,5190.14,No
100977,Male,31.0,15,Month-to-month,Fiber optic,Electronic check,No,57.95,995.92,No
100978,Female,59.0,20,Month-to-month,No,Electronic check,Yes,34.09,706.61,No
100979,Male,31.0,26,Month-to-month,Fiber optic,Electronic check,No,44.75,1212.59,No
100980,Female,50.0,71,Month-to-month,Fiber optic,Mailed check,No,136.08,9701.05,No
100981,Female,39.0,53,Two year,DSL,Electronic check,Yes,51.31,2738.56,No
100982,Female,38.0,59,Month-to-month,Fiber optic,Mailed check,No,85.63,5050.08,No
100983,Female,28.0,40,Two year,Fiber optic,Mailed check,Yes,95.49,3813.27,No
100984,Female,38.0,58,Two year,Fiber optic,Mailed check,No,83.48,4753.92,No
100985,Female,29.0,46,Two year,Fiber optic,Electronic check,No,80.14,3527.56,No
100986,Female,41.0,49,Month-to-month,No,Mailed check,Yes,67.59,3514.02,No
100987,Female,36.0,61,Month-to-month,Fiber optic,Mailed check,Yes,96.0,5859.42,No
100988,Male,27.0,71,One year,Fiber optic,Credit card,Yes,58.0,4078.62,No
100989,Male,52.0,42,Month-to-month,Fiber optic,Electronic check,Yes,72.99,2993.49,Yes
100990,Female,45.0,32,Month-to-month,DSL,Electronic check,Yes,20.0,734.46,No
100991,Male,33.0,48,Month-to-month,Fiber optic,Credit card,Yes,37.42,1809.19,No
100992,Female,41.0,54,One year,Fiber optic,Electronic check,No,51.55,2705.99,No
100993,Male,38.0,72,One year,Fiber optic,Electronic check,No,105.34,7557.16,No
100994,Male,28.0,51,Month-to-month,Fiber optic,Credit card,Yes,,3964.2,No
100995,Female,40.0,69,Two year,DSL,Mailed check,Yes,89.44,6136.56,No
100996,Female,31.0,53,One year,DSL,Bank transfer,Yes,81.62,4399.22,No
100997,Female,27.0,69,Month-to-month,DSL,Electronic check,No,78.5,5607.67,No
100998,Male,18.0,55,Month-to-month,Fiber optic,Electronic check,No,60.4,3284.02,No
100999,Female,34.0,64,Month-to-month,No,Electronic check,No,73.87,4702.03,No
101000,Female,46.0,14,Two year,Fiber optic,Bank transfer,No,90.36,1190.35,Yes
101001,Female,30.0,72,One year,Fiber optic,Mailed check,Yes,139.02,9995.63,No
101002,Female,72.0,26,One year,Fiber optic,Mailed check,Yes,75.35,1782.67,No
101003,Female,51.0,58,One year,DSL,Credit card,Yes,90.31,5336.92,No
101004,Female,56.0,29,Month-to-month,DSL,Credit card,Yes,68.9,1878.03,No
101005,Male,49.0,33,Two year,DSL,Electronic check,Yes,54.44,1723.95,No
101006,Female,63.0,54,Two year,No,Mailed check,Yes,93.74,5069.5,No
101007,Female,29.0,39,One year,DSL,Bank transfer,No,119.29,4776.28,No
101008,Female,18.0,52,Month-to-month,Fiber optic,Bank transfer,Yes,90.55,4631.72,No
101009,Female,33.0,6,Month-to-month,Fiber optic,Credit card,Yes,66.92,384.72,No
101010,Female,46.0,61,Month-to-month,Fiber optic,Bank transfer,No,95.69,5863.51,Yes
101011,Male,41.0,30,Month-to-month,DSL,Bank transfer,Yes,78.99,2309.26,No
101012,Female,43.0,57,One year,No,Electronic check,Yes,127.41,7251.53,No
101013,Male,56.0,21,One year,DSL,Mailed check,Yes,90.55,1758.41,No
101014,Male,44.0,43,Two year,No,Mailed check,Yes,48.66,2044.89,No
101015,Female,49.0,43,Month-to-month,Fiber optic,Bank transfer,Yes,115.87,5093.15,No
101016,Female,27.0,11,Month-to-month,Fiber optic,Mailed check,Yes,103.38,,No
101017,Male,25.0,35,Month-to-month,Fiber optic,Mailed check,Yes,107.38,3718.36,No
101018,Male,60.0,46,Two year,Fiber optic,Mailed check,Yes,95.12,4284.34,No
101019,Male,40.0,61,One year,DSL,Credit card,Yes,97.21,5910.7,No
101020,Male,31.0,64,Month-to-month,Fiber optic,Electronic check,No,95.02,5949.55,Yes
101021,Male,31.0,28,One year,Fiber optic,Bank transfer,Yes,77.64,2156.21,No
101022,Male,31.0,47,One year,Fiber optic,Bank transfer,Yes,87.36,4069.02,No
101023,Female,30.0,13,Month-to-month,Fiber optic,Mailed check,Yes,81.1,1014.11,No
101024,Female,22.0,65,Month-to-month,Fiber optic,Mailed check,Yes,92.53,6001.75,No
101025,Female,19.0,63,Month-to-month,Fiber optic,Mailed check,Yes,85.99,5465.68,No
101026,Male,36.0,72,Month-to-month,DSL,Bank transfer,Yes,64.14,4524.6,No
101027,Male,31.0,36,Month-to-month,DSL,Electronic check,No,67.46,2514.75,No
101028,Male,53.0,26,Month-to-month,Fiber optic,Credit card,No,83.91,2282.93,No
101029,Female,43.0,55,One year,DSL,Bank transfer,No,27.47,1708.83,No
101030,Male,42.0,53,One year,DSL,Electronic check,No,97.61,5200.0,No
101031,Male,29.0,16,Month-to-month,Fiber optic,Electronic check,Yes,92.7,,Yes
101032,Male,37.0,39,Two year,DSL,Electronic check,Yes,56.71,2299.57,No
101033,Female,44.0,47,Month-to-month,DSL,Electronic check,Yes,86.78,4095.8,No
101034,Male,48.0,33,One year,No,Electronic check,Yes,59.3,1847.36,No
101035,Male,38.0,27,Month-to-month,Fiber optic,Electronic check,Yes,71.3,2005.67,No
101036,Female,53.0,18,One year,Fiber optic,Credit card,Yes,93.37,1702.24,No
101037,Female,39.0,30,Month-to-month,Fiber optic,Bank transfer,No,119.77,3753.96,No
101038,Male,49.0,18,Month-to-month,Fiber optic,Credit card,Yes,91.0,1704.62,No
101039,Male,33.0,22,Month-to-month,No,Mailed check,No,52.6,1252.22,No
101040,Female,18.0,14,One year,DSL,Bank transfer,No,63.2,832.75,No
101041,Female,42.0,28,One year,DSL,Credit card,Yes,93.23,2632.45,No
101042,Female,48.0,46,One year,DSL,Electronic check,Yes,82.11,3603.94,No
101043,Male,46.0,28,Month-to-month,No,Bank transfer,Yes,95.99,2737.63,No
101044,Male,44.0,11,One year,DSL,Credit card,Yes,81.84,1009.84,No
101045,Female,34.0,58,One year,Fiber optic,Credit card,No,103.27,6114.93,No
101046,Male,29.0,32,Month-to-month,Fiber optic,Mailed check,No,134.32,4266.3,Yes
101047,Male,46.0,43,Month-to-month,No,Credit card,Yes,38.19,1478.93,No
101048,Female,45.0,38,Month-to-month,DSL,Mailed check,Yes,132.18,4974.46,No
101049,Female,32.0,37,Two year,Fiber optic,Electronic check,No,107.41,3967.16,Yes
101050,Male,53.0,32,Month-to-month,No,Electronic check,Yes,137.62,4440.63,Yes
101051,Female,28.0,55,Month-to-month,DSL,Mailed check,No,47.42,2425.45,No
101052,Male,31.0,62,Two year,Fiber optic,Electronic check,Yes,93.56,5791.31,No
101053,Female,60.0,66,Two year,DSL,Electronic check,Yes,75.98,4921.31,No
101054,Female,50.0,32,Month-to-month,DSL,Electronic check,Yes,94.09,3141.07,Yes
101055,Male,34.0,25,Two year,DSL,Credit card,Yes,83.74,1883.36,No
101056,Female,43.0,6,Month-to-month,DSL,Credit card,Yes,80.94,576.78,No
101057,Male,41.0,32,Two year,DSL,Credit card,Yes,91.47,2912.68,No
101058,Female,18.0,72,Month-to-month,Fiber optic,Mailed check,Yes,81.33,5671.54,No
101059,Male,27.0,19,Month-to-month,Fiber optic,Credit card,No,71.1,1501.87,Yes
101060,Male,38.0,61,Two year,Fiber optic,Mailed check,Yes,95.33,5936.65,No
101061,Female,34.0,55,Month-to-month,Fiber optic,Mailed check,No,,4020.25,Yes
101062,Female,42.0,48,Two year,No,Mailed check,Yes,68.86,3313.66,No
101063,Male,54.0,41,Month-to-month,DSL,Electronic check,Yes,35.97,1414.33,No
101064,Female,35.0,55,Month-to-month,DSL,Bank transfer,Yes,73.4,4042.86,No
101065,Female,25.0,8,Two year,DSL,Mailed check,No,48.78,439.38,No
101066,Male,43.0,10,Month-to-month,No,Credit card,Yes,71.18,662.98,No
101067,Female,35.0,15,Two year,No,Electronic check,Yes,44.85,595.55,No
101068,Female,37.0,56,Two year,Fiber optic,Electronic check,No,,4721.5,No
101069,Male,35.0,32,Month-to-month,DSL,Electronic check,Yes,94.49,3041.27,Yes
101070,Male,68.0,15,Month-to-month,Fiber optic,Electronic check,No,69.1,1119.84,No
101071,Female,18.0,4,Month-to-month,Fiber optic,Credit card,No,60.67,379.75,Yes
101072,Male,34.0,36,Month-to-month,DSL,Mailed check,Yes,91.54,3372.51,No
101073,Female,39.0,29,Month-to-month,DSL,Electronic check,Yes,94.83,2646.36,Yes
101074,Female,29.0,13,Month-to-month,DSL,Bank transfer,No,82.6,1072.63,No
101075,Male,51.0,2,Two year,Fiber optic,Mailed check,No,72.36,179.55,No
101076,Male,50.0,55,Month-to-month,No,Electronic check,Yes,56.26,3167.13,No
101077,Female,38.0,57,One year,DSL,Mailed check,No,63.71,3708.7,No
101078,Male,35.0,18,Month-to-month,No,Electronic check,No,70.52,1264.14,No
101079,Male,38.0,36,Month-to-month,Fiber optic,Bank transfer,Yes,40.86,1426.82,No
101080,Female,38.0,19,Month-to-month,Fiber optic,Credit card,No,59.42,1219.76,No
101081,Female,38.0,30,Month-to-month,No,Electronic check,Yes,103.27,3132.09,No
101082,Female,37.0,8,One year,Fiber optic,Bank transfer,Yes,89.19,738.85,Yes
101083,Female,42.0,69,Month-to-month,DSL,Bank transfer,No,102.67,,No
101084,Female,49.0,52,Two year,DSL,Electronic check,No,97.39,5253.26,No
101085,Male,23.0,65,One year,Fiber optic,Mailed check,Yes,76.19,4974.76,No
101086,Female,25.0,22,Month-to-month,Fiber optic,Electronic check,Yes,76.57,1676.73,Yes
101087,Female,18.0,63,Two year,DSL,Electronic check,Yes,96.16,6080.5,No
101088,Female,50.0,38,Two year,Fiber optic,Mailed check,Yes,102.97,3901.01,No
101089,Female,42.0,15,Month-to-month,DSL,Electronic check,Yes,96.69,1334.36,Yes
101090,Male,46.0,24,Two year,DSL,Mailed check,Yes,71.66,1746.72,No
101091,Female,20.0,59,Month-to-month,No,Bank transfer,Yes,75.56,4327.4,No
101092,Male,62.0,56,One year,Fiber optic,Mailed check,Yes,77.61,4355.44,No
101093,Female,31.0,52,Month-to-month,DSL,Credit card,No,70.66,3530.93,No
101094,Male,41.0,17,Two year,Fiber optic,Electronic check,No,66.86,942.73,No
101095,Male,50.0,47,Two year,No,Mailed check,Yes,70.13,3351.28,No
101096,Male,26.0,68,Two year,DSL,Bank transfer,Yes,68.0,4524.67,No
101097,Female,32.0,4,Two year,DSL,Mailed check,No,60.53,281.2,Yes
101098,Female,41.0,24,Month-to-month,Fiber optic,Credit card,Yes,103.78,2505.96,Yes
101099,Male,75.0,6,One year,DSL,Electronic check,Yes,36.74,233.66,Yes
101100,Male,43.0,8,Month-to-month,DSL,Electronic check,Yes,80.44,587.08,No
101101,Male,60.0,72,Month-to-month,DSL,Mailed check,No,48.96,3513.33,No
101102,Male,55.0,18,Month-to-month,DSL,Mailed check,Yes,50.8,855.33,Yes
101103,Female,44.0,13,Two year,Fiber optic,Bank transfer,No,64.95,929.38,No
101104,Male,26.0,6,One year,DSL,Bank transfer,No,83.77,459.15,No
101105,Male,53.0,71,Month-to-month,Fiber optic,Electronic check,No,32.0,2249.64,No
101106,Male,20.0,34,Two year,Fiber optic,Bank transfer,No,88.22,3066.5,No
101107,Male,60.0,57,One year,DSL,Bank transfer,No,73.14,4113.04,No
101108,Female,42.0,19,Month-to-month,DSL,Mailed check,No,47.75,746.04,No
101109,Female,18.0,47,Month-to-month,No,Electronic check,Yes,76.56,3502.83,No
101110,Male,35.0,64,One year,Fiber optic,Credit card,No,53.67,3529.9,No
101111,Female,48.0,49,One year,Fiber optic,Bank transfer,Yes,82.91,4070.02,No
101112,Male,36.0,38,Month-to-month,Fiber optic,Electronic check,Yes,52.73,2030.03,Yes
101113,Male,48.0,16,Month-to-month,No,Electronic check,Yes,123.26,1998.78,Yes
101114,Male,28.0,17,Month-to-month,DSL,Bank transfer,No,93.54,1751.12,No
101115,Male,22.0,43,Month-to-month,DSL,Credit card,Yes,78.16,3174.12,No
101116,Male,38.0,33,Month-to-month,Fiber optic,Mailed check,Yes,60.12,,No
101117,Female,39.0,4,Month-to-month,DSL,Credit card,Yes,65.11,263.15,Yes
101118,Female,34.0,15,Month-to-month,Fiber optic,Mailed check,Yes,78.15,1170.43,No
101119,Female,55.0,32,One year,DSL,Mailed check,Yes,78.05,2569.56,No
101120,Male,28.0,13,Month-to-month,Fiber optic,Bank transfer,Yes,93.96,1295.72,Yes
101121,Male,43.0,40,Month-to-month,Fiber optic,Electronic check,Yes,89.62,3565.35,Yes
101122,Male,40.0,22,Month-to-month,Fiber optic,Electronic check,No,92.56,1884.26,No
101123,Male,19.0,21,Two year,Fiber optic,Bank transfer,No,79.75,1900.51,No
101124,Male,22.0,8,Month-to-month,DSL,Electronic check,Yes,80.56,643.92,No
101125,Female,39.0,37,Month-to-month,DSL,Electronic check,Yes,56.05,2081.72,No
101126,Female,65.0,14,Month-to-month,Fiber optic,Electronic check,No,57.41,917.35,Yes
101127,Female,47.0,46,One year,DSL,Electronic check,Yes,118.2,5401.8,No
101128,Female,18.0,68,Month-to-month,Fiber optic,Electronic check,No,94.4,6535.45,No
101129,Female,18.0,66,Month-to-month,Fiber optic,Electronic check,No,129.15,8496.31,No
101130,Female,49.0,49,Two year,Fiber optic,Credit card,Yes,77.13,3943.99,No
101131,Male,38.0,59,One year,DSL,Bank transfer,No,132.27,7844.91,No
101132,Female,54.0,67,Month-to-month,Fiber optic,Bank transfer,Yes,85.99,5700.54,Yes
101133,Female,28.0,50,Month-to-month,Fiber optic,Electronic check,No,112.65,5828.73,No
101134,Female,44.0,19,Two year,DSL,Electronic check,Yes,72.82,1437.8,No
101135,Female,50.0,37,Two year,No,Credit card,No,76.12,2761.64,No
101136,Male,33.0,62,One year,DSL,Bank transfer,Yes,69.12,4158.8,No
101137,Female,33.0,49,One year,Fiber optic,Credit card,Yes,71.68,3575.1,No
101138,Male,39.0,27,Two year,DSL,Electronic check,Yes,96.51,2730.34,No
101139,Female,46.0,13,Two year,Fiber optic,Mailed check,No,83.78,1123.98,Yes
101140,Female,39.0,11,Month-to-month,Fiber optic,Mailed check,No,104.76,1182.07,Yes
101141,Female,52.0,28,Two year,DSL,Electronic check,No,94.59,2788.8,No
101142,Male,33.0,58,One year,Fiber optic,Credit card,No,119.36,6976.73,No
101143,Female,22.0,40,One year,DSL,Electronic check,Yes,82.53,3241.99,No
101144,Female,65.0,5,Month-to-month,Fiber optic,Mailed check,No,46.23,175.81,No
101145,Male,31.0,67,Month-to-month,Fiber optic,Electronic check,Yes,75.99,5141.33,Yes
101146,Male,32.0,30,One year,Fiber optic,Bank transfer,Yes,83.37,2546.29,No
101147,Female,38.0,29,One year,Fiber optic,Bank transfer,Yes,84.31,2542.91,No
101148,Female,40.0,59,Month-to-month,DSL,Mailed check,No,104.96,6225.82,No
101149,Female,34.0,28,One year,DSL,Credit card,Yes,100.41,2872.67,No
101150,Female,39.0,45,Month-to-month,No,Electronic check,Yes,68.38,3108.43,No
101151,Male,38.0,67,Month-to-month,Fiber optic,Credit card,Yes,144.75,9785.03,No
101152,Female,41.0,38,One year,Fiber optic,Bank transfer,Yes,75.28,2927.77,No
101153,Male,18.0,45,One year,Fiber optic,Credit card,Yes,77.31,3455.7,No
101154,Female,63.0,26,Month-to-month,Fiber optic,Bank transfer,No,56.69,1456.99,No
101155,Male,37.0,65,Month-to-month,DSL,Mailed check,No,33.02,2175.45,No
101156,Female,47.0,6,Month-to-month,DSL,Mailed check,No,42.5,265.09,No
101157,Male,21.0,20,One year,Fiber optic,Credit card,Yes,109.34,2305.08,No
101158,Female,33.0,72,Two year,DSL,Credit card,Yes,90.54,6537.95,No
101159,Male,30.0,35,One year,DSL,Mailed check,Yes,49.91,1618.74,No
101160,Male,58.0,13,One year,Fiber optic,Bank transfer,No,86.5,1018.12,No
101161,Female,31.0,30,Month-to-month,Fiber optic,Mailed check,Yes,104.16,3103.28,Yes
101162,Male,49.0,19,Month-to-month,Fiber optic,Electronic check,Yes,33.17,695.19,Yes
101163,Female,31.0,38,Two year,Fiber optic,Electronic check,Yes,128.31,4810.51,Yes
101164,Female,33.0,17,Month-to-month,Fiber optic,Bank transfer,Yes,110.31,1933.89,No
101165,Female,36.0,29,Month-to-month,DSL,Bank transfer,No,92.26,2606.51,No
101166,Male,56.0,66,Month-to-month,Fiber optic,Bank transfer,Yes,114.05,7541.59,Yes
101167,Male,18.0,6,One year,Fiber optic,Mailed check,Yes,32.96,235.07,Yes
101168,Male,22.0,55,Month-to-month,Fiber optic,Electronic check,Yes,78.54,4216.8,No
101169,Female,18.0,6,Month-to-month,No,Electronic check,Yes,103.46,656.37,No
101170,Female,25.0,33,One year,DSL,Electronic check,No,71.82,2515.46,No
101171,Female,28.0,49,Month-to-month,Fiber optic,Electronic check,No,102.57,5008.15,No
101172,Female,18.0,69,Month-to-month,DSL,Bank transfer,No,108.2,7472.68,No
101173,Male,29.0,19,Two year,DSL,Bank transfer,Yes,89.59,1725.01,No
101174,Male,18.0,4,Two year,Fiber optic,Credit card,No,77.56,318.4,No
101175,Male,26.0,55,Month-to-month,DSL,Electronic check,Yes,86.39,4753.61,Yes
101176,Male,55.0,65,Month-to-month,DSL,Credit card,Yes,30.22,1959.51,No
101177,Male,44.0,41,Month-to-month,Fiber optic,Mailed check,Yes,96.26,3805.59,No
101178,Male,41.0,5,Month-to-month,DSL,Electronic check,Yes,90.74,494.46,No
101179,Male,26.0,37,Two year,Fiber optic,Bank transfer,Yes,87.77,3150.74,No
101180,Male,19.0,29,One year,DSL,Credit card,No,101.04,2964.04,No
101181,Female,24.0,33,Month-to-month,Fiber optic,Electronic check,No,90.97,3065.12,No
101182,Female,38.0,4,One year,Fiber optic,Bank transfer,Yes,87.67,387.3,Yes
101183,Female,50.0,23,Month-to-month,Fiber optic,Electronic check,Yes,129.81,2906.1,Yes
101184,Male,51.0,72,Month-to-month,Fiber optic,Electronic check,No,60.05,4351.99,Yes
101185,Male,47.0,4,Two year,No,Electronic check,Yes,106.8,407.97,No
101186,Male,29.0,66,Month-to-month,DSL,Electronic check,No,104.82,6865.03,No
101187,Male,,38,Month-to-month,Fiber optic,Bank transfer,Yes,105.13,4180.66,No
101188,Female,35.0,43,Two year,No,Electronic check,No,61.89,2580.43,No
101189,Female,36.0,68,Month-to-month,Fiber optic,Bank transfer,Yes,92.57,6339.29,No
101190,Male,65.0,16,Month-to-month,No,Credit card,Yes,51.89,967.56,No
101191,Male,18.0,71,Month-to-month,Fiber optic,Credit card,Yes,69.95,5000.9,No
101192,Male,36.0,20,Month-to-month,Fiber optic,Electronic check,Yes,87.29,1690.44,Yes
101193,Male,55.0,26,Month-to-month,DSL,Electronic check,Yes,49.91,1248.05,Yes
101194,Female,20.0,33,Month-to-month,DSL,Mailed check,Yes,66.17,2057.88,No
101195,Female,31.0,44,Month-to-month,Fiber optic,Electronic check,Yes,56.45,2492.21,No
101196,Female,32.0,24,Month-to-month,Fiber optic,Electronic check,No,100.32,2419.4,No
101197,Female,36.0,58,One year,Fiber optic,Mailed check,Yes,124.87,7219.9,No
101198,Female,18.0,2,Two year,No,Bank transfer,Yes,126.92,381.98,No
101199,Female,47.0,48,One year,DSL,Electronic check,Yes,46.16,2212.32,No
101200,Female,48.0,48,One year,Fiber optic,Electronic check,No,62.55,2862.9,No
101201,Female,46.0,39,Two year,No,Credit card,Yes,70.75,2895.73,No
101202,Male,28.0,45,Month-to-month,No,Credit card,No,92.56,4061.84,Yes
101203,Female,40.0,54,Month-to-month,Fiber optic,Bank transfer,No,81.7,4461.08,Yes
101204,Female,27.0,66,Month-to-month,Fiber optic,Mailed check,Yes,110.94,7383.12,Yes
101205,Female,35.0,16,Month-to-month,No,Bank transfer,Yes,88.15,1406.95,No
101206,Female,67.0,35,Two year,Fiber optic,Electronic check,Yes,42.65,1580.51,No
101207,Female,40.0,41,Month-to-month,DSL,Credit card,No,76.24,3136.55,Yes
101208,Female,24.0,25,Two year,DSL,Electronic check,Yes,43.87,1068.19,No
101209,Male,41.0,71,Month-to-month,Fiber optic,Bank transfer,Yes,72.72,4979.31,No
101210,Female,21.0,37,Month-to-month,Fiber optic,Electronic check,No,76.54,2679.95,No
101211,Female,23.0,43,Month-to-month,Fiber optic,Bank transfer,No,105.37,4782.59,No
101212,Female,25.0,15,Month-to-month,Fiber optic,Bank transfer,Yes,86.1,1361.55,Yes
101213,Male,33.0,30,Month-to-month,Fiber optic,Bank transfer,Yes,75.18,2372.36,No
101214,Female,51.0,46,One year,Fiber optic,Mailed check,Yes,139.22,6634.46,Yes
101215,Male,47.0,31,Month-to-month,DSL,Bank transfer,No,52.48,1598.57,No
101216,Male,46.0,56,Two year,Fiber optic,Mailed check,Yes,94.01,5256.21,No
101217,Female,25.0,10,Two year,DSL,Bank transfer,Yes,91.49,770.75,No
101218,Female,32.0,12,Month-to-month,Fiber optic,Mailed check,No,91.0,1070.3,Yes
101219,Female,43.0,25,Two year,Fiber optic,Mailed check,No,64.33,1584.19,No
101220,Male,31.0,23,Month-to-month,Fiber optic,Bank transfer,Yes,63.06,1419.58,Yes
101221,Female,35.0,59,Month-to-month,Fiber optic,Electronic check,No,102.3,6134.71,No
101222,Female,45.0,63,Month-to-month,No,Bank transfer,Yes,100.91,6426.12,No
101223,Female,34.0,34,One year,No,Electronic check,No,73.47,2585.22,No
101224,Female,42.0,37,Month-to-month,DSL,Bank transfer,Yes,41.84,1442.7,No
101225,Male,60.0,22,One year,DSL,Mailed check,Yes,75.03,1657.64,No
101226,Female,37.0,39,Two year,DSL,Credit card,Yes,112.64,4428.27,No
101227,Male,54.0,51,Month-to-month,DSL,Electronic check,Yes,49.62,2703.12,Yes
101228,Female,46.0,53,Two year,DSL,Mailed check,Yes,66.83,3556.87,No
101229,Male,20.0,70,Month-to-month,No,Electronic check,No,76.22,5325.05,Yes
101230,Male,25.0,42,Month-to-month,No,Credit card,Yes,101.98,4385.33,Yes
101231,Female,28.0,25,Month-to-month,DSL,Electronic check,Yes,61.53,1519.38,No
101232,Female,28.0,6,Month-to-month,Fiber optic,Mailed check,Yes,98.87,639.9,No
101233,Female,38.0,50,Month-to-month,No,Electronic check,No,109.54,5521.01,Yes
101234,Female,47.0,58,One year,Fiber optic,Bank transfer,Yes,49.72,2841.33,No
101235,Female,55.0,40,Month-to-month,No,Electronic check,Yes,41.99,1621.75,Yes
101236,Male,43.0,67,Month-to-month,No,Mailed check,Yes,72.42,4849.3,Yes
101237,Male,33.0,23,One year,No,Electronic check,Yes,99.28,2244.49,No
101238,Male,18.0,4,One year,Fiber optic,Electronic check,No,95.09,245.51,Yes
101239,Male,40.0,46,Two year,Fiber optic,Electronic check,No,113.51,5286.4,No
101240,Male,39.0,9,Month-to-month,DSL,Mailed check,Yes,32.21,341.22,No
101241,Female,41.0,7,One year,No,Electronic check,Yes,83.41,517.02,Yes
101242,Female,66.0,51,Month-to-month,DSL,Credit card,Yes,20.0,944.42,No
101243,Female,55.0,32,One year,Fiber optic,Mailed check,Yes,119.94,3882.06,No
101244,Male,49.0,44,Month-to-month,DSL,Bank transfer,Yes,104.49,4755.25,No
101245,Female,26.0,54,Month-to-month,Fiber optic,Electronic check,Yes,78.55,4333.57,Yes
101246,Female,32.0,28,Two year,DSL,Electronic check,Yes,20.0,668.06,No
101247,Female,38.0,44,One year,Fiber optic,Credit card,Yes,81.54,3560.36,No
101248,Male,29.0,39,One year,Fiber optic,Bank transfer,No,114.67,4509.52,No
101249,Male,46.0,42,Month-to-month,Fiber optic,Bank transfer,Yes,97.11,4066.7,Yes
101250,Female,44.0,51,One year,Fiber optic,Bank transfer,No,132.99,6717.14,No
101251,Male,25.0,28,Month-to-month,Fiber optic,Electronic check,Yes,79.35,2239.41,No
101252,Male,55.0,37,Month-to-month,Fiber optic,Credit card,No,137.51,5009.77,Yes
101253,Male,,43,Month-to-month,No,Mailed check,Yes,24.19,973.11,No
101254,Female,18.0,11,Month-to-month,No,Credit card,Yes,55.77,573.41,No
101255,Female,38.0,16,Month-to-month,Fiber optic,Bank transfer,Yes,54.36,839.3,Yes
101256,Male,43.0,7,One year,No,Electronic check,Yes,93.14,649.33,No
101257,Male,52.0,15,Month-to-month,Fiber optic,Mailed check,Yes,56.45,660.78,Yes
101258,Female,,32,Two year,Fiber optic,Credit card,Yes,111.9,3496.89,Yes
101259,Female,50.0,68,Two year,Fiber optic,Electronic check,Yes,103.89,7205.9,No
101260,Female,41.0,67,Month-to-month,Fiber optic,Mailed check,Yes,91.24,6112.28,Yes
101261,Male,22.0,55,One year,Fiber optic,Bank transfer,No,83.89,4664.48,No
101262,Female,21.0,41,Month-to-month,Fiber optic,Electronic check,Yes,60.38,2513.03,No
101263,Male,54.0,15,Two year,DSL,Electronic check,Yes,89.72,1336.06,No
101264,Female,55.0,26,Month-to-month,Fiber optic,Bank transfer,Yes,73.94,1842.98,Yes
101265,Male,43.0,56,Month-to-month,Fiber optic,Credit card,No,105.76,5873.07,No
101266,Male,58.0,66,Month-to-month,Fiber optic,Mailed check,No,124.01,8360.92,Yes
101267,Male,53.0,70,Two year,No,Credit card,Yes,66.83,4630.11,No
101268,Male,48.0,28,Month-to-month,DSL,Electronic check,Yes,107.56,3166.63,No
101269,Female,27.0,36,Two year,DSL,Electronic check,Yes,79.3,2817.42,No
101270,Male,62.0,37,Month-to-month,Fiber optic,Electronic check,Yes,101.47,3725.66,Yes
101271,Male,46.0,5,One year,DSL,Mailed check,Yes,41.49,214.33,No
101272,Male,34.0,9,Month-to-month,DSL,Bank transfer,Yes,57.38,500.57,No
101273,Female,30.0,4,Month-to-month,Fiber optic,Electronic check,Yes,69.11,191.97,Yes
101274,Female,42.0,54,Month-to-month,DSL,Mailed check,Yes,108.19,5840.98,No
101275,Female,18.0,17,Month-to-month,Fiber optic,Bank transfer,Yes,77.77,1189.6,No
101276,Female,48.0,51,One year,DSL,Bank transfer,Yes,90.25,4635.55,No
101277,Female,27.0,28,One year,DSL,Bank transfer,Yes,72.64,2054.15,No
101278,Female,44.0,58,Month-to-month,Fiber optic,Bank transfer,Yes,77.62,4567.52,Yes
101279,Male,32.0,9,Month-to-month,No,Credit card,No,37.74,294.94,No
101280,Female,36.0,24,Month-to-month,Fiber optic,Bank transfer,Yes,38.81,997.89,No
101281,Female,29.0,15,One year,DSL,Credit card,Yes,66.07,1029.81,No
101282,Female,37.0,32,One year,Fiber optic,Credit card,Yes,79.53,2556.44,Yes
101283,Male,64.0,41,Two year,Fiber optic,Credit card,No,64.57,2825.31,No
101284,Female,57.0,13,Two year,Fiber optic,Electronic check,No,90.17,1214.58,No
101285,Male,44.0,49,Month-to-month,DSL,Mailed check,Yes,123.63,6016.12,No
101286,Male,39.0,70,Month-to-month,DSL,Mailed check,Yes,111.86,7968.47,No
101287,Female,50.0,4,Two year,Fiber optic,Electronic check,Yes,86.12,390.4,Yes
101288,Male,54.0,7,Month-to-month,Fiber optic,Mailed check,No,86.99,769.02,No
101289,Male,28.0,69,Month-to-month,Fiber optic,Electronic check,Yes,101.55,6840.0,No
101290,Female,38.0,47,Month-to-month,Fiber optic,Mailed check,Yes,91.68,4281.91,No
101291,Male,18.0,67,One year,Fiber optic,Credit card,Yes,101.59,6779.7,No
101292,Female,54.0,51,One year,Fiber optic,Mailed check,Yes,92.39,4541.93,No
101293,Male,66.0,52,Two year,Fiber optic,Credit card,No,87.85,4583.13,No
101294,Male,40.0,12,Month-to-month,Fiber optic,Bank transfer,Yes,69.2,796.94,Yes
101295,Female,18.0,37,Month-to-month,DSL,Credit card,Yes,82.24,2862.98,No
101296,Female,47.0,27,Month-to-month,No,Electronic check,No,20.0,471.04,No
101297,Male,27.0,61,One year,Fiber optic,Credit card,No,91.8,5724.57,No
101298,Female,30.0,4,Month-to-month,Fiber optic,Electronic check,Yes,33.5,215.79,Yes
101299,Female,47.0,2,Two year,Fiber optic,Credit card,Yes,91.82,119.58,Yes
101300,Male,42.0,41,Month-to-month,No,Electronic check,No,48.71,1930.43,No
101301,Female,33.0,70,One year,DSL,Electronic check,No,105.13,7436.58,No
101302,Male,31.0,72,Two year,No,Electronic check,Yes,75.41,5252.62,No
101303,Female,41.0,43,Month-to-month,DSL,Bank transfer,Yes,73.22,3201.88,No
101304,Female,34.0,31,One year,DSL,Credit card,Yes,83.33,2418.37,No
101305,Female,25.0,20,Month-to-month,No,Bank transfer,Yes,51.58,1179.38,No
101306,Female,35.0,72,Two year,DSL,Bank transfer,Yes,101.23,7347.81,No
101307,Male,43.0,14,Two year,Fiber optic,Electronic check,Yes,102.52,1269.32,Yes
101308,Male,37.0,10,One year,Fiber optic,Credit card,Yes,71.41,679.86,No
101309,Male,21.0,37,Month-to-month,No,Mailed check,No,46.72,1757.2,No
101310,Female,52.0,29,Two year,Fiber optic,Credit card,Yes,74.66,1986.32,No
101311,Female,18.0,36,Two year,DSL,Bank transfer,Yes,69.31,2491.24,No
101312,Male,33.0,65,One year,Fiber optic,Electronic check,No,56.88,3740.54,Yes
101313,Female,31.0,20,Two year,DSL,Electronic check,No,60.58,1025.43,No
101314,Female,41.0,64,Month-to-month,Fiber optic,Bank transfer,Yes,69.21,4496.59,No
101315,Female,46.0,16,Month-to-month,Fiber optic,Credit card,Yes,78.94,1251.81,No
101316,Male,54.0,24,Month-to-month,Fiber optic,Bank transfer,Yes,79.14,1981.87,Yes
101317,Female,30.0,1,Month-to-month,Fiber optic,Credit card,Yes,96.2,75.1,Yes
101318,Female,47.0,49,Month-to-month,No,Credit card,Yes,72.78,3471.08,No
101319,Male,42.0,62,One year,Fiber optic,Electronic check,Yes,94.05,5727.18,No
101320,Male,18.0,64,Month-to-month,No,Mailed check,No,78.22,4977.99,No
101321,Male,64.0,13,Month-to-month,DSL,Bank transfer,Yes,67.13,855.7,No
101322,Male,20.0,56,One year,Fiber optic,Electronic check,No,101.09,5756.81,Yes
101323,Female,44.0,11,One year,Fiber optic,Bank transfer,No,32.0,326.86,No
101324,Female,44.0,46,Two year,DSL,Electronic check,Yes,63.03,2758.95,No
101325,Female,43.0,51,Month-to-month,Fiber optic,Bank transfer,Yes,69.73,3515.03,No
101326,Male,33.0,11,Two year,Fiber optic,Mailed check,No,86.98,819.6,Yes
101327,Female,50.0,8,Month-to-month,Fiber optic,Credit card,No,68.14,576.61,Yes
101328,Male,19.0,6,Month-to-month,DSL,Mailed check,Yes,85.72,566.51,No
101329,Female,38.0,52,One year,DSL,Mailed check,Yes,90.13,4754.29,No
101330,Male,32.0,45,Month-to-month,DSL,Electronic check,Yes,37.4,1655.77,No
101331,Male,30.0,9,One year,DSL,Credit card,Yes,77.59,635.33,No
101332,Female,45.0,37,Month-to-month,DSL,Mailed check,No,39.98,1433.29,No
101333,Male,53.0,58,Month-to-month,No,Mailed check,Yes,83.99,4863.2,No
101334,Female,35.0,18,Month-to-month,DSL,Credit card,Yes,60.34,1040.29,No
101335,Female,49.0,44,Month-to-month,Fiber optic,Mailed check,Yes,63.89,2956.02,No
101336,Female,40.0,22,Month-to-month,No,Electronic check,Yes,29.24,610.34,Yes
101337,Female,27.0,19,Month-to-month,DSL,Electronic check,No,69.7,1315.09,Yes
101338,Male,36.0,29,Month-to-month,No,Mailed check,Yes,43.05,1180.82,No
101339,Female,35.0,26,One year,DSL,Electronic check,Yes,34.91,842.07,No
101340,Male,30.0,36,Month-to-month,Fiber optic,Electronic check,Yes,88.65,3076.83,Yes
101341,Female,45.0,15,One year,No,Electronic check,Yes,96.23,1350.88,No
101342,Male,42.0,29,One year,Fiber optic,Mailed check,Yes,93.86,2890.43,Yes
101343,Male,18.0,45,Month-to-month,DSL,Mailed check,Yes,36.23,1679.3,No
101344,Female,18.0,28,Month-to-month,DSL,Mailed check,Yes,68.58,1889.74,No
101345,Male,45.0,48,One year,DSL,Mailed check,No,89.01,4213.39,No
101346,Female,28.0,9,Two year,No,Mailed check,No,68.59,728.49,No
101347,Female,43.0,10,Month-to-month,DSL,Electronic check,Yes,80.14,726.19,Yes
101348,Female,49.0,63,Two year,Fiber optic,Credit card,No,73.07,4450.12,No
101349,Female,22.0,34,Month-to-month,Fiber optic,Mailed check,No,74.38,2571.69,No
101350,Female,21.0,44,Month-to-month,Fiber optic,Credit card,Yes,67.51,2887.03,No
101351,Male,61.0,54,Month-to-month,Fiber optic,Mailed check,No,99.3,5246.69,No
101352,Male,44.0,11,Month-to-month,Fiber optic,Electronic check,Yes,100.88,1011.36,Yes
101353,Male,34.0,71,Month-to-month,Fiber optic,Bank transfer,Yes,70.12,5015.87,No
101354,Female,27.0,31,Month-to-month,Fiber optic,Electronic check,No,102.87,3179.59,Yes
101355,Male,32.0,65,Month-to-month,Fiber optic,Credit card,No,48.33,3052.85,No
101356,Male,24.0,31,One year,Fiber optic,Mailed check,Yes,79.72,2513.58,Yes
101357,Male,50.0,30,Month-to-month,Fiber optic,Electronic check,Yes,50.16,1430.32,No
101358,Male,29.0,44,One year,Fiber optic,Mailed check,Yes,55.7,2303.59,No
101359,Male,53.0,14,Two year,Fiber optic,Bank transfer,Yes,49.86,580.33,Yes
101360,Male,34.0,44,Month-to-month,Fiber optic,Electronic check,No,67.61,2976.82,No
101361,Male,25.0,71,Month-to-month,DSL,Electronic check,Yes,87.49,6141.27,No
101362,Male,33.0,47,Month-to-month,DSL,Credit card,Yes,70.04,3301.35,No
101363,Male,18.0,6,Two year,Fiber optic,Electronic check,No,69.4,516.52,Yes
101364,Male,37.0,51,Month-to-month,No,Electronic check,Yes,67.66,3393.96,No
101365,Female,37.0,3,Month-to-month,DSL,Electronic check,Yes,20.59,301.74,No
101366,Male,50.0,8,Two year,Fiber optic,Bank transfer,Yes,98.3,811.26,No
101367,Male,18.0,21,Month-to-month,Fiber optic,Mailed check,Yes,32.0,656.13,No
101368,Male,54.0,22,Month-to-month,Fiber optic,Bank transfer,Yes,66.32,1338.92,Yes
101369,Female,50.0,1,Two year,DSL,Credit card,Yes,70.03,38.66,No
101370,Female,55.0,2,Two year,No,Electronic check,No,83.14,143.91,No
101371,Female,38.0,57,Month-to-month,DSL,Electronic check,Yes,77.97,4512.67,No
101372,Male,52.0,33,Month-to-month,No,Electronic check,No,70.76,2281.46,Yes
101373,Male,20.0,15,Month-to-month,DSL,Mailed check,Yes,108.44,1665.51,Yes
101374,Male,48.0,31,Month-to-month,DSL,Electronic check,No,122.37,3797.25,Yes
101375,Female,29.0,50,Month-to-month,DSL,Mailed check,No,72.18,3696.73,No
101376,Female,18.0,53,Month-to-month,DSL,Credit card,No,69.5,3778.33,No
101377,Female,24.0,21,One year,No,Electronic check,Yes,68.01,1458.23,No
101378,Female,39.0,13,One year,Fiber optic,Credit card,Yes,68.73,962.34,No
101379,Female,28.0,70,Two year,DSL,Credit card,No,81.4,5799.12,No
101380,Female,44.0,46,Two year,No,Mailed check,No,103.79,4822.7,No
101381,Female,18.0,71,Month-to-month,DSL,Credit card,No,20.0,1445.0,No
101382,Male,18.0,23,Month-to-month,DSL,Bank transfer,Yes,67.76,1595.31,Yes
101383,Male,57.0,9,Month-to-month,DSL,Electronic check,Yes,109.21,1127.94,No
101384,Female,51.0,28,Month-to-month,Fiber optic,Mailed check,Yes,93.83,2637.38,Yes
101385,Male,25.0,24,Month-to-month,No,Electronic check,Yes,82.34,2041.77,No
101386,Male,39.0,52,One year,DSL,Mailed check,No,31.98,1602.09,No
101387,Female,52.0,52,Month-to-month,Fiber optic,Credit card,Yes,101.55,5415.68,Yes
101388,Male,44.0,6,Month-to-month,DSL,Mailed check,Yes,97.23,623.84,Yes
101389,Female,41.0,43,Month-to-month,DSL,Mailed check,Yes,77.0,3279.92,No
101390,Female,53.0,25,Two year,Fiber optic,Bank transfer,No,67.61,1683.94,No
101391,Male,30.0,45,One year,Fiber optic,Credit card,Yes,95.07,4258.49,Yes
101392,Female,39.0,29,Month-to-month,Fiber optic,Electronic check,Yes,58.05,1683.9,No
101393,Female,39.0,39,Month-to-month,DSL,Electronic check,No,42.75,1686.13,No
101394,Female,35.0,52,Two year,DSL,Electronic check,No,92.05,4768.89,No
101395,Male,34.0,22,Month-to-month,Fiber optic,Credit card,Yes,111.4,2307.88,Yes
101396,Female,40.0,15,One year,Fiber optic,,Yes,65.43,1141.15,Yes
101397,Female,39.0,51,One year,Fiber optic,Electronic check,Yes,54.87,2822.34,Yes
101398,Female,25.0,69,One year,DSL,Bank transfer,Yes,50.05,3477.86,No
101399,Male,49.0,32,Month-to-month,Fiber optic,Mailed check,Yes,88.94,2841.76,Yes
101400,Male,26.0,72,Two year,DSL,Electronic check,Yes,42.89,3169.8,No
101401,Female,36.0,14,Month-to-month,Fiber optic,Credit card,Yes,116.1,1629.74,Yes
101402,Male,35.0,59,Month-to-month,Fiber optic,Bank transfer,Yes,72.38,4242.44,Yes
101403,Male,44.0,72,Month-to-month,DSL,Electronic check,No,81.16,5821.29,No
101404,Male,18.0,22,Month-to-month,Fiber optic,Credit card,No,65.42,1551.86,No
101405,Male,51.0,11,Month-to-month,Fiber optic,Electronic check,Yes,98.6,1102.81,No
101406,Male,30.0,48,One year,Fiber optic,Electronic check,Yes,100.65,4828.04,Yes
101407,Male,55.0,63,Two year,No,Mailed check,Yes,30.05,1853.96,No
101408,Female,33.0,6,Month-to-month,Fiber optic,Electronic check,Yes,67.01,373.21,No
101409,Male,38.0,47,Two year,DSL,Mailed check,Yes,68.08,3297.02,No
101410,Male,64.0,63,Two year,Fiber optic,Electronic check,Yes,70.87,4382.34,No
101411,Male,35.0,3,Month-to-month,Fiber optic,Electronic check,No,105.79,377.64,No
101412,Female,55.0,38,One year,DSL,Credit card,No,57.07,2232.26,No
101413,Male,40.0,6,Two year,Fiber optic,Electronic check,No,101.87,630.63,Yes
101414,Female,44.0,13,One year,DSL,Mailed check,Yes,84.12,1076.47,No
101415,Female,40.0,36,Month-to-month,DSL,Electronic check,No,69.3,2361.42,Yes
101416,Female,50.0,24,Two year,DSL,Credit card,Yes,90.91,2241.61,No
101417,Female,30.0,7,One year,No,Electronic check,Yes,33.55,91.29,Yes
101418,Male,26.0,58,Month-to-month,Fiber optic,Electronic check,Yes,82.46,4797.7,Yes
101419,Female,31.0,15,Month-to-month,Fiber optic,Credit card,No,64.64,974.29,Yes
101420,Male,40.0,63,Month-to-month,DSL,Electronic check,Yes,69.33,4436.91,No
101421,Female,36.0,13,Month-to-month,No,Credit card,Yes,60.26,702.77,No
101422,Female,48.0,38,Month-to-month,No,Mailed check,Yes,73.5,2707.94,No
101423,Female,56.0,53,Month-to-month,Fiber optic,Credit card,Yes,84.24,4512.83,No
101424,Female,26.0,35,Two year,Fiber optic,Electronic check,No,87.47,3046.08,No
101425,Male,29.0,31,One year,No,Credit card,Yes,76.46,2188.72,No
101426,Female,20.0,55,Month-to-month,DSL,Electronic check,No,86.33,4747.59,No
101427,Female,65.0,1,Month-to-month,DSL,Electronic check,No,40.53,203.23,Yes
101428,Female,43.0,60,Month-to-month,Fiber optic,Bank transfer,Yes,96.73,5853.18,No
101429,Male,45.0,50,Month-to-month,Fiber optic,Electronic check,No,46.18,2202.3,No
101430,Female,22.0,56,One year,Fiber optic,Electronic check,No,32.0,1834.27,No
101431,Male,39.0,31,Month-to-month,Fiber optic,Mailed check,Yes,133.31,4221.06,No
101432,Male,46.0,28,Two year,DSL,Electronic check,Yes,48.53,1203.59,No
101433,Male,36.0,42,Month-to-month,Fiber optic,Electronic check,Yes,72.8,3031.73,No
101434,Female,53.0,47,Month-to-month,Fiber optic,Mailed check,Yes,37.41,1875.23,No
101435,Male,69.0,67,Two year,DSL,Mailed check,No,60.64,3925.7,No
101436,Male,27.0,62,Month-to-month,Fiber optic,Mailed check,Yes,89.17,5503.35,Yes
101437,Male,26.0,4,Month-to-month,DSL,Bank transfer,No,78.07,292.91,Yes
101438,Female,28.0,11,Month-to-month,No,Electronic check,Yes,41.83,422.73,Yes
101439,Male,60.0,69,One year,DSL,Mailed check,Yes,60.91,4326.62,No
101440,Female,53.0,28,Month-to-month,DSL,Electronic check,No,81.22,2384.17,No
101441,Female,37.0,42,Two year,Fiber optic,Electronic check,No,89.96,3751.1,No
101442,Female,39.0,5,One year,DSL,Electronic check,Yes,75.21,284.51,Yes
101443,Female,28.0,8,Two year,Fiber optic,Mailed check,Yes,103.01,938.65,No
101444,Male,51.0,30,One year,Fiber optic,Electronic check,No,,2508.14,Yes
101445,Male,34.0,52,One year,No,Bank transfer,Yes,106.81,5552.61,No
101446,Male,36.0,56,One year,DSL,Electronic check,Yes,64.67,3680.46,No
101447,Female,47.0,65,Month-to-month,DSL,Electronic check,No,89.36,5866.68,No
101448,Female,37.0,15,One year,DSL,Electronic check,Yes,90.25,1275.04,Yes
101449,Female,36.0,15,One year,No,Mailed check,Yes,31.02,411.84,No
101450,Male,39.0,40,Month-to-month,No,Bank transfer,No,83.02,3321.31,No
101451,Male,49.0,40,One year,DSL,Bank transfer,Yes,56.0,2066.0,No
101452,Male,60.0,3,Month-to-month,DSL,Credit card,Yes,46.78,109.5,Yes
101453,Male,47.0,33,Month-to-month,DSL,Electronic check,Yes,61.39,1954.56,No
101454,Male,49.0,65,Month-to-month,DSL,Electronic check,Yes,76.04,4958.03,No
101455,Female,36.0,12,Month-to-month,DSL,Credit card,Yes,32.88,293.21,No
101456,Male,30.0,60,Month-to-month,No,Bank transfer,No,72.67,4398.85,No
101457,Female,48.0,33,Month-to-month,DSL,Electronic check,Yes,66.56,2216.51,No
101458,Male,41.0,38,Month-to-month,No,Electronic check,Yes,97.95,3712.93,Yes
101459,Male,21.0,47,Month-to-month,DSL,Mailed check,No,56.16,2681.75,No
101460,Female,35.0,51,Month-to-month,No,Electronic check,No,101.75,5242.56,No
101461,Female,38.0,46,Month-to-month,Fiber optic,Mailed check,No,93.67,4287.41,No
101462,Male,32.0,8,Two year,DSL,Electronic check,Yes,71.16,572.47,No
101463,Male,58.0,22,One year,Fiber optic,Credit card,Yes,115.84,2487.4,Yes
101464,Male,45.0,61,Month-to-month,DSL,Mailed check,No,120.06,7261.53,No
101465,Female,57.0,3,Month-to-month,No,Bank transfer,No,66.74,342.47,Yes
101466,Male,42.0,52,Month-to-month,Fiber optic,Electronic check,No,65.5,3387.8,Yes
101467,Female,40.0,38,Month-to-month,No,Bank transfer,Yes,82.72,3142.3,No
101468,Male,27.0,9,Month-to-month,No,Credit card,No,36.42,320.83,Yes
101469,Female,39.0,9,One year,DSL,Electronic check,No,39.47,388.67,No
101470,Male,39.0,71,One year,Fiber optic,Mailed check,Yes,116.67,8234.61,No
101471,Female,21.0,3,Month-to-month,Fiber optic,Electronic check,Yes,98.3,254.6,Yes
101472,Female,32.0,2,One year,DSL,Mailed check,Yes,50.55,185.43,No
101473,Male,35.0,2,Month-to-month,Fiber optic,Credit card,No,162.0,190.14,Yes
101474,Male,44.0,46,Two year,DSL,Bank transfer,Yes,37.45,1739.52,No
101475,Female,45.0,67,Two year,Fiber optic,Bank transfer,Yes,99.49,6591.95,Yes
101476,Male,31.0,13,Month-to-month,Fiber optic,Electronic check,Yes,64.09,652.36,Yes
101477,Male,45.0,58,One year,DSL,Credit card,No,116.53,6751.43,No
101478,Male,37.0,52,Two year,No,Bank transfer,Yes,58.73,2950.06,No
101479,Male,18.0,17,Month-to-month,No,Electronic check,No,64.88,982.96,No
101480,Male,33.0,6,Month-to-month,DSL,Credit card,Yes,26.78,394.3,No
101481,Male,53.0,36,One year,DSL,Electronic check,Yes,124.07,4515.31,No
101482,Male,18.0,6,Month-to-month,Fiber optic,Electronic check,Yes,68.55,462.3,No
101483,Male,40.0,9,Month-to-month,DSL,Credit card,Yes,84.0,751.21,No
101484,Male,60.0,34,One year,Fiber optic,Electronic check,Yes,84.12,2752.61,Yes
101485,Male,29.0,59,Month-to-month,Fiber optic,Electronic check,Yes,70.21,4127.5,Yes
101486,Female,39.0,72,Month-to-month,DSL,Electronic check,No,20.0,1408.03,No
101487,Male,22.0,46,Two year,DSL,Credit card,No,66.29,2876.16,No
101488,Male,60.0,20,Month-to-month,DSL,Electronic check,No,65.21,1465.42,No
101489,Male,38.0,24,Month-to-month,DSL,Electronic check,No,79.97,1911.23,No
101490,Female,40.0,45,One year,Fiber optic,Electronic check,Yes,137.64,6118.85,Yes
101491,Male,57.0,13,Month-to-month,DSL,Electronic check,No,88.11,1156.51,Yes
101492,Male,48.0,38,One year,No,Electronic check,Yes,,3428.92,Yes
101493,Male,28.0,56,One year,Fiber optic,Credit card,Yes,76.37,4192.31,No
101494,Male,31.0,61,Month-to-month,DSL,Bank transfer,Yes,39.17,2527.65,No
101495,Male,45.0,5,Month-to-month,Fiber optic,Credit card,Yes,77.02,338.32,No
101496,Male,31.0,21,Two year,Fiber optic,Bank transfer,No,65.64,1376.81,No
101497,Female,18.0,19,Two year,Fiber optic,Electronic check,Yes,82.75,1581.57,No
101498,Female,38.0,40,Month-to-month,Fiber optic,Electronic check,Yes,71.65,2850.33,No
101499,Male,20.0,14,Month-to-month,DSL,Mailed check,Yes,30.06,372.36,No
101500,Female,60.0,69,Month-to-month,DSL,Electronic check,Yes,,7357.45,No
101501,Female,41.0,67,Two year,DSL,Bank transfer,No,68.48,4521.47,No
101502,Male,27.0,24,Two year,DSL,Electronic check,Yes,63.75,1449.55,No
101503,Male,30.0,30,Month-to-month,Fiber optic,Bank transfer,Yes,56.38,1735.56,No
101504,Male,18.0,32,Two year,No,Electronic check,No,60.11,1807.88,No
101505,Female,25.0,4,Month-to-month,Fiber optic,Mailed check,Yes,62.42,341.59,No
101506,Male,52.0,64,Month-to-month,No,Credit card,Yes,42.15,2679.5,No
101507,Female,68.0,57,One year,Fiber optic,Electronic check,No,88.07,5031.6,No
101508,Male,48.0,24,Month-to-month,DSL,Electronic check,No,60.28,1473.32,Yes
101509,Female,38.0,40,One year,No,Electronic check,Yes,90.72,3598.24,Yes
101510,Female,33.0,28,Month-to-month,DSL,Electronic check,Yes,62.99,1846.13,Yes
101511,Male,27.0,17,One year,DSL,Mailed check,Yes,74.87,1331.27,No
101512,Male,66.0,22,Two year,No,Credit card,Yes,74.16,1678.0,Yes
101513,Female,37.0,8,Month-to-month,Fiber optic,Credit card,Yes,93.62,612.67,No
101514,Male,67.0,59,Month-to-month,No,Bank transfer,Yes,50.97,,No
101515,Male,57.0,48,One year,DSL,Bank transfer,Yes,94.48,4525.02,No
101516,Female,18.0,67,Month-to-month,Fiber optic,Electronic check,No,54.5,3807.89,No
101517,Male,30.0,1,One year,DSL,Credit card,No,73.06,20.0,No
101518,Male,30.0,46,One year,Fiber optic,Mailed check,No,53.88,2421.04,No
101519,Male,38.0,41,Month-to-month,No,Electronic check,Yes,68.98,2925.52,No
101520,Male,38.0,45,Two year,Fiber optic,Credit card,Yes,106.27,4697.66,No
101521,Female,75.0,72,Month-to-month,Fiber optic,Mailed check,Yes,97.89,6988.89,No
101522,Female,25.0,29,Month-to-month,No,Electronic check,Yes,98.46,3006.0,No
101523,Male,42.0,11,Month-to-month,No,Bank transfer,Yes,64.42,741.54,No
101524,Male,47.0,1,One year,DSL,Electronic check,No,94.72,171.94,No
101525,Female,39.0,36,Two year,DSL,Electronic check,Yes,54.69,2033.87,No
101526,Male,40.0,13,Month-to-month,No,Electronic check,Yes,60.54,797.56,No
101527,Male,25.0,11,Month-to-month,Fiber optic,Mailed check,Yes,87.25,967.98,Yes
101528,Male,40.0,11,Month-to-month,Fiber optic,Electronic check,Yes,105.25,1237.55,No
101529,Male,46.0,20,One year,DSL,Electronic check,Yes,58.32,1090.17,No
101530,Female,43.0,9,Month-to-month,DSL,Mailed check,Yes,89.38,960.48,No
101531,Male,46.0,35,Month-to-month,No,Electronic check,Yes,77.78,2674.23,No
101532,Male,57.0,48,Month-to-month,Fiber optic,Mailed check,Yes,92.42,4528.24,No
101533,Female,51.0,21,Month-to-month,Fiber optic,Mailed check,Yes,62.63,1360.76,Yes
101534,Male,40.0,10,One year,DSL,Electronic check,No,62.38,574.54,No
101535,Female,24.0,42,Month-to-month,DSL,Electronic check,No,69.66,2969.24,No
101536,Male,31.0,7,Month-to-month,Fiber optic,Electronic check,Yes,92.44,658.55,Yes
101537,Male,36.0,54,Month-to-month,No,Mailed check,Yes,51.81,2638.84,No
101538,Male,42.0,28,Month-to-month,DSL,Credit card,No,39.7,1103.79,No
101539,Female,33.0,30,Month-to-month,DSL,Electronic check,No,20.0,487.62,No
101540,Female,27.0,18,Month-to-month,Fiber optic,Electronic check,No,102.65,1893.37,Yes
101541,Male,24.0,21,Month-to-month,DSL,Electronic check,Yes,95.6,1994.86,No
101542,Male,18.0,11,Month-to-month,Fiber optic,Bank transfer,No,33.76,450.33,No
101543,Male,36.0,41,Month-to-month,Fiber optic,Electronic check,No,85.89,3458.78,No
101544,Female,20.0,11,One year,DSL,Bank transfer,Yes,62.57,571.64,No
101545,Male,26.0,49,Month-to-month,Fiber optic,Bank transfer,Yes,114.43,5510.21,Yes
101546,Female,34.0,19,Month-to-month,DSL,Electronic check,No,66.74,1449.87,No
101547,Female,22.0,41,One year,Fiber optic,Mailed check,No,97.64,4275.85,No
101548,Female,44.0,39,Month-to-month,Fiber optic,Credit card,Yes,73.37,3041.55,No
101549,Male,49.0,46,Month-to-month,No,Electronic check,Yes,54.82,2383.11,No
101550,Male,32.0,55,One year,Fiber optic,Mailed check,Yes,103.18,5550.98,No
101551,Male,33.0,41,Month-to-month,Fiber optic,Mailed check,No,110.96,4453.5,Yes
101552,Female,46.0,62,Two year,DSL,Electronic check,Yes,40.28,2567.03,No
101553,Female,30.0,19,Month-to-month,Fiber optic,Bank transfer,Yes,112.56,2328.35,Yes
101554,Female,29.0,55,Two year,DSL,Electronic check,Yes,47.63,2701.08,No
101555,Male,55.0,25,Two year,Fiber optic,Electronic check,Yes,32.0,817.1,No
101556,Male,50.0,46,Month-to-month,DSL,Mailed check,No,72.27,3241.22,No
101557,Female,47.0,36,Month-to-month,Fiber optic,Credit card,No,96.68,3454.77,No
101558,Female,51.0,66,One year,Fiber optic,Electronic check,Yes,46.11,3051.24,No
101559,Female,18.0,20,Month-to-month,Fiber optic,Bank transfer,Yes,34.43,768.04,No
101560,Female,57.0,38,Month-to-month,Fiber optic,Electronic check,Yes,71.63,2677.02,No
101561,Male,44.0,12,Two year,Fiber optic,Bank transfer,Yes,68.29,855.59,No
101562,Male,52.0,46,One year,Fiber optic,Mailed check,Yes,118.24,5463.8,No
101563,Male,44.0,3,Two year,No,Mailed check,Yes,72.3,225.93,No
101564,Female,40.0,30,Two year,Fiber optic,Credit card,Yes,102.36,3035.21,No
101565,Female,35.0,1,Two year,DSL,Bank transfer,No,77.24,88.13,No
101566,Male,44.0,24,One year,No,Electronic check,No,111.22,2660.65,Yes
101567,Female,35.0,35,One year,DSL,Credit card,Yes,49.71,1669.48,No
101568,Female,50.0,24,Two year,DSL,Electronic check,No,69.8,1754.81,No
101569,Female,18.0,28,One year,DSL,Bank transfer,Yes,32.77,1059.28,No
101570,Female,32.0,11,Month-to-month,Fiber optic,Bank transfer,Yes,104.28,1162.39,No
101571,Male,66.0,52,One year,Fiber optic,Credit card,Yes,111.85,5812.06,No
101572,Male,31.0,58,Month-to-month,Fiber optic,Mailed check,Yes,105.82,6205.85,No
101573,Female,36.0,33,Two year,Fiber optic,Bank transfer,Yes,80.88,2685.72,No
101574,Female,28.0,4,One year,Fiber optic,Bank transfer,No,46.76,289.67,No
101575,Male,43.0,5,Month-to-month,DSL,Mailed check,No,69.84,358.77,No
101576,Male,29.0,49,Month-to-month,Fiber optic,Credit card,Yes,67.06,3338.69,No
101577,Female,37.0,67,Month-to-month,Fiber optic,Electronic check,No,107.07,7329.7,No
101578,Female,50.0,63,Month-to-month,Fiber optic,Electronic check,No,73.33,4733.88,No
101579,Male,30.0,30,One year,Fiber optic,Bank transfer,No,72.8,2169.89,No
101580,Female,49.0,36,One year,Fiber optic,Electronic check,Yes,138.35,5077.93,Yes
101581,Male,50.0,12,Month-to-month,Fiber optic,Credit card,Yes,103.98,1151.66,Yes
101582,Male,53.0,6,Month-to-month,DSL,Electronic check,No,98.9,575.31,Yes
101583,Female,41.0,56,Month-to-month,No,Mailed check,No,59.2,3390.22,No
101584,Male,75.0,31,Month-to-month,DSL,Bank transfer,Yes,44.49,1516.87,No
101585,Female,53.0,36,Two year,DSL,Credit card,No,98.67,3484.49,No
101586,Male,43.0,25,Two year,Fiber optic,Bank transfer,Yes,121.3,3030.04,No
101587,Female,28.0,23,One year,No,Electronic check,Yes,39.84,916.59,No
101588,Male,38.0,71,Month-to-month,Fiber optic,Electronic check,No,71.06,5036.96,No
101589,Female,58.0,59,Month-to-month,Fiber optic,Bank transfer,No,61.14,3497.8,No
101590,Male,61.0,50,Two year,No,Credit card,Yes,84.04,4247.07,No
101591,Female,58.0,29,Two year,Fiber optic,Bank transfer,No,111.16,3108.84,No
101592,Male,49.0,52,Month-to-month,Fiber optic,Mailed check,Yes,74.79,3991.48,No
101593,Male,23.0,25,One year,Fiber optic,Electronic check,Yes,74.72,1989.48,No
101594,Male,45.0,38,Month-to-month,Fiber optic,Mailed check,Yes,35.08,1275.57,No
101595,Female,23.0,11,Month-to-month,Fiber optic,Mailed check,Yes,60.14,547.32,No
101596,Male,20.0,52,Two year,No,Electronic check,Yes,109.68,5700.46,No
101597,Female,42.0,5,Two year,DSL,Electronic check,Yes,84.32,374.81,No
101598,Female,46.0,53,Two year,DSL,Bank transfer,Yes,95.16,5024.61,No
101599,Female,51.0,44,Month-to-month,Fiber optic,Mailed check,Yes,74.87,3302.52,Yes
101600,Female,45.0,5,Month-to-month,Fiber optic,Electronic check,Yes,77.17,302.13,Yes
101601,Male,46.0,37,Two year,Fiber optic,Credit card,Yes,84.47,3274.7,No
101602,Female,26.0,17,One year,No,Electronic check,Yes,80.11,1304.16,No
101603,Female,38.0,35,Month-to-month,Fiber optic,Bank transfer,Yes,118.4,4228.19,Yes
101604,Male,19.0,1,Month-to-month,No,Bank transfer,Yes,55.18,20.0,No
101605,Male,18.0,52,Month-to-month,DSL,Credit card,No,68.55,3570.12,Yes
101606,Female,49.0,37,One year,DSL,Credit card,No,52.17,1970.82,No
101607,Male,29.0,27,Two year,DSL,Bank transfer,No,22.8,627.81,No
101608,Female,50.0,64,Month-to-month,Fiber optic,Mailed check,Yes,107.0,6825.15,No
101609,Male,53.0,47,Month-to-month,DSL,Bank transfer,Yes,115.69,5393.06,No
101610,Male,31.0,44,Month-to-month,DSL,Credit card,Yes,91.14,3973.55,Yes
101611,Female,47.0,11,One year,Fiber optic,Mailed check,No,89.76,926.6,No
101612,Male,30.0,37,Month-to-month,DSL,Bank transfer,Yes,118.34,4408.55,No
101613,Female,18.0,51,Month-to-month,Fiber optic,Electronic check,No,95.47,5033.78,Yes
101614,Female,41.0,67,One year,No,Mailed check,No,92.07,6201.03,No
101615,Male,33.0,44,Month-to-month,DSL,Electronic check,No,75.52,3376.5,No
101616,Male,33.0,13,One year,Fiber optic,Bank transfer,No,91.34,1284.82,No
101617,Female,65.0,49,Month-to-month,DSL,Electronic check,Yes,68.68,3324.73,No
101618,Female,19.0,6,Month-to-month,DSL,Electronic check,Yes,92.81,394.47,No
101619,Male,44.0,23,One year,DSL,Electronic check,Yes,44.72,1028.82,No
101620,Female,26.0,67,One year,Fiber optic,Bank transfer,Yes,94.48,6407.11,No
101621,Male,51.0,58,One year,Fiber optic,Credit card,No,62.67,3815.79,No
101622,Male,43.0,66,Month-to-month,Fiber optic,Electronic check,No,96.75,6297.28,No
101623,Female,44.0,26,Month-to-month,Fiber optic,Electronic check,No,143.85,3839.08,Yes
101624,Male,27.0,50,Month-to-month,DSL,Bank transfer,No,89.5,4498.49,No
101625,Female,29.0,51,Month-to-month,Fiber optic,Mailed check,Yes,113.35,5745.86,Yes
101626,Female,51.0,18,Month-to-month,Fiber optic,Electronic check,No,106.56,1823.94,Yes
101627,Female,62.0,68,Month-to-month,DSL,Bank transfer,No,20.0,1307.45,No
101628,Female,45.0,70,Month-to-month,Fiber optic,Credit card,No,80.71,5701.3,No
101629,Male,27.0,8,One year,DSL,Electronic check,Yes,83.2,775.65,No
101630,Male,43.0,56,Month-to-month,DSL,Mailed check,Yes,20.0,874.82,No
101631,Female,71.0,33,Two year,DSL,Electronic check,Yes,64.9,2187.82,No
101632,Female,40.0,49,One year,DSL,Credit card,Yes,70.02,3379.36,No
101633,Male,58.0,40,Month-to-month,No,Credit card,Yes,41.21,1605.18,No
101634,Female,29.0,17,One year,No,Mailed check,Yes,47.76,849.41,Yes
101635,Male,38.0,7,Month-to-month,Fiber optic,Credit card,Yes,117.43,994.91,Yes
101636,Female,47.0,37,Two year,Fiber optic,Electronic check,Yes,32.0,1119.39,Yes
101637,Male,44.0,61,Two year,No,Bank transfer,Yes,78.79,4797.58,No
101638,Female,29.0,60,Two year,Fiber optic,Bank transfer,No,113.09,6643.61,No
101639,Male,28.0,20,One year,Fiber optic,Credit card,Yes,83.32,1705.86,No
101640,Male,52.0,62,Two year,Fiber optic,Bank transfer,Yes,119.22,7329.54,No
101641,Female,54.0,26,One year,No,Electronic check,Yes,61.32,1736.16,No
101642,Male,59.0,41,Two year,Fiber optic,Electronic check,Yes,61.37,2548.6,No
101643,Male,62.0,24,Month-to-month,DSL,Electronic check,Yes,71.76,1696.75,No
101644,Female,41.0,38,Two year,Fiber optic,Credit card,No,74.46,2804.61,Yes
101645,Male,35.0,39,One year,DSL,Mailed check,Yes,57.7,2283.13,Yes
101646,Male,57.0,51,Month-to-month,DSL,Mailed check,Yes,67.49,3504.19,No
101647,Male,48.0,34,Two year,Fiber optic,Electronic check,Yes,64.2,2077.6,No
101648,Female,26.0,39,One year,Fiber optic,Mailed check,Yes,63.05,2445.58,No
101649,Female,26.0,47,Two year,DSL,Mailed check,No,43.95,2065.41,No
101650,Female,45.0,31,Month-to-month,DSL,Mailed check,Yes,82.41,2573.76,Yes
101651,Male,37.0,38,Month-to-month,Fiber optic,Electronic check,Yes,59.03,2360.67,Yes
101652,Male,39.0,7,One year,DSL,Electronic check,No,40.95,158.35,Yes
101653,Male,53.0,63,Month-to-month,No,Electronic check,No,45.16,2931.11,Yes
101654,Female,49.0,10,One year,Fiber optic,Credit card,Yes,89.14,924.2,Yes
101655,Male,56.0,63,One year,Fiber optic,Bank transfer,No,100.73,6301.19,Yes
101656,Male,18.0,55,Month-to-month,DSL,Bank transfer,Yes,90.78,5065.47,No
101657,Female,42.0,69,One year,No,Credit card,Yes,77.36,5303.36,No
101658,Female,48.0,2,Month-to-month,No,Mailed check,No,85.39,20.0,No
101659,Female,19.0,16,Two year,DSL,Bank transfer,No,70.63,821.04,No
101660,Male,30.0,4,Two year,Fiber optic,Mailed check,Yes,95.39,272.08,No
101661,Female,28.0,31,Month-to-month,Fiber optic,Electronic check,Yes,95.01,2896.33,No
101662,Female,39.0,66,Month-to-month,DSL,Electronic check,Yes,53.76,3563.61,No
101663,Male,60.0,56,Month-to-month,Fiber optic,Credit card,No,57.11,3251.92,No
101664,Female,65.0,51,Month-to-month,No,Mailed check,Yes,105.8,5372.58,No
101665,Female,28.0,62,Two year,Fiber optic,Electronic check,No,87.13,5275.15,No
101666,Male,46.0,1,Month-to-month,No,Credit card,Yes,98.29,64.04,No
101667,Female,46.0,57,Month-to-month,DSL,Electronic check,No,44.5,2516.86,No
101668,Female,44.0,23,Month-to-month,No,Bank transfer,No,61.86,1579.16,No
101669,Female,44.0,50,One year,No,Bank transfer,Yes,37.58,1929.12,No
101670,Female,43.0,55,Two year,DSL,Electronic check,Yes,88.16,4699.72,No
101671,Female,61.0,50,Month-to-month,Fiber optic,Electronic check,Yes,68.64,3403.65,No
101672,Female,53.0,31,Month-to-month,Fiber optic,Mailed check,Yes,70.14,2237.02,No
101673,Male,25.0,45,Month-to-month,No,Bank transfer,Yes,120.9,5442.39,No
101674,Female,49.0,34,Month-to-month,DSL,Credit card,No,88.66,2868.3,No
101675,Female,51.0,46,Month-to-month,DSL,Credit card,Yes,88.35,4137.76,No
101676,Female,43.0,34,One year,Fiber optic,Electronic check,Yes,53.95,1867.01,No
101677,Male,54.0,29,Month-to-month,Fiber optic,Electronic check,Yes,37.56,1075.11,No
101678,Male,41.0,15,Month-to-month,Fiber optic,Bank transfer,Yes,108.27,1551.48,Yes
101679,Female,42.0,28,One year,Fiber optic,Bank transfer,Yes,32.0,987.2,No
101680,Female,41.0,52,One year,No,Electronic check,No,59.46,2928.66,No
101681,Female,18.0,63,Month-to-month,DSL,Electronic check,No,51.71,3117.85,No
101682,Male,38.0,8,Month-to-month,No,Electronic check,Yes,48.87,324.83,No
101683,Male,30.0,14,One year,Fiber optic,Electronic check,No,72.98,1048.92,Yes
101684,Female,24.0,37,Month-to-month,No,Bank transfer,Yes,45.61,1564.8,Yes
101685,Male,58.0,51,Two year,DSL,Credit card,No,41.6,2072.57,Yes
101686,Female,,13,One year,Fiber optic,Electronic check,Yes,90.38,1144.22,No
101687,Male,39.0,24,Two year,No,Mailed check,Yes,98.66,2398.73,No
101688,Male,32.0,4,Month-to-month,Fiber optic,Electronic check,No,40.59,137.45,Yes
101689,Female,43.0,4,Month-to-month,DSL,Mailed check,Yes,76.89,282.98,No
101690,Male,52.0,11,Two year,Fiber optic,Electronic check,No,97.54,1009.42,Yes
101691,Female,28.0,53,Month-to-month,DSL,Electronic check,No,83.16,4505.49,No
101692,Female,39.0,63,Month-to-month,DSL,Electronic check,Yes,66.47,4246.99,No
101693,Female,50.0,36,One year,Fiber optic,Bank transfer,Yes,69.07,2542.66,No
101694,Male,18.0,13,Month-to-month,No,Bank transfer,Yes,90.96,1112.46,No
101695,Male,38.0,67,One year,Fiber optic,Bank transfer,Yes,92.38,6143.33,No
101696,Female,33.0,21,Two year,DSL,,Yes,24.64,560.32,No
101697,Male,37.0,12,One year,DSL,Electronic check,Yes,66.47,744.76,Yes
101698,Male,32.0,10,Month-to-month,Fiber optic,Electronic check,Yes,85.39,770.51,Yes
101699,Male,41.0,26,Two year,DSL,Electronic check,Yes,44.66,1187.14,No
101700,Female,64.0,53,One year,No,Electronic check,Yes,65.91,3375.52,No
101701,Male,35.0,29,Month-to-month,DSL,Electronic check,Yes,84.29,2425.56,No
101702,Male,43.0,33,One year,DSL,Credit card,Yes,51.32,1773.86,No
101703,Female,65.0,25,Month-to-month,Fiber optic,Credit card,No,89.82,2258.58,Yes
101704,Male,32.0,68,Month-to-month,DSL,Bank transfer,Yes,47.26,3119.44,No
101705,Female,63.0,50,One year,Fiber optic,Bank transfer,Yes,53.08,2696.54,No
101706,Female,39.0,48,Month-to-month,Fiber optic,Bank transfer,No,99.39,4716.63,Yes
101707,Female,62.0,32,Month-to-month,DSL,Bank transfer,Yes,101.35,3319.31,Yes
101708,Female,49.0,39,One year,Fiber optic,Bank transfer,Yes,54.41,2167.81,No
101709,Male,43.0,64,Month-to-month,Fiber optic,Electronic check,Yes,107.83,6869.88,No
101710,Male,38.0,48,Month-to-month,Fiber optic,Credit card,Yes,83.67,3948.67,No
101711,Male,31.0,59,Month-to-month,DSL,Bank transfer,No,20.0,1103.56,No
101712,Male,40.0,3,One year,Fiber optic,Electronic check,Yes,48.13,377.46,No
101713,Female,51.0,62,Two year,Fiber optic,Mailed check,Yes,99.21,5944.8,No
101714,Female,39.0,69,Month-to-month,DSL,Bank transfer,Yes,31.4,2008.18,No
101715,Female,35.0,49,One year,DSL,Credit card,Yes,56.54,2869.68,No
101716,Female,36.0,69,Month-to-month,DSL,Mailed check,Yes,69.97,4907.73,No
101717,Female,52.0,41,Month-to-month,DSL,Mailed check,Yes,83.2,3443.63,No
101718,Male,55.0,20,Month-to-month,DSL,Electronic check,Yes,76.62,1353.13,No
101719,Male,30.0,44,Month-to-month,No,Electronic check,Yes,111.21,4941.73,No
101720,Female,30.0,46,Month-to-month,Fiber optic,Electronic check,Yes,63.6,2837.43,Yes
101721,Male,,11,One year,Fiber optic,Electronic check,No,86.47,942.28,Yes
101722,Female,59.0,15,One year,DSL,Mailed check,No,83.32,1286.42,No
101723,Female,54.0,21,Two year,DSL,Mailed check,No,89.81,1931.6,No
101724,Female,23.0,40,Two year,Fiber optic,Bank transfer,No,110.28,4352.64,No
101725,Female,36.0,11,Month-to-month,Fiber optic,Mailed check,Yes,73.15,920.29,Yes
101726,Female,27.0,56,Month-to-month,No,Electronic check,No,88.29,5017.4,No
101727,Female,36.0,8,Month-to-month,DSL,Mailed check,No,48.85,304.39,No
101728,Female,60.0,68,Month-to-month,DSL,Bank transfer,Yes,70.06,4720.9,No
101729,Male,21.0,49,Two year,Fiber optic,Mailed check,Yes,96.53,,No
101730,Male,18.0,25,Month-to-month,DSL,Mailed check,Yes,96.38,2403.86,No
101731,Female,28.0,27,Month-to-month,DSL,Electronic check,Yes,86.26,2385.65,No
101732,Female,43.0,50,Month-to-month,DSL,Electronic check,Yes,74.26,3546.44,No
101733,Female,47.0,7,Two year,DSL,Credit card,Yes,70.01,311.49,No
101734,Female,45.0,52,Month-to-month,No,Electronic check,Yes,85.72,4382.55,No
101735,Female,54.0,40,One year,No,Electronic check,Yes,126.73,5190.94,No
101736,Female,18.0,16,Month-to-month,Fiber optic,Electronic check,Yes,105.36,1707.14,Yes
101737,Female,54.0,65,Month-to-month,Fiber optic,Mailed check,Yes,93.54,6222.05,Yes
101738,Male,35.0,46,Month-to-month,Fiber optic,Bank transfer,Yes,49.78,2275.86,No
101739,Male,49.0,12,One year,Fiber optic,Bank transfer,No,,678.9,Yes
101740,Male,22.0,48,One year,Fiber optic,Credit card,No,75.9,3492.32,No
101741,Male,39.0,30,Month-to-month,Fiber optic,Electronic check,Yes,106.75,3127.88,Yes
101742,Female,42.0,56,Month-to-month,No,Electronic check,No,48.58,2664.67,No
101743,Male,54.0,36,Month-to-month,DSL,Credit card,No,88.06,2951.89,No
101744,Male,18.0,72,Month-to-month,Fiber optic,Mailed check,No,86.99,6187.58,No
101745,Male,39.0,67,Month-to-month,Fiber optic,Credit card,No,92.87,6145.8,Yes
101746,Female,25.0,3,Month-to-month,No,Bank transfer,Yes,66.6,201.76,No
101747,Female,46.0,30,One year,No,Electronic check,Yes,57.08,1708.61,Yes
101748,Male,49.0,15,Two year,Fiber optic,Credit card,No,59.66,923.7,No
101749,Female,56.0,33,One year,Fiber optic,Electronic check,No,99.29,3130.53,No
101750,Female,32.0,11,One year,DSL,Bank transfer,Yes,70.08,668.73,No
101751,Female,51.0,39,Two year,Fiber optic,Electronic check,Yes,57.07,2309.06,No
101752,Female,57.0,12,Two year,DSL,Mailed check,Yes,77.58,907.64,No
101753,Female,18.0,45,Month-to-month,Fiber optic,Mailed check,Yes,162.0,7366.22,No
101754,Male,47.0,33,Month-to-month,No,Electronic check,Yes,66.96,2196.97,Yes
101755,Female,51.0,72,Month-to-month,Fiber optic,Credit card,Yes,125.35,9042.05,Yes
101756,Male,36.0,64,Two year,Fiber optic,Electronic check,Yes,32.0,2095.58,No
101757,Male,23.0,44,Month-to-month,DSL,Mailed check,Yes,65.24,2820.48,No
101758,Female,51.0,33,Month-to-month,Fiber optic,Electronic check,Yes,107.87,3499.67,No
101759,Female,23.0,52,Month-to-month,DSL,Bank transfer,Yes,72.39,3703.08,No
101760,Female,37.0,49,One year,DSL,Mailed check,Yes,55.93,2733.55,Yes
101761,Male,38.0,11,One year,No,Mailed check,Yes,71.34,836.42,No
101762,Male,48.0,28,One year,Fiber optic,Bank transfer,Yes,108.63,3005.04,No
101763,Male,31.0,72,One year,DSL,Bank transfer,Yes,125.59,9146.44,No
101764,Female,30.0,24,Two year,Fiber optic,Credit card,Yes,110.64,2812.83,No
101765,Female,40.0,1,Month-to-month,DSL,Credit card,Yes,59.38,20.0,No
101766,Female,52.0,61,Two year,Fiber optic,Electronic check,No,78.18,4875.94,No
101767,Female,69.0,68,One year,DSL,Bank transfer,Yes,66.36,4510.87,No
101768,Male,19.0,48,Month-to-month,DSL,Electronic check,Yes,50.32,2449.63,No
101769,Male,43.0,46,Two year,Fiber optic,Electronic check,Yes,80.12,3673.47,No
101770,Male,25.0,26,Two year,Fiber optic,Mailed check,Yes,77.15,2115.62,No
101771,Male,52.0,26,Two year,Fiber optic,Mailed check,Yes,53.99,1435.0,No
101772,Male,27.0,66,Two year,No,Mailed check,Yes,92.95,6103.41,No
101773,Male,30.0,62,Month-to-month,No,Mailed check,No,82.52,5078.67,No
101774,Male,31.0,36,Month-to-month,Fiber optic,Bank transfer,Yes,67.98,2339.17,Yes
101775,Female,38.0,23,Month-to-month,No,Credit card,No,75.69,1689.43,No
101776,Male,43.0,14,Two year,No,Electronic check,No,47.89,780.29,No
101777,Male,45.0,1,Two year,No,Electronic check,Yes,58.19,155.66,No
101778,Male,39.0,35,Two year,DSL,Electronic check,No,89.19,3064.04,No
101779,Male,22.0,40,Two year,DSL,Electronic check,Yes,83.78,3252.38,No
101780,Female,48.0,49,One year,Fiber optic,Credit card,Yes,71.17,3572.99,No
101781,Male,38.0,58,Month-to-month,No,Electronic check,Yes,79.79,4666.44,No
101782,Male,54.0,27,Month-to-month,No,Electronic check,Yes,70.14,1715.94,Yes
101783,Male,30.0,13,Month-to-month,Fiber optic,Mailed check,Yes,59.07,1027.09,No
101784,Female,18.0,61,One year,No,Electronic check,Yes,67.82,4138.07,No
101785,Female,39.0,55,Month-to-month,Fiber optic,Mailed check,Yes,94.8,5367.15,No
101786,Male,56.0,39,Two year,Fiber optic,Credit card,Yes,91.65,3590.03,No
101787,Male,41.0,3,One year,DSL,Bank transfer,Yes,29.68,20.0,No
101788,Male,36.0,34,Month-to-month,Fiber optic,Mailed check,Yes,88.15,3014.56,No
101789,Male,28.0,45,Two year,DSL,Bank transfer,No,72.64,3136.72,No
101790,Female,62.0,62,One year,DSL,,Yes,24.54,1510.15,No
101791,Female,26.0,37,One year,Fiber optic,Electronic check,No,63.8,2262.68,Yes
101792,Female,30.0,34,Month-to-month,DSL,Bank transfer,Yes,84.29,2847.46,No
101793,Male,46.0,28,Month-to-month,No,Bank transfer,Yes,106.62,3007.68,No
101794,Male,18.0,30,Month-to-month,Fiber optic,Bank transfer,Yes,42.99,1316.3,No
101795,Male,56.0,2,Month-to-month,Fiber optic,Electronic check,Yes,108.48,85.58,Yes
101796,Male,47.0,8,One year,DSL,Bank transfer,Yes,24.99,141.89,No
101797,Female,51.0,55,Two year,No,Bank transfer,Yes,106.94,5703.93,No
101798,Male,46.0,27,Two year,Fiber optic,Bank transfer,No,78.03,2162.69,No
101799,Male,37.0,62,Month-to-month,Fiber optic,Electronic check,Yes,66.13,4118.31,No
101800,Female,25.0,29,Two year,Fiber optic,Electronic check,Yes,92.86,2587.2,No
101801,Male,37.0,72,Month-to-month,Fiber optic,Bank transfer,Yes,59.94,4442.21,No
101802,Male,26.0,14,Month-to-month,Fiber optic,Bank transfer,Yes,96.9,1398.59,Yes
101803,Male,45.0,14,One year,Fiber optic,Credit card,No,80.9,1123.13,No
101804,Male,49.0,43,Two year,Fiber optic,Mailed check,Yes,32.0,1333.4,No
101805,Male,58.0,58,Two year,DSL,Electronic check,Yes,51.73,2942.96,No
101806,Male,44.0,11,Two year,No,Bank transfer,No,76.78,773.55,Yes
101807,Male,51.0,37,Month-to-month,Fiber optic,Bank transfer,No,110.66,4200.08,Yes
101808,Male,35.0,17,Month-to-month,DSL,Mailed check,No,80.29,1389.63,No
101809,Male,33.0,54,Month-to-month,DSL,Bank transfer,No,98.26,5211.63,No
101810,Female,45.0,41,One year,Fiber optic,Electronic check,Yes,61.65,2644.37,Yes
101811,Male,34.0,48,Month-to-month,DSL,Electronic check,Yes,90.19,4320.98,No
101812,Female,42.0,20,Month-to-month,No,Electronic check,Yes,90.61,1729.49,No
101813,Female,25.0,21,Month-to-month,Fiber optic,Electronic check,Yes,43.23,1085.62,No
101814,Male,28.0,47,One year,No,Bank transfer,No,99.49,4577.48,No
101815,Female,47.0,26,One year,DSL,Electronic check,Yes,80.18,2010.41,No
101816,Male,51.0,50,Month-to-month,Fiber optic,Credit card,Yes,76.96,3848.02,No
101817,Male,26.0,12,Month-to-month,DSL,Electronic check,No,64.53,803.36,Yes
101818,Male,48.0,22,One year,Fiber optic,Bank transfer,Yes,58.05,1209.34,No
101819,Male,32.0,8,One year,Fiber optic,Mailed check,Yes,99.77,599.18,No
101820,Male,39.0,7,Month-to-month,Fiber optic,Electronic check,No,91.55,643.77,Yes
101821,Male,57.0,19,Month-to-month,Fiber optic,Mailed check,Yes,98.57,1778.69,No
101822,Female,49.0,36,Two year,DSL,Credit card,Yes,73.97,2630.6,No
101823,Male,49.0,11,One year,DSL,Credit card,Yes,77.14,775.62,No
101824,Female,64.0,7,Month-to-month,Fiber optic,Electronic check,Yes,76.6,438.67,Yes
101825,Female,30.0,64,One year,DSL,Mailed check,Yes,98.92,6306.9,No
101826,Female,26.0,38,One year,Fiber optic,Electronic check,No,99.16,3711.19,No
101827,Male,30.0,52,Month-to-month,Fiber optic,Mailed check,Yes,88.32,4517.03,No
101828,Female,36.0,53,Month-to-month,No,Electronic check,Yes,68.64,,No
101829,Female,18.0,8,Two year,No,Credit card,Yes,27.8,132.86,No
101830,Female,36.0,45,Month-to-month,Fiber optic,Bank transfer,No,34.38,1524.38,No
101831,Male,32.0,62,Month-to-month,No,Electronic check,Yes,62.79,3889.61,No
101832,Female,49.0,33,One year,Fiber optic,Credit card,No,115.72,3666.6,Yes
101833,Female,44.0,63,Month-to-month,DSL,Bank transfer,Yes,54.38,3325.35,No
101834,Male,31.0,69,One year,No,Electronic check,No,55.36,3816.28,No
101835,Male,47.0,40,Month-to-month,Fiber optic,Bank transfer,Yes,,2380.67,No
101836,Male,48.0,8,Month-to-month,Fiber optic,Mailed check,No,51.74,342.99,No
101837,Female,29.0,45,Month-to-month,Fiber optic,Mailed check,Yes,61.15,2749.41,No
101838,Male,33.0,64,Two year,No,Electronic check,No,78.97,5078.17,No
101839,Male,18.0,42,One year,Fiber optic,Electronic check,Yes,71.7,3064.21,Yes
101840,Female,25.0,58,Two year,No,Electronic check,Yes,58.57,3457.04,No
101841,Male,29.0,39,Month-to-month,DSL,Credit card,No,56.34,2306.08,No
101842,Male,40.0,31,One year,No,Electronic check,Yes,77.92,2425.21,No
101843,Female,27.0,69,Month-to-month,Fiber optic,Mailed check,No,93.76,6344.43,No
101844,Female,32.0,12,One year,Fiber optic,Credit card,Yes,37.27,420.62,No
101845,Female,23.0,33,Month-to-month,No,Credit card,No,52.99,1634.45,No
101846,Female,41.0,12,One year,DSL,Bank transfer,Yes,69.77,913.29,No
101847,Male,45.0,48,Month-to-month,DSL,Bank transfer,Yes,82.97,4106.14,No
101848,Female,44.0,67,Month-to-month,No,Credit card,No,75.19,5037.18,No
101849,Female,39.0,72,One year,No,Bank transfer,Yes,92.57,6769.65,No
101850,Male,19.0,17,Month-to-month,Fiber optic,Mailed check,Yes,48.7,926.36,No
101851,Male,31.0,53,Month-to-month,Fiber optic,Electronic check,Yes,94.38,5029.47,Yes
101852,Male,34.0,63,Two year,DSL,Electronic check,Yes,123.28,7814.04,No
101853,Male,34.0,61,Month-to-month,Fiber optic,Mailed check,No,85.19,5281.97,No
101854,Male,40.0,37,One year,Fiber optic,Electronic check,Yes,86.21,3064.13,No
101855,Male,58.0,13,Two year,No,Electronic check,Yes,84.98,1127.04,No
101856,Female,50.0,34,One year,Fiber optic,Electronic check,No,70.37,2442.45,No
101857,Male,26.0,56,Month-to-month,Fiber optic,Mailed check,Yes,60.33,3249.38,No
101858,Female,48.0,45,One year,Fiber optic,Electronic check,No,85.45,4017.35,No
101859,Female,47.0,28,Month-to-month,No,Electronic check,No,30.65,956.53,Yes
101860,Female,29.0,16,Month-to-month,Fiber optic,Bank transfer,No,93.9,1601.46,No
101861,Female,50.0,47,One year,DSL,Electronic check,Yes,86.11,4083.97,No
101862,Male,37.0,31,Two year,Fiber optic,Mailed check,No,43.9,1275.53,No
101863,Female,21.0,34,Month-to-month,Fiber optic,Electronic check,Yes,88.08,2880.56,Yes
101864,Male,45.0,68,Month-to-month,DSL,Bank transfer,Yes,66.59,4519.19,No
101865,Female,42.0,1,One year,Fiber optic,Credit card,No,120.95,183.66,No
101866,Male,36.0,18,Month-to-month,DSL,Electronic check,No,104.75,1934.32,Yes
101867,Male,39.0,67,One year,Fiber optic,Credit card,Yes,105.04,7191.6,No
101868,Female,30.0,67,Month-to-month,Fiber optic,Credit card,No,114.27,7628.13,No
101869,Male,47.0,22,Month-to-month,Fiber optic,Credit card,No,74.87,1614.74,No
101870,Female,38.0,72,One year,Fiber optic,Credit card,Yes,90.5,6516.7,No
101871,Male,41.0,16,Two year,Fiber optic,Mailed check,Yes,77.69,1138.98,No
101872,Male,44.0,4,Month-to-month,DSL,Electronic check,No,47.07,323.45,Yes
101873,Female,24.0,23,Two year,DSL,Electronic check,Yes,74.07,1681.11,No
101874,Female,27.0,39,Month-to-month,Fiber optic,Electronic check,Yes,81.92,3217.67,Yes
101875,Male,18.0,1,Month-to-month,No,Mailed check,Yes,66.94,140.23,No
101876,Male,46.0,13,Month-to-month,DSL,Credit card,No,70.52,849.02,Yes
101877,Male,23.0,57,Month-to-month,DSL,Electronic check,No,73.52,4215.6,Yes
101878,Female,41.0,45,One year,No,Mailed check,No,94.2,4238.31,No
101879,Female,44.0,44,Month-to-month,DSL,Credit card,No,57.39,2612.94,No
101880,Male,47.0,72,Month-to-month,No,Electronic check,No,40.01,2881.48,No
101881,Male,23.0,17,Month-to-month,No,Electronic check,Yes,88.95,1255.03,No
101882,Male,38.0,65,Two year,DSL,Electronic check,Yes,93.41,,No
101883,Male,61.0,26,Two year,DSL,Electronic check,Yes,80.95,1969.72,No
101884,Female,61.0,67,Month-to-month,No,Mailed check,Yes,43.53,3089.96,No
101885,Female,52.0,57,Month-to-month,DSL,Mailed check,Yes,68.71,4043.78,No
101886,Male,43.0,16,Two year,Fiber optic,Mailed check,Yes,91.13,1264.55,Yes
101887,Female,26.0,16,Month-to-month,DSL,Electronic check,Yes,45.29,633.69,No
101888,Male,48.0,40,One year,Fiber optic,Bank transfer,Yes,64.89,2470.96,No
101889,Male,37.0,37,One year,No,Electronic check,Yes,68.34,2548.06,No
101890,Male,46.0,17,Two year,Fiber optic,Mailed check,Yes,113.57,1844.66,Yes
101891,Male,31.0,19,Month-to-month,DSL,Electronic check,Yes,77.63,1451.08,No
101892,Male,37.0,65,Month-to-month,Fiber optic,Bank transfer,No,69.69,4405.9,No
101893,Female,41.0,55,Month-to-month,Fiber optic,Bank transfer,No,78.96,4381.53,No
101894,Female,42.0,14,Month-to-month,DSL,Electronic check,Yes,55.34,623.63,No
101895,Male,45.0,53,Month-to-month,Fiber optic,Bank transfer,Yes,73.7,4131.38,No
101896,Female,31.0,12,Two year,Fiber optic,Mailed check,Yes,102.06,1360.11,No
101897,Female,22.0,33,Month-to-month,DSL,Credit card,No,24.0,1015.35,No
101898,Female,60.0,1,Month-to-month,No,Credit card,Yes,104.87,159.45,No
101899,Female,71.0,47,Month-to-month,Fiber optic,Electronic check,Yes,138.73,6660.44,No
101900,Male,45.0,14,Month-to-month,DSL,Mailed check,Yes,76.06,1145.19,Yes
101901,Female,22.0,17,Month-to-month,DSL,Electronic check,Yes,51.22,780.34,No
101902,Female,29.0,14,Month-to-month,Fiber optic,Bank transfer,Yes,113.08,1549.62,Yes
101903,Female,46.0,14,One year,DSL,Electronic check,Yes,78.95,1143.46,No
101904,Male,56.0,6,Two year,DSL,Mailed check,Yes,58.85,456.8,No
101905,Male,23.0,40,Month-to-month,Fiber optic,Credit card,Yes,59.7,2387.41,No
101906,Male,37.0,63,One year,Fiber optic,Mailed check,Yes,73.85,4702.46,No
101907,Male,42.0,22,Month-to-month,DSL,Credit card,No,76.81,1659.88,No
101908,Male,50.0,57,Month-to-month,Fiber optic,Electronic check,Yes,106.39,6027.11,No
101909,Male,35.0,40,Two year,Fiber optic,Credit card,No,91.1,3511.56,No
101910,Female,19.0,19,Two year,Fiber optic,Bank transfer,Yes,95.35,1851.49,Yes
101911,Male,47.0,5,Month-to-month,No,Mailed check,No,63.66,274.0,Yes
101912,Female,54.0,57,Month-to-month,DSL,Electronic check,No,93.37,5206.45,Yes
101913,Male,38.0,2,Month-to-month,DSL,Mailed check,Yes,66.83,80.3,Yes
101914,Female,44.0,31,Month-to-month,DSL,Bank transfer,Yes,117.95,3682.13,No
101915,Male,33.0,3,One year,DSL,Electronic check,Yes,55.68,227.17,Yes
101916,Female,28.0,56,Month-to-month,Fiber optic,Credit card,No,93.87,5240.12,No
101917,Male,52.0,72,Two year,DSL,Bank transfer,Yes,126.73,9220.7,No
101918,Male,44.0,24,One year,Fiber optic,Credit card,Yes,110.05,2775.32,No
101919,Male,45.0,23,Month-to-month,No,Electronic check,No,90.64,2058.91,Yes
101920,Female,59.0,41,Two year,Fiber optic,Mailed check,Yes,91.42,3835.86,Yes
101921,Male,25.0,37,One year,Fiber optic,Electronic check,Yes,85.32,3096.77,Yes
101922,Female,32.0,28,Month-to-month,Fiber optic,Electronic check,No,79.65,2113.17,No
101923,Female,41.0,27,Month-to-month,Fiber optic,Electronic check,No,69.95,1803.62,No
101924,Male,32.0,14,Two year,Fiber optic,Electronic check,Yes,45.61,560.73,No
101925,Male,49.0,19,Two year,Fiber optic,Bank transfer,Yes,100.02,1860.98,No
101926,Male,37.0,43,Month-to-month,DSL,Electronic check,Yes,33.55,1621.05,No
101927,Male,26.0,53,One year,DSL,Electronic check,Yes,88.28,4631.72,No
101928,Male,40.0,55,Two year,Fiber optic,Mailed check,No,76.27,4160.97,No
101929,Male,41.0,38,Two year,Fiber optic,Bank transfer,Yes,60.11,2298.0,Yes
101930,Female,51.0,55,Month-to-month,DSL,Bank transfer,Yes,107.14,5773.84,No
101931,Male,44.0,43,Month-to-month,DSL,Mailed check,No,35.77,1551.24,No
101932,Male,45.0,26,Two year,Fiber optic,Electronic check,Yes,67.35,1810.2,No
101933,Female,43.0,26,Month-to-month,DSL,Mailed check,No,57.68,1633.11,No
101934,Female,37.0,38,Month-to-month,Fiber optic,Bank transfer,Yes,87.74,3452.37,Yes
101935,Male,30.0,23,One year,DSL,Electronic check,Yes,56.68,1336.32,No
101936,Male,43.0,55,Month-to-month,DSL,Electronic check,No,108.54,5949.6,Yes
101937,Male,35.0,14,One year,Fiber optic,Credit card,Yes,49.72,681.18,Yes
101938,Female,61.0,4,Month-to-month,DSL,Electronic check,No,150.0,636.68,Yes
101939,Female,56.0,36,One year,DSL,Electronic check,Yes,45.53,1634.88,No
101940,Male,47.0,6,Month-to-month,No,Electronic check,No,145.9,867.23,Yes
101941,Male,44.0,14,Two year,Fiber optic,Credit card,Yes,111.33,1474.51,Yes
101942,Male,38.0,28,Month-to-month,Fiber optic,Mailed check,No,81.24,2335.08,Yes
101943,Female,23.0,1,Month-to-month,Fiber optic,Credit card,No,89.67,116.47,No
101944,Male,36.0,17,Two year,DSL,Credit card,Yes,62.53,994.94,No
101945,Male,40.0,40,One year,Fiber optic,Bank transfer,Yes,92.68,3841.21,No
101946,Male,42.0,27,Month-to-month,Fiber optic,Electronic check,No,65.57,1789.16,No
101947,Male,45.0,65,Month-to-month,DSL,Electronic check,No,89.72,5703.63,No
101948,Female,51.0,7,One year,DSL,Credit card,Yes,76.55,620.89,No
101949,Male,30.0,52,Two year,Fiber optic,Credit card,No,59.26,3020.98,No
101950,Male,30.0,43,Month-to-month,DSL,Credit card,No,82.68,3518.36,No
101951,Female,58.0,47,Two year,DSL,Credit card,No,81.14,3796.76,No
101952,Female,49.0,49,Month-to-month,Fiber optic,Bank transfer,Yes,66.07,3315.12,Yes
101953,Male,34.0,4,One year,Fiber optic,Mailed check,Yes,73.31,288.04,No
101954,Male,38.0,58,Month-to-month,Fiber optic,Mailed check,No,96.81,5670.63,No
101955,Female,38.0,24,Month-to-month,DSL,Mailed check,No,99.27,2240.86,No
101956,Male,39.0,47,Two year,Fiber optic,Electronic check,Yes,80.44,3681.38,No
101957,Female,45.0,22,Month-to-month,No,Electronic check,Yes,95.27,2098.82,No
101958,Female,72.0,29,Two year,Fiber optic,Electronic check,No,113.18,3216.95,No
101959,Female,41.0,51,Month-to-month,No,Electronic check,Yes,104.58,5315.19,No
101960,Male,48.0,68,Month-to-month,Fiber optic,Electronic check,Yes,94.42,6487.69,Yes
101961,Female,18.0,64,Two year,DSL,Bank transfer,Yes,49.46,3093.16,No
101962,Female,33.0,53,One year,Fiber optic,Bank transfer,Yes,106.28,5566.66,No
101963,Male,55.0,39,Month-to-month,Fiber optic,Mailed check,Yes,79.22,3099.46,No
101964,Female,44.0,38,One year,No,Bank transfer,Yes,84.66,3025.71,No
101965,Female,18.0,70,Month-to-month,DSL,Mailed check,Yes,56.27,4029.58,No
101966,Female,48.0,15,Two year,DSL,Mailed check,No,57.0,866.71,No
101967,Male,64.0,69,Month-to-month,No,Mailed check,Yes,54.47,3766.81,No
101968,Male,18.0,47,Month-to-month,DSL,Electronic check,Yes,38.88,1778.82,No
101969,Female,59.0,45,Month-to-month,Fiber optic,Mailed check,No,69.33,3181.87,Yes
101970,Male,18.0,43,One year,DSL,Bank transfer,Yes,46.18,1971.21,No
101971,Female,51.0,59,Two year,No,Electronic check,No,86.16,5193.79,No
101972,Female,39.0,50,Two year,DSL,Credit card,Yes,45.38,2115.02,No
101973,Female,18.0,7,Month-to-month,Fiber optic,Electronic check,No,67.26,476.51,No
101974,Male,45.0,57,Month-to-month,Fiber optic,Mailed check,No,84.08,4796.37,No
101975,Female,54.0,53,Month-to-month,No,Credit card,No,117.31,6245.44,No
101976,Male,44.0,66,Two year,No,Bank transfer,Yes,54.7,3736.53,No
101977,Female,47.0,68,Month-to-month,Fiber optic,Mailed check,Yes,49.44,3239.18,No
101978,Male,34.0,69,One year,DSL,Bank transfer,No,39.2,2579.29,No
101979,Male,18.0,4,Month-to-month,Fiber optic,Electronic check,Yes,62.48,218.14,No
101980,Female,48.0,46,Two year,No,Bank transfer,Yes,55.58,2386.35,No
101981,Female,62.0,68,Month-to-month,Fiber optic,Bank transfer,Yes,141.62,9837.75,Yes
101982,Female,54.0,70,Month-to-month,No,Electronic check,No,96.17,6815.91,No
101983,Male,18.0,40,Two year,Fiber optic,Electronic check,No,76.12,3091.35,No
101984,Female,19.0,66,Two year,DSL,Credit card,No,118.32,7879.58,No
101985,Female,28.0,64,One year,DSL,Electronic check,Yes,56.69,3742.55,No
101986,Female,18.0,1,One year,DSL,Credit card,No,61.72,20.0,No
101987,Female,40.0,64,One year,Fiber optic,Electronic check,No,72.22,4589.59,No
101988,Male,44.0,46,Month-to-month,Fiber optic,Mailed check,Yes,109.67,5075.62,No
101989,Male,20.0,42,Month-to-month,DSL,Mailed check,Yes,70.25,2905.12,No
101990,Female,49.0,13,One year,Fiber optic,Bank transfer,Yes,121.68,1498.36,Yes
101991,Female,47.0,67,One year,DSL,Mailed check,Yes,82.85,5503.29,No
101992,Male,32.0,22,Month-to-month,Fiber optic,Electronic check,Yes,106.72,2382.19,Yes
101993,Male,37.0,31,Month-to-month,Fiber optic,Mailed check,Yes,38.6,1278.63,No
101994,Female,18.0,22,One year,Fiber optic,Bank transfer,Yes,41.52,799.07,No
101995,Female,35.0,70,Month-to-month,DSL,Mailed check,Yes,30.34,2106.72,No
101996,Male,39.0,35,One year,Fiber optic,Mailed check,Yes,73.3,2560.64,No
101997,Female,41.0,9,One year,No,Electronic check,No,33.53,176.61,No
101998,Female,44.0,1,Month-to-month,Fiber optic,Electronic check,Yes,115.01,155.41,Yes
101999,Male,42.0,71,Month-to-month,No,Electronic check,Yes,67.02,4748.78,No
102000,Male,36.0,17,Month-to-month,DSL,Electronic check,No,87.38,1400.99,Yes
102001,Female,43.0,56,Month-to-month,DSL,Bank transfer,Yes,59.69,3299.23,No
102002,Male,52.0,3,One year,DSL,Credit card,Yes,92.62,326.03,No
102003,Male,38.0,65,One year,Fiber optic,Electronic check,No,34.87,2354.56,No
102004,Male,43.0,47,Two year,DSL,Electronic check,Yes,70.78,3357.22,No
102005,Female,37.0,17,Month-to-month,No,Credit card,No,84.52,1608.39,No
102006,Male,31.0,65,One year,Fiber optic,Electronic check,No,98.63,6511.33,No
102007,Male,46.0,22,Month-to-month,Fiber optic,Mailed check,Yes,76.06,1722.94,Yes
102008,Male,32.0,72,Two year,Fiber optic,Bank transfer,No,41.23,2905.31,No
102009,Female,44.0,44,Month-to-month,Fiber optic,Electronic check,Yes,109.28,4910.12,Yes
102010,Female,39.0,33,Month-to-month,Fiber optic,Mailed check,No,74.19,2379.09,No
102011,Male,35.0,5,Month-to-month,Fiber optic,Credit card,Yes,76.37,449.06,Yes
102012,Male,35.0,19,Month-to-month,Fiber optic,Mailed check,No,139.48,2430.16,No
102013,Male,32.0,5,Two year,DSL,Bank transfer,Yes,74.42,327.66,No
102014,Female,18.0,62,Month-to-month,No,Electronic check,Yes,59.03,3534.07,No
102015,Female,44.0,8,Month-to-month,Fiber optic,Electronic check,No,69.53,530.48,Yes
102016,Male,42.0,9,One year,Fiber optic,Credit card,No,100.13,762.65,Yes
102017,Male,50.0,9,Month-to-month,DSL,Credit card,Yes,51.48,465.89,No
102018,Female,32.0,71,Month-to-month,DSL,Credit card,Yes,84.79,6062.13,Yes
102019,Female,64.0,70,Month-to-month,DSL,Electronic check,No,99.53,6908.59,No
102020,Male,34.0,52,Month-to-month,Fiber optic,Credit card,Yes,81.79,4224.28,No
102021,Male,28.0,6,Two year,DSL,Electronic check,Yes,96.7,599.95,Yes
102022,Female,26.0,37,One year,No,Mailed check,Yes,70.28,2596.12,No
102023,Female,18.0,69,Month-to-month,No,Bank transfer,No,54.81,3903.2,No
102024,Female,59.0,7,Month-to-month,DSL,Mailed check,No,30.39,151.05,No
102025,Male,57.0,58,Two year,Fiber optic,Mailed check,Yes,90.88,5319.39,No
102026,Male,47.0,2,Two year,DSL,Bank transfer,No,79.4,182.22,No
102027,Female,27.0,58,Month-to-month,Fiber optic,Credit card,Yes,108.53,6151.75,No
102028,Female,63.0,40,One year,DSL,Electronic check,Yes,94.12,3772.65,Yes
102029,Female,34.0,64,Month-to-month,No,Electronic check,No,123.68,7907.7,No
102030,Male,36.0,30,Month-to-month,No,Bank transfer,Yes,57.47,1679.78,No
102031,Female,58.0,57,Two year,DSL,Electronic check,Yes,80.9,4770.99,Yes
102032,Male,48.0,61,Two year,DSL,Electronic check,Yes,54.81,3459.06,No
102033,Male,68.0,24,Month-to-month,Fiber optic,Electronic check,Yes,107.25,2505.36,Yes
102034,Female,42.0,47,Two year,Fiber optic,Electronic check,Yes,60.83,2916.19,No
102035,Female,34.0,34,One year,DSL,Mailed check,No,94.84,3291.51,No
102036,Female,31.0,32,One year,No,Credit card,Yes,53.59,1728.01,No
102037,Female,18.0,58,One year,No,Credit card,No,91.16,5188.45,No
102038,Male,35.0,17,Month-to-month,Fiber optic,Mailed check,Yes,114.16,1855.01,Yes
102039,Female,54.0,9,Two year,No,Electronic check,No,33.15,345.86,No
102040,Male,47.0,35,Month-to-month,Fiber optic,Bank transfer,Yes,50.32,1806.82,No
102041,Male,39.0,60,Month-to-month,Fiber optic,Mailed check,No,89.87,5366.52,No
102042,Female,26.0,12,Month-to-month,Fiber optic,Bank transfer,Yes,87.21,1164.94,No
102043,Female,42.0,25,Two year,Fiber optic,Mailed check,Yes,76.7,2051.91,No
102044,Female,52.0,49,Month-to-month,Fiber optic,Bank transfer,Yes,72.09,3665.76,No
102045,Male,45.0,35,Month-to-month,DSL,Electronic check,Yes,50.62,1905.43,No
102046,Female,41.0,44,One year,Fiber optic,Credit card,Yes,92.28,,No
102047,Male,29.0,39,Month-to-month,DSL,Bank transfer,No,47.89,1747.57,No
102048,Female,50.0,59,Month-to-month,DSL,Electronic check,Yes,81.15,4758.83,No
102049,Female,18.0,64,Month-to-month,Fiber optic,Credit card,No,69.64,4446.63,No
102050,Female,44.0,33,One year,Fiber optic,Electronic check,Yes,73.43,2366.51,Yes
102051,Male,72.0,32,Month-to-month,DSL,Electronic check,Yes,102.39,3242.21,No
102052,Male,19.0,21,Month-to-month,DSL,Bank transfer,No,95.86,1909.07,No
102053,Male,36.0,32,Month-to-month,No,Bank transfer,Yes,47.08,1570.86,Yes
102054,Female,39.0,61,Two year,Fiber optic,Electronic check,No,62.18,3939.53,No
102055,Female,33.0,37,One year,Fiber optic,Electronic check,No,103.45,4042.03,Yes
102056,Male,52.0,50,Month-to-month,No,Electronic check,No,36.15,1829.84,No
102057,Female,45.0,31,Two year,No,Electronic check,Yes,108.35,3343.4,No
102058,Female,41.0,51,Two year,DSL,Mailed check,No,75.38,3841.05,No
102059,Male,49.0,52,One year,Fiber optic,Electronic check,No,69.54,3738.59,No
102060,Male,39.0,39,Month-to-month,DSL,Mailed check,Yes,72.26,2939.13,No
102061,Female,75.0,68,Month-to-month,Fiber optic,Bank transfer,Yes,118.03,8004.39,Yes
102062,Female,41.0,64,One year,Fiber optic,Bank transfer,No,32.0,2156.31,Yes
102063,Male,42.0,12,Month-to-month,DSL,Credit card,Yes,97.66,1186.47,No
102064,Female,18.0,17,Month-to-month,Fiber optic,Electronic check,Yes,113.86,1869.42,Yes
102065,Female,32.0,69,Month-to-month,DSL,Electronic check,No,63.98,4400.7,No
102066,Female,54.0,29,Month-to-month,Fiber optic,Electronic check,No,82.21,2537.37,Yes
102067,Female,22.0,23,One year,DSL,Electronic check,Yes,75.41,1799.38,No
102068,Female,18.0,58,Month-to-month,Fiber optic,Mailed check,Yes,102.34,5890.11,Yes
102069,Male,39.0,44,One year,Fiber optic,Electronic check,Yes,65.76,2977.8,No
102070,Male,57.0,10,Two year,DSL,Bank transfer,Yes,71.64,780.65,No
102071,Male,40.0,7,Month-to-month,Fiber optic,Credit card,Yes,81.5,542.6,Yes
102072,Female,35.0,59,Month-to-month,DSL,Electronic check,No,88.97,5182.03,No
102073,Male,18.0,56,Month-to-month,Fiber optic,Electronic check,No,150.89,8349.83,Yes
102074,Male,45.0,26,Month-to-month,Fiber optic,Bank transfer,No,65.65,1558.92,Yes
102075,Female,48.0,63,Two year,DSL,Bank transfer,No,73.97,4601.23,No
102076,Male,18.0,10,One year,DSL,Electronic check,No,52.98,513.81,No
102077,Male,54.0,63,Two year,DSL,Bank transfer,Yes,59.78,3879.55,No
102078,Male,49.0,6,Two year,Fiber optic,Electronic check,Yes,57.1,416.78,No
102079,Male,54.0,46,Month-to-month,Fiber optic,Bank transfer,Yes,45.74,2121.73,No
102080,Male,47.0,61,One year,DSL,Bank transfer,Yes,101.57,6027.13,No
102081,Female,47.0,45,Month-to-month,DSL,Electronic check,No,80.9,3667.07,Yes
102082,Male,46.0,57,Month-to-month,No,Electronic check,Yes,74.32,4088.15,No
102083,Male,50.0,25,Month-to-month,DSL,Bank transfer,Yes,50.15,1332.34,No
102084,Female,18.0,21,Month-to-month,DSL,Mailed check,Yes,70.13,1553.86,No
102085,Male,19.0,20,One year,Fiber optic,Credit card,Yes,55.09,1106.38,No
102086,Female,29.0,9,One year,DSL,Mailed check,No,71.32,715.4,Yes
102087,Female,37.0,20,Month-to-month,No,Bank transfer,Yes,80.34,1698.08,No
102088,Female,44.0,18,Month-to-month,DSL,Bank transfer,Yes,,1061.78,Yes
102089,Male,43.0,55,One year,No,Bank transfer,No,53.08,2906.36,No
102090,Male,54.0,16,One year,Fiber optic,Electronic check,Yes,71.69,1027.45,No
102091,Female,54.0,12,Month-to-month,DSL,Electronic check,Yes,92.37,1076.48,No
102092,Male,28.0,53,Month-to-month,Fiber optic,Mailed check,No,89.04,4629.43,No
102093,Female,42.0,39,Month-to-month,No,Electronic check,Yes,31.83,1150.77,No
102094,Male,28.0,16,One year,Fiber optic,Electronic check,Yes,102.09,1567.48,No
102095,Male,37.0,51,One year,DSL,Electronic check,Yes,85.58,4188.04,No
102096,Female,43.0,16,Month-to-month,No,Credit card,Yes,76.68,1315.02,No
102097,Female,18.0,57,Month-to-month,DSL,Bank transfer,Yes,113.14,6468.69,No
102098,Female,70.0,3,Month-to-month,DSL,Credit card,No,72.6,322.28,No
102099,Female,46.0,43,One year,DSL,Credit card,Yes,82.77,3631.29,No
102100,Male,31.0,43,Month-to-month,No,Bank transfer,No,83.74,3645.72,No
102101,Female,64.0,27,One year,DSL,Mailed check,Yes,93.94,2607.86,No
102102,Female,34.0,50,Two year,DSL,Mailed check,No,66.43,3335.07,No
102103,Male,41.0,28,Month-to-month,No,Bank transfer,No,55.88,1682.1,No
102104,Male,33.0,48,Month-to-month,Fiber optic,Credit card,Yes,108.33,5153.96,No
102105,Female,60.0,17,Month-to-month,DSL,Credit card,Yes,95.03,1613.7,No
102106,Male,38.0,41,Month-to-month,Fiber optic,Mailed check,No,115.87,4725.54,No
102107,Female,41.0,55,Two year,DSL,Bank transfer,Yes,82.39,4712.98,No
102108,Male,55.0,70,Two year,Fiber optic,Mailed check,No,42.78,2937.73,No
102109,Male,47.0,26,Month-to-month,DSL,Mailed check,Yes,76.1,2094.5,Yes
102110,Male,38.0,35,Two year,Fiber optic,Electronic check,No,84.84,2846.7,No
102111,Male,53.0,35,Month-to-month,Fiber optic,Electronic check,Yes,114.74,4024.92,Yes
102112,Female,72.0,62,One year,Fiber optic,Electronic check,Yes,110.46,6832.18,No
102113,Female,43.0,70,One year,DSL,Bank transfer,Yes,87.32,6020.52,No
102114,Female,41.0,47,Month-to-month,Fiber optic,Electronic check,Yes,32.18,1452.66,Yes
102115,Female,41.0,60,Month-to-month,Fiber optic,Credit card,Yes,63.38,3848.08,Yes
102116,Male,56.0,7,One year,Fiber optic,Electronic check,Yes,74.89,493.95,No
102117,Female,31.0,55,Month-to-month,Fiber optic,Electronic check,No,75.47,4063.98,No
102118,Female,,59,Two year,No,Mailed check,Yes,76.17,4574.83,No
102119,Female,19.0,52,Month-to-month,No,Electronic check,Yes,109.01,5666.61,Yes
102120,Female,24.0,43,Month-to-month,No,Electronic check,No,91.48,3963.45,Yes
102121,Female,32.0,65,Two year,Fiber optic,Electronic check,No,61.03,4065.34,No
102122,Female,38.0,48,Month-to-month,DSL,Mailed check,No,51.28,2600.56,No
102123,Female,62.0,61,Month-to-month,Fiber optic,Electronic check,Yes,61.03,3517.08,Yes
102124,Female,46.0,13,Month-to-month,DSL,Mailed check,No,69.08,888.37,No
102125,Female,27.0,48,Month-to-month,DSL,Electronic check,Yes,92.14,4271.8,No
102126,Male,30.0,32,Month-to-month,DSL,Electronic check,Yes,96.1,3320.55,Yes
102127,Male,57.0,63,Month-to-month,Fiber optic,Electronic check,No,74.59,4712.74,No
102128,Female,54.0,64,Month-to-month,Fiber optic,Electronic check,Yes,83.25,5415.58,No
102129,Male,39.0,61,Month-to-month,Fiber optic,Bank transfer,Yes,125.85,7620.41,No
102130,Male,33.0,16,Two year,DSL,Mailed check,Yes,34.88,526.09,No
102131,Female,54.0,36,Two year,No,Bank transfer,Yes,87.95,3265.14,No
102132,Female,26.0,1,Month-to-month,Fiber optic,Credit card,Yes,97.25,143.61,Yes
102133,Female,44.0,71,Two year,DSL,Electronic check,No,64.58,4736.18,No
102134,Male,69.0,19,Two year,DSL,Credit card,No,71.54,1284.17,No
102135,Male,42.0,45,Two year,DSL,Bank transfer,No,82.51,3693.33,Yes
102136,Female,29.0,36,One year,No,Bank transfer,Yes,64.64,2373.22,No
102137,Female,44.0,66,Month-to-month,DSL,Credit card,Yes,56.06,3759.87,No
102138,Male,33.0,60,Month-to-month,No,Electronic check,No,54.18,3288.54,No
102139,Female,21.0,56,Two year,DSL,Mailed check,Yes,118.55,6519.72,No
102140,Male,48.0,47,Month-to-month,Fiber optic,Mailed check,Yes,72.99,3345.69,No
102141,Female,54.0,9,Two year,DSL,Bank transfer,Yes,77.03,724.02,No
102142,Female,35.0,67,One year,Fiber optic,Electronic check,Yes,103.63,6804.31,No
102143,Female,34.0,5,Month-to-month,Fiber optic,Electronic check,Yes,78.71,313.81,Yes
102144,Female,26.0,33,Month-to-month,DSL,Credit card,No,72.89,2408.73,No
102145,Male,37.0,28,Two year,No,Mailed check,Yes,84.57,2298.11,No
102146,Male,32.0,29,Month-to-month,Fiber optic,Electronic check,Yes,62.8,1841.84,No
102147,Male,26.0,71,One year,DSL,Electronic check,Yes,33.59,2376.83,No
102148,Female,64.0,17,Two year,Fiber optic,Mailed check,Yes,65.73,,Yes
102149,Female,45.0,42,Month-to-month,DSL,Electronic check,Yes,115.21,4770.02,Yes
102150,Female,46.0,16,Month-to-month,No,Electronic check,No,57.62,,No
102151,Male,50.0,66,Month-to-month,Fiber optic,Credit card,Yes,87.27,5794.39,No
102152,Male,49.0,53,Two year,DSL,Electronic check,No,38.85,2081.31,No
102153,Female,34.0,30,Month-to-month,DSL,Electronic check,Yes,105.55,3171.44,Yes
102154,Female,43.0,6,Month-to-month,DSL,Bank transfer,Yes,64.47,305.15,No
102155,Female,36.0,11,Month-to-month,No,Electronic check,No,60.63,616.14,Yes
102156,Male,45.0,18,Month-to-month,DSL,Electronic check,Yes,68.66,1019.81,No
102157,Male,43.0,30,Month-to-month,DSL,Mailed check,Yes,134.83,,No
102158,Female,34.0,64,Month-to-month,Fiber optic,Bank transfer,No,95.04,6026.79,No
102159,Female,22.0,9,Two year,DSL,Mailed check,Yes,68.08,662.09,No
102160,Male,41.0,42,Month-to-month,DSL,Bank transfer,No,20.0,785.72,Yes
102161,Female,36.0,26,Two year,Fiber optic,Credit card,No,117.82,3134.05,No
102162,Male,18.0,4,Two year,DSL,Bank transfer,Yes,54.63,195.14,No
102163,Male,46.0,45,One year,No,Mailed check,Yes,50.68,2293.97,No
102164,Female,52.0,51,One year,Fiber optic,Credit card,Yes,64.92,3308.11,No
102165,Female,72.0,70,Month-to-month,DSL,Electronic check,Yes,108.63,7667.08,No
102166,Female,34.0,37,One year,Fiber optic,Mailed check,Yes,82.95,3177.71,Yes
102167,Male,32.0,24,Month-to-month,DSL,Electronic check,Yes,33.95,725.97,No
102168,Female,25.0,62,Month-to-month,Fiber optic,Electronic check,No,78.9,5050.15,Yes
102169,Female,42.0,18,One year,Fiber optic,Credit card,No,63.21,1060.67,No
102170,Female,42.0,50,Month-to-month,Fiber optic,Electronic check,Yes,92.99,4632.92,No
102171,Male,28.0,68,Month-to-month,Fiber optic,Electronic check,Yes,74.34,5007.52,No
102172,Female,37.0,1,One year,Fiber optic,Electronic check,No,44.77,180.47,No
102173,Female,18.0,67,Month-to-month,DSL,Mailed check,Yes,69.94,4590.5,No
102174,Female,51.0,15,Month-to-month,No,Credit card,Yes,70.58,1123.28,Yes
102175,Male,29.0,35,Month-to-month,DSL,Mailed check,Yes,40.66,1224.35,No
102176,Female,39.0,19,Month-to-month,No,Credit card,Yes,23.0,510.25,No
102177,Male,20.0,11,Month-to-month,Fiber optic,Mailed check,Yes,91.07,984.55,No
102178,Male,31.0,51,Month-to-month,DSL,Credit card,Yes,64.98,3280.28,No
102179,Female,35.0,35,Month-to-month,Fiber optic,Credit card,Yes,78.62,2689.45,Yes
102180,Male,39.0,37,One year,No,Electronic check,No,90.65,3348.06,Yes
102181,Female,45.0,35,Two year,No,Credit card,Yes,23.53,791.6,No
102182,Male,58.0,54,One year,Fiber optic,Electronic check,No,85.51,4483.36,No
102183,Female,49.0,70,Month-to-month,Fiber optic,Mailed check,Yes,100.56,6968.56,No
102184,Female,52.0,37,One year,Fiber optic,Electronic check,Yes,79.43,3010.77,Yes
102185,Female,58.0,12,Two year,DSL,Mailed check,No,36.6,402.96,No
102186,Male,46.0,24,Two year,Fiber optic,Credit card,Yes,67.48,1548.37,No
102187,Male,39.0,36,Month-to-month,DSL,Bank transfer,Yes,60.71,2189.75,No
102188,Male,52.0,8,Month-to-month,No,Mailed check,Yes,32.53,304.21,No
102189,Male,53.0,17,Month-to-month,Fiber optic,Credit card,Yes,93.28,1644.27,Yes
102190,Female,47.0,15,One year,Fiber optic,Electronic check,Yes,84.08,1291.61,Yes
102191,Male,,71,Month-to-month,Fiber optic,Electronic check,No,67.93,4931.84,No
102192,Male,28.0,29,Two year,DSL,Credit card,No,96.64,2806.99,No
102193,Male,35.0,64,Month-to-month,DSL,Electronic check,Yes,58.95,3751.55,No
102194,Male,49.0,40,One year,DSL,Credit card,Yes,109.0,4438.61,Yes
102195,Female,39.0,37,Month-to-month,DSL,Electronic check,Yes,65.28,2351.59,Yes
102196,Female,54.0,68,Month-to-month,DSL,Electronic check,Yes,48.14,3237.14,No
102197,Male,56.0,50,Month-to-month,Fiber optic,Electronic check,Yes,60.89,2901.12,No
102198,Female,55.0,18,One year,Fiber optic,Electronic check,Yes,86.28,1716.29,No
102199,Female,55.0,21,Month-to-month,Fiber optic,Electronic check,Yes,57.24,1389.73,No
102200,Male,26.0,48,Month-to-month,No,Electronic check,Yes,75.61,3613.53,No
102201,Male,45.0,1,One year,No,Electronic check,Yes,61.99,130.7,No
102202,Male,31.0,11,Two year,DSL,Bank transfer,Yes,61.41,738.47,No
102203,Male,18.0,6,One year,Fiber optic,Mailed check,Yes,82.96,514.81,Yes
102204,Male,35.0,52,One year,No,Electronic check,No,97.12,5159.63,No
102205,Male,56.0,32,Month-to-month,DSL,Electronic check,No,58.43,1755.93,Yes
102206,Female,45.0,1,Two year,Fiber optic,Electronic check,Yes,88.6,71.96,Yes
102207,Male,65.0,54,Month-to-month,No,Electronic check,Yes,83.11,4300.12,No
102208,Female,41.0,48,Two year,Fiber optic,Mailed check,Yes,53.75,2489.01,No
102209,Male,71.0,52,One year,No,Electronic check,No,85.07,4277.33,No
102210,Male,41.0,12,Month-to-month,No,Credit card,Yes,92.38,943.16,No
102211,Female,39.0,63,Month-to-month,DSL,Electronic check,Yes,96.15,6012.86,No
102212,Female,22.0,13,One year,Fiber optic,Mailed check,Yes,56.28,764.48,No
102213,Female,53.0,42,One year,Fiber optic,Bank transfer,Yes,58.03,2377.39,No
102214,Male,32.0,41,One year,DSL,Electronic check,No,70.64,2847.18,No
102215,Male,31.0,16,Two year,DSL,Electronic check,Yes,69.22,1041.39,No
102216,Male,56.0,28,Month-to-month,DSL,Electronic check,Yes,72.48,2042.08,Yes
102217,Male,54.0,4,Month-to-month,Fiber optic,Mailed check,No,75.08,245.91,No
102218,Female,54.0,34,One year,Fiber optic,Credit card,Yes,88.65,2923.51,No
102219,Male,34.0,49,Month-to-month,No,Electronic check,No,20.0,1063.91,No
102220,Male,38.0,23,One year,DSL,Credit card,No,88.45,1955.84,No
102221,Female,38.0,39,Two year,Fiber optic,Mailed check,No,120.8,4596.74,Yes
102222,Male,49.0,69,Month-to-month,DSL,Bank transfer,No,58.17,4080.32,No
102223,Male,59.0,17,Two year,No,Electronic check,No,77.06,1158.48,No
102224,Male,44.0,21,One year,Fiber optic,Credit card,Yes,126.02,2757.06,No
102225,Male,65.0,9,Month-to-month,Fiber optic,Electronic check,No,84.84,671.22,No
102226,Female,51.0,40,Two year,DSL,Electronic check,Yes,79.64,3192.82,No
102227,Female,36.0,15,One year,DSL,Mailed check,No,118.04,1681.09,Yes
102228,Female,50.0,62,Month-to-month,DSL,Credit card,Yes,122.91,7621.59,No
102229,Male,61.0,21,Month-to-month,Fiber optic,Electronic check,No,57.48,1160.19,No
102230,Female,65.0,48,Month-to-month,DSL,Electronic check,Yes,61.71,2873.65,No
102231,Female,54.0,14,One year,No,Credit card,Yes,94.34,1176.43,No
102232,Male,39.0,24,Month-to-month,DSL,Credit card,No,84.43,1977.65,No
102233,Female,36.0,13,Month-to-month,Fiber optic,Bank transfer,Yes,101.65,1364.2,Yes
102234,Male,46.0,40,Two year,DSL,Mailed check,Yes,20.0,860.69,No
102235,Female,61.0,2,One year,DSL,Mailed check,No,23.15,20.0,No
102236,Female,45.0,6,One year,Fiber optic,Credit card,Yes,128.61,707.2,No
102237,Male,45.0,37,Two year,Fiber optic,Electronic check,Yes,103.35,3808.26,No
102238,Male,40.0,40,Month-to-month,Fiber optic,Bank transfer,Yes,92.84,3713.72,No
102239,Male,35.0,24,Month-to-month,Fiber optic,Bank transfer,No,52.94,1270.27,No
102240,Female,37.0,32,One year,DSL,Credit card,Yes,61.63,1933.11,No
102241,Male,41.0,30,Month-to-month,Fiber optic,Mailed check,Yes,98.24,2914.3,No
102242,Female,61.0,55,Month-to-month,Fiber optic,Electronic check,No,49.42,2692.25,Yes
102243,Male,36.0,33,One year,DSL,Bank transfer,No,54.37,1576.84,No
102244,Male,40.0,62,Month-to-month,Fiber optic,Credit card,Yes,93.39,5753.68,No
102245,Female,28.0,16,Month-to-month,DSL,Credit card,Yes,86.74,1458.23,No
102246,Female,48.0,15,One year,DSL,Electronic check,No,58.92,1009.19,No
102247,Female,57.0,30,One year,DSL,Electronic check,No,96.56,3002.68,No
102248,Male,60.0,6,Month-to-month,Fiber optic,Bank transfer,No,107.74,654.55,No
102249,Male,42.0,49,Month-to-month,DSL,Mailed check,Yes,27.18,1224.82,No
102250,Male,46.0,29,Two year,No,Electronic check,No,112.95,3226.26,No
102251,Female,37.0,27,Two year,Fiber optic,Electronic check,No,113.16,2986.76,No
102252,Female,46.0,39,Month-to-month,DSL,Electronic check,No,77.16,2882.43,No
102253,Male,43.0,6,Month-to-month,Fiber optic,Electronic check,No,80.57,398.63,Yes
102254,Female,40.0,28,One year,DSL,Electronic check,Yes,91.73,2502.84,No
102255,Male,41.0,70,Month-to-month,DSL,Credit card,No,85.34,5848.27,No
102256,Female,45.0,46,Month-to-month,No,Bank transfer,Yes,65.21,3083.61,No
102257,Female,35.0,42,Month-to-month,Fiber optic,Electronic check,Yes,124.16,5269.54,No
102258,Female,36.0,37,Month-to-month,DSL,Bank transfer,Yes,20.0,735.57,No
102259,Male,61.0,34,Month-to-month,No,,Yes,55.38,1917.27,Yes
102260,Female,74.0,68,Month-to-month,No,Bank transfer,Yes,83.19,5684.45,No
102261,Male,23.0,67,Two year,Fiber optic,Credit card,Yes,82.7,5474.89,No
102262,Female,23.0,30,Month-to-month,Fiber optic,Electronic check,Yes,101.49,3206.6,Yes
102263,Male,27.0,67,Month-to-month,Fiber optic,Credit card,No,49.13,3222.53,No
102264,Female,38.0,6,Month-to-month,Fiber optic,Electronic check,Yes,77.64,315.72,Yes
102265,Male,51.0,24,Two year,Fiber optic,Bank transfer,Yes,112.76,2720.76,No
102266,Male,47.0,22,Month-to-month,No,Credit card,Yes,34.66,813.3,No
102267,Female,41.0,51,Month-to-month,Fiber optic,Bank transfer,No,77.99,3950.32,No
102268,Female,46.0,44,One year,DSL,Electronic check,Yes,58.73,2696.14,Yes
102269,Male,30.0,35,One year,DSL,Electronic check,Yes,81.08,2854.06,No
102270,Female,36.0,19,One year,Fiber optic,Electronic check,Yes,93.83,1708.91,No
102271,Male,39.0,37,Month-to-month,DSL,Electronic check,Yes,74.43,2700.47,No
102272,Male,18.0,20,Month-to-month,DSL,Electronic check,No,64.75,1308.38,No
102273,Male,24.0,36,Month-to-month,Fiber optic,Electronic check,No,85.58,3088.13,Yes
102274,Male,24.0,25,One year,No,Mailed check,Yes,67.88,1806.21,No
102275,Male,49.0,64,Month-to-month,DSL,Electronic check,Yes,71.19,4631.29,No
102276,Male,42.0,54,Month-to-month,DSL,Mailed check,Yes,108.42,5713.59,Yes
102277,Male,47.0,13,Month-to-month,No,Bank transfer,No,41.94,530.03,No
102278,Male,18.0,68,Two year,Fiber optic,Electronic check,No,92.54,6180.86,No
102279,Male,20.0,48,Month-to-month,Fiber optic,Bank transfer,No,60.45,3032.87,No
102280,Female,48.0,26,Month-to-month,Fiber optic,Bank transfer,No,132.87,3367.01,Yes
102281,Female,18.0,39,Two year,Fiber optic,Mailed check,Yes,86.23,3381.16,No
102282,Male,55.0,15,One year,DSL,Mailed check,Yes,40.3,541.69,No
102283,Male,18.0,4,One year,Fiber optic,Bank transfer,No,78.2,134.73,No
102284,Female,50.0,31,One year,Fiber optic,Mailed check,Yes,47.53,1360.45,No
102285,Female,27.0,57,Month-to-month,DSL,Mailed check,Yes,56.17,3179.24,No
102286,Female,53.0,26,One year,DSL,Credit card,No,87.39,2323.31,Yes
102287,Female,75.0,28,Month-to-month,Fiber optic,Credit card,Yes,118.03,3352.63,No
102288,Female,18.0,72,Two year,Fiber optic,Electronic check,Yes,111.02,7873.67,No
102289,Female,48.0,72,Month-to-month,Fiber optic,Mailed check,Yes,81.38,5887.56,No
102290,Male,18.0,34,One year,Fiber optic,Credit card,Yes,98.25,3425.98,Yes
102291,Male,45.0,4,Month-to-month,Fiber optic,Mailed check,Yes,104.21,462.98,Yes
102292,Male,36.0,49,Month-to-month,DSL,Bank transfer,Yes,128.24,6251.21,No
102293,Male,41.0,52,Month-to-month,No,Electronic check,Yes,56.9,2963.13,No
102294,Female,27.0,66,One year,No,Electronic check,No,109.73,7255.9,No
102295,Female,49.0,69,Month-to-month,DSL,Mailed check,Yes,44.7,3210.03,No
102296,Female,20.0,46,Two year,Fiber optic,Credit card,No,113.5,5374.12,No
102297,Male,55.0,8,Month-to-month,DSL,Electronic check,No,56.48,509.88,Yes
102298,Male,34.0,18,One year,No,Credit card,Yes,54.91,993.19,No
102299,Male,21.0,52,One year,Fiber optic,Bank transfer,Yes,76.88,3994.96,Yes
102300,Female,60.0,44,Month-to-month,Fiber optic,Bank transfer,No,64.6,2848.94,No
102301,Male,38.0,32,One year,No,Credit card,Yes,82.65,2663.28,Yes
102302,Male,64.0,29,One year,Fiber optic,Electronic check,Yes,114.66,3278.68,Yes
102303,Female,55.0,52,One year,DSL,Electronic check,Yes,20.0,1217.13,No
102304,Female,29.0,31,Month-to-month,Fiber optic,Electronic check,No,79.63,2397.26,No
102305,Female,38.0,12,One year,Fiber optic,Mailed check,No,56.84,798.68,No
102306,Male,41.0,71,Month-to-month,DSL,Electronic check,Yes,94.63,6520.92,No
102307,Male,59.0,26,Month-to-month,Fiber optic,Bank transfer,Yes,119.51,3082.48,No
102308,Male,45.0,21,Month-to-month,Fiber optic,Credit card,Yes,79.63,1641.74,No
102309,Male,41.0,5,One year,Fiber optic,Electronic check,Yes,66.42,352.68,Yes
102310,Female,36.0,34,Two year,No,Mailed check,Yes,31.62,1042.29,No
102311,Male,38.0,72,Month-to-month,Fiber optic,Bank transfer,No,132.72,9680.58,No
102312,Male,56.0,12,Month-to-month,Fiber optic,Bank transfer,Yes,116.97,1381.83,No
102313,Female,39.0,18,Month-to-month,Fiber optic,Credit card,Yes,34.54,529.08,No
102314,Male,34.0,13,One year,DSL,Electronic check,Yes,88.39,1062.13,No
102315,Male,32.0,7,One year,DSL,Electronic check,No,44.2,266.83,No
102316,Male,32.0,44,One year,No,Credit card,No,59.29,2673.95,No
102317,Male,21.0,22,One year,Fiber optic,Electronic check,Yes,52.79,1242.88,No
102318,Male,29.0,55,One year,Fiber optic,Bank transfer,Yes,33.98,1760.69,No
102319,Female,58.0,29,Month-to-month,DSL,Electronic check,No,70.86,1982.93,Yes
102320,Female,36.0,46,Month-to-month,DSL,Mailed check,Yes,119.39,5396.04,No
102321,Male,48.0,7,Month-to-month,DSL,Mailed check,No,48.85,316.26,Yes
102322,Male,18.0,24,Two year,Fiber optic,Bank transfer,No,106.28,2637.3,Yes
102323,Male,46.0,30,One year,Fiber optic,Electronic check,No,110.21,3321.73,Yes
102324,Female,37.0,5,Month-to-month,DSL,Credit card,Yes,90.04,499.71,No
102325,Female,33.0,31,Month-to-month,Fiber optic,Credit card,Yes,133.91,4218.43,No
102326,Female,41.0,34,Month-to-month,No,Bank transfer,Yes,95.88,3207.11,No
102327,Male,33.0,30,Two year,No,Credit card,Yes,117.12,3398.31,No
102328,Male,18.0,37,Month-to-month,No,Credit card,Yes,43.32,1549.98,No
102329,Male,51.0,58,One year,Fiber optic,Bank transfer,Yes,102.63,6026.46,No
102330,Male,42.0,56,Month-to-month,Fiber optic,Mailed check,No,121.77,6873.38,Yes
102331,Male,35.0,2,One year,Fiber optic,Credit card,Yes,64.7,136.52,Yes
102332,Female,26.0,47,One year,DSL,Credit card,Yes,20.0,1025.4,No
102333,Male,20.0,66,Month-to-month,No,Bank transfer,Yes,40.32,2674.23,No
102334,Female,42.0,63,One year,Fiber optic,Electronic check,Yes,65.88,4120.57,Yes
102335,Female,60.0,24,Month-to-month,Fiber optic,Electronic check,Yes,98.03,2211.53,Yes
102336,Female,42.0,57,Two year,DSL,Bank transfer,Yes,57.84,3411.3,No
102337,Male,21.0,58,Month-to-month,DSL,Credit card,Yes,72.08,4171.99,No
102338,Female,42.0,27,One year,No,Electronic check,No,56.89,1495.4,No
102339,Male,38.0,63,Month-to-month,DSL,Credit card,Yes,68.79,4324.53,No
102340,Male,50.0,46,One year,DSL,Electronic check,No,70.34,3370.53,No
102341,Male,47.0,55,Month-to-month,Fiber optic,Mailed check,Yes,68.19,3839.79,No
102342,Male,18.0,54,One year,Fiber optic,Credit card,Yes,104.53,5612.22,No
102343,Female,46.0,57,Month-to-month,DSL,Credit card,Yes,106.51,6113.35,No
102344,Female,26.0,69,Month-to-month,DSL,Mailed check,Yes,43.28,3096.76,No
102345,Female,21.0,62,Two year,Fiber optic,Credit card,Yes,89.43,5575.93,No
102346,Male,37.0,31,Month-to-month,No,Credit card,Yes,36.26,1134.93,No
102347,Male,44.0,41,Month-to-month,Fiber optic,Credit card,No,40.18,1459.25,No
102348,Female,18.0,47,One year,Fiber optic,Credit card,Yes,109.91,5277.89,No
102349,Male,48.0,62,Month-to-month,DSL,Mailed check,Yes,122.19,7483.23,No
102350,Female,49.0,29,Two year,Fiber optic,Electronic check,Yes,75.79,2029.55,No
102351,Female,40.0,23,Month-to-month,Fiber optic,Electronic check,Yes,129.83,2823.7,No
102352,Female,28.0,54,Two year,No,Electronic check,No,55.79,2935.7,No
102353,Female,26.0,69,Two year,Fiber optic,Electronic check,Yes,78.14,5435.4,No
102354,Male,52.0,66,Month-to-month,DSL,Electronic check,Yes,113.69,7608.0,No
102355,Male,19.0,11,Month-to-month,DSL,Electronic check,No,49.18,571.73,No
102356,Male,53.0,67,One year,Fiber optic,Mailed check,Yes,106.92,7319.84,Yes
102357,Male,37.0,57,One year,DSL,Electronic check,Yes,63.29,3571.25,No
102358,Male,38.0,12,Month-to-month,Fiber optic,Electronic check,Yes,65.98,770.87,Yes
102359,Female,18.0,1,Month-to-month,Fiber optic,Electronic check,No,71.28,20.0,Yes
102360,Male,37.0,15,Month-to-month,DSL,Electronic check,Yes,20.0,248.18,No
102361,Female,47.0,67,One year,Fiber optic,Bank transfer,Yes,115.53,7556.73,No
102362,Female,22.0,55,One year,Fiber optic,Credit card,Yes,89.66,4810.54,No
102363,Female,45.0,42,Month-to-month,No,Bank transfer,Yes,68.3,2925.31,No
102364,Male,40.0,46,Month-to-month,DSL,Bank transfer,Yes,54.68,2363.44,No
102365,Female,31.0,30,One year,DSL,Credit card,No,79.79,2250.76,No
102366,Male,50.0,66,Two year,DSL,Bank transfer,Yes,94.09,6051.74,Yes
102367,Male,18.0,12,Month-to-month,DSL,Electronic check,Yes,65.14,851.55,No
102368,Male,44.0,23,Month-to-month,Fiber optic,Electronic check,Yes,108.09,2633.57,No
102369,Male,60.0,15,Month-to-month,Fiber optic,Bank transfer,Yes,90.88,1356.47,No
102370,Male,58.0,62,One year,DSL,Bank transfer,Yes,69.67,4404.4,No
102371,Male,44.0,39,Month-to-month,No,Credit card,Yes,94.81,3592.82,No
102372,Female,35.0,50,Month-to-month,DSL,Electronic check,No,59.3,3075.69,No
102373,Male,31.0,67,One year,Fiber optic,Credit card,Yes,52.71,3467.16,No
102374,Male,35.0,15,Month-to-month,No,Mailed check,Yes,70.67,1120.13,No
102375,Female,46.0,70,Month-to-month,Fiber optic,Credit card,Yes,84.88,5939.15,Yes
102376,Female,29.0,10,Month-to-month,DSL,Mailed check,Yes,66.44,491.78,No
102377,Female,49.0,55,Month-to-month,No,Electronic check,Yes,101.75,5516.59,No
102378,Male,67.0,51,Month-to-month,Fiber optic,Electronic check,Yes,96.51,4937.41,No
102379,Female,38.0,60,Month-to-month,DSL,Electronic check,No,69.12,3980.73,No
102380,Female,22.0,12,Month-to-month,DSL,Electronic check,Yes,71.86,889.01,No
102381,Male,22.0,70,Month-to-month,No,Credit card,Yes,74.02,5053.94,No
102382,Male,49.0,58,Two year,DSL,Electronic check,Yes,85.15,4987.36,No
102383,Female,38.0,8,Two year,Fiber optic,Electronic check,Yes,85.31,560.03,No
102384,Male,50.0,41,Month-to-month,DSL,Electronic check,No,68.14,2833.63,No
102385,Male,32.0,59,One year,DSL,Bank transfer,Yes,38.64,2353.25,No
102386,Female,50.0,35,Month-to-month,No,Electronic check,Yes,54.26,1883.97,No
102387,Female,37.0,28,Two year,No,Electronic check,No,78.93,2202.83,No
102388,Female,29.0,20,Two year,DSL,Credit card,Yes,76.7,1667.7,No
102389,Female,34.0,38,One year,DSL,Electronic check,Yes,34.87,1254.57,No
102390,Female,23.0,71,One year,Fiber optic,Credit card,No,69.95,4918.37,No
102391,Male,65.0,44,Month-to-month,Fiber optic,Electronic check,Yes,60.76,2731.1,No
102392,Male,38.0,52,Month-to-month,Fiber optic,Bank transfer,Yes,118.12,6180.25,No
102393,Female,47.0,57,Month-to-month,DSL,Bank transfer,Yes,78.28,4440.11,No
102394,Male,32.0,57,Month-to-month,No,Electronic check,Yes,82.76,4607.97,No
102395,Male,25.0,29,One year,DSL,Bank transfer,Yes,70.33,2127.2,No
102396,Female,36.0,56,Month-to-month,DSL,Mailed check,No,56.34,3043.6,No
102397,Female,53.0,24,Month-to-month,DSL,Mailed check,Yes,60.86,1665.68,No
102398,Male,32.0,43,One year,DSL,Credit card,No,84.32,3518.16,No
102399,Male,28.0,22,One year,Fiber optic,Credit card,Yes,77.5,1605.53,No
102400,Female,41.0,68,One year,Fiber optic,Electronic check,Yes,96.58,6598.2,No
102401,Male,45.0,53,Month-to-month,Fiber optic,Bank transfer,Yes,87.57,4690.63,No
102402,Female,60.0,43,Two year,Fiber optic,Electronic check,Yes,91.39,3842.11,No
102403,Female,44.0,33,Month-to-month,DSL,Electronic check,Yes,80.66,2814.1,Yes
102404,Female,47.0,38,One year,No,Electronic check,Yes,58.85,2265.98,No
102405,Male,48.0,57,Month-to-month,Fiber optic,Bank transfer,Yes,76.23,4322.8,No
102406,Female,24.0,20,Month-to-month,DSL,Bank transfer,Yes,94.72,1929.14,No
102407,Male,26.0,60,Two year,DSL,Mailed check,Yes,117.66,7168.56,No
102408,Female,25.0,21,Month-to-month,Fiber optic,Credit card,Yes,106.95,2390.78,No
102409,Male,22.0,11,Month-to-month,Fiber optic,Bank transfer,Yes,32.0,369.36,Yes
102410,Male,49.0,54,Month-to-month,Fiber optic,Electronic check,Yes,65.05,3398.03,No
102411,Female,43.0,52,Two year,Fiber optic,Electronic check,Yes,86.87,4403.98,No
102412,Male,40.0,25,Two year,DSL,Mailed check,No,44.54,986.16,No
102413,Female,18.0,47,Month-to-month,No,Electronic check,No,43.37,1980.56,No
102414,Female,66.0,53,One year,DSL,Electronic check,Yes,61.53,3264.49,Yes
102415,Male,27.0,57,Month-to-month,DSL,Electronic check,Yes,80.63,4615.16,No
102416,Male,66.0,69,One year,Fiber optic,Mailed check,Yes,99.44,6962.76,No
102417,Female,20.0,62,Month-to-month,DSL,Mailed check,Yes,62.82,3708.24,No
102418,Male,28.0,32,Month-to-month,Fiber optic,Bank transfer,No,72.9,2331.83,No
102419,Male,18.0,17,Month-to-month,DSL,Bank transfer,Yes,50.91,906.94,No
102420,Male,44.0,8,Two year,Fiber optic,Credit card,No,96.68,520.72,Yes
102421,Male,25.0,42,Month-to-month,Fiber optic,Credit card,No,95.0,4030.82,No
102422,Female,25.0,48,Month-to-month,Fiber optic,Electronic check,No,106.68,5366.35,Yes
102423,Male,21.0,50,Two year,Fiber optic,Mailed check,Yes,87.24,4431.6,No
102424,Female,49.0,1,Month-to-month,DSL,Electronic check,Yes,39.22,66.93,Yes
102425,Male,48.0,51,Month-to-month,No,Credit card,No,63.28,3202.66,No
102426,Female,63.0,57,Month-to-month,Fiber optic,Mailed check,No,105.42,6029.89,Yes
102427,Male,30.0,52,Month-to-month,Fiber optic,Electronic check,Yes,40.61,2250.06,No
102428,Male,42.0,38,Month-to-month,DSL,Bank transfer,Yes,69.88,2624.23,No
102429,Female,22.0,2,Month-to-month,DSL,Mailed check,Yes,79.13,265.68,No
102430,Male,35.0,36,Month-to-month,Fiber optic,Credit card,Yes,134.09,4869.01,Yes
102431,Male,32.0,47,Month-to-month,Fiber optic,Electronic check,Yes,68.97,3387.98,No
102432,Female,45.0,41,Two year,No,Electronic check,Yes,68.96,2925.37,Yes
102433,Male,52.0,42,Month-to-month,No,Credit card,No,114.19,4813.04,Yes
102434,Male,52.0,38,One year,Fiber optic,Mailed check,Yes,69.29,2644.28,No
102435,Male,28.0,40,Month-to-month,Fiber optic,Electronic check,Yes,110.87,4406.61,Yes
102436,Female,52.0,24,Month-to-month,Fiber optic,Bank transfer,No,93.82,2339.6,Yes
102437,Female,38.0,44,Month-to-month,DSL,Bank transfer,Yes,66.47,2871.56,No
102438,Female,35.0,21,Month-to-month,Fiber optic,Electronic check,Yes,95.29,2011.33,Yes
102439,Female,30.0,36,One year,Fiber optic,Electronic check,No,80.31,2873.75,No
102440,Male,32.0,30,Month-to-month,DSL,Electronic check,Yes,128.45,3732.79,No
102441,Male,62.0,52,One year,DSL,Electronic check,No,20.36,1078.56,No
102442,Male,43.0,65,Two year,Fiber optic,Mailed check,Yes,76.94,4863.82,No
102443,Male,41.0,46,Month-to-month,Fiber optic,Electronic check,Yes,77.67,3532.48,Yes
102444,Male,36.0,10,Two year,DSL,Bank transfer,Yes,68.65,746.54,No
102445,Female,71.0,49,Month-to-month,DSL,Mailed check,Yes,99.01,4866.69,No
102446,Female,56.0,24,Month-to-month,DSL,Mailed check,Yes,60.82,1473.45,Yes
102447,Female,30.0,4,Month-to-month,Fiber optic,Electronic check,Yes,96.3,307.38,Yes
102448,Female,35.0,14,Two year,No,Mailed check,No,77.79,1183.46,No
102449,Female,36.0,72,One year,No,Electronic check,Yes,92.96,6613.37,No
102450,Male,41.0,31,Two year,No,Credit card,Yes,68.57,2189.24,No
102451,Female,30.0,15,One year,DSL,Electronic check,No,80.06,1317.8,Yes
102452,Female,45.0,10,Month-to-month,DSL,Credit card,Yes,68.91,551.35,No
102453,Male,58.0,47,Two year,Fiber optic,Bank transfer,No,59.35,2752.87,No
102454,Male,22.0,55,Two year,Fiber optic,Credit card,Yes,123.98,6774.04,No
102455,Female,24.0,26,One year,Fiber optic,Credit card,Yes,64.95,1713.26,No
102456,Male,33.0,8,Month-to-month,DSL,Credit card,Yes,60.04,395.41,No
102457,Female,33.0,26,Two year,No,Mailed check,No,50.58,1210.19,No
102458,Female,65.0,48,Month-to-month,DSL,Electronic check,No,82.05,3933.58,No
102459,Male,52.0,9,Two year,Fiber optic,Bank transfer,No,72.05,597.95,No
102460,Male,51.0,20,Two year,No,Electronic check,Yes,109.88,2184.46,No
102461,Male,36.0,1,One year,Fiber optic,Electronic check,Yes,97.35,177.69,Yes
102462,Male,35.0,34,Month-to-month,Fiber optic,Credit card,Yes,77.08,2475.15,Yes
102463,Male,20.0,13,Month-to-month,Fiber optic,Mailed check,Yes,61.26,786.14,Yes
102464,Female,49.0,15,Two year,Fiber optic,Electronic check,Yes,81.23,1165.26,No
102465,Male,45.0,9,Two year,Fiber optic,Credit card,Yes,97.0,875.13,No
102466,Male,56.0,53,One year,Fiber optic,Electronic check,No,82.85,4338.22,Yes
102467,Male,36.0,36,Two year,Fiber optic,Credit card,Yes,80.49,2791.42,No
102468,Female,37.0,69,Month-to-month,Fiber optic,Bank transfer,Yes,58.49,4071.19,No
102469,Male,41.0,29,Two year,Fiber optic,Electronic check,Yes,140.08,4311.75,No
102470,Male,51.0,16,Month-to-month,Fiber optic,Electronic check,Yes,78.97,1254.47,Yes
102471,Female,20.0,15,Month-to-month,Fiber optic,Credit card,Yes,49.64,679.25,No
102472,Male,49.0,69,Month-to-month,DSL,Electronic check,Yes,45.12,3047.65,No
102473,Male,39.0,43,Month-to-month,Fiber optic,Credit card,No,75.4,3326.32,No
102474,Male,25.0,24,Month-to-month,No,Mailed check,Yes,120.62,2815.95,Yes
102475,Male,18.0,48,One year,DSL,Electronic check,Yes,67.74,3368.49,No
102476,Male,37.0,41,Month-to-month,DSL,Bank transfer,Yes,62.63,2420.52,No
102477,Female,58.0,9,One year,DSL,Mailed check,No,93.12,855.39,No
102478,Male,61.0,51,Month-to-month,Fiber optic,Mailed check,Yes,106.94,5513.64,No
102479,Male,44.0,9,Two year,DSL,Bank transfer,Yes,88.48,864.94,Yes
102480,Male,65.0,15,Month-to-month,Fiber optic,Electronic check,Yes,89.0,1397.3,Yes
102481,Female,38.0,52,One year,DSL,Electronic check,No,44.39,2332.22,No
102482,Female,51.0,33,One year,DSL,Credit card,Yes,53.22,1860.08,No
102483,Male,33.0,16,Month-to-month,DSL,Mailed check,Yes,32.23,426.49,No
102484,Male,32.0,5,Month-to-month,DSL,Bank transfer,Yes,66.4,274.03,No
102485,Male,30.0,43,Month-to-month,Fiber optic,Mailed check,No,73.38,3119.07,No
102486,Male,18.0,51,Month-to-month,No,Bank transfer,No,58.79,3131.81,No
102487,Male,56.0,15,Month-to-month,Fiber optic,Electronic check,No,90.98,1406.66,Yes
102488,Male,31.0,30,Month-to-month,No,Credit card,Yes,55.57,1728.47,No
102489,Female,29.0,25,One year,DSL,Mailed check,Yes,63.49,1571.13,No
102490,Male,24.0,65,Month-to-month,No,Credit card,Yes,59.84,3963.11,No
102491,Male,36.0,57,Month-to-month,Fiber optic,Credit card,Yes,83.2,4602.72,No
102492,Male,62.0,20,Month-to-month,Fiber optic,Bank transfer,Yes,93.12,1825.6,Yes
102493,Female,66.0,37,Month-to-month,Fiber optic,Mailed check,Yes,50.39,1844.87,No
102494,Female,18.0,67,Month-to-month,Fiber optic,Electronic check,No,,6344.42,No
102495,Male,34.0,25,One year,DSL,Electronic check,Yes,78.61,1936.34,No
102496,Male,26.0,11,One year,DSL,Bank transfer,Yes,82.47,956.39,No
102497,Female,52.0,22,Month-to-month,Fiber optic,Electronic check,Yes,87.33,1942.71,Yes
102498,Female,43.0,44,Month-to-month,Fiber optic,Electronic check,Yes,93.04,4201.19,Yes
102499,Male,31.0,72,Month-to-month,No,Mailed check,Yes,61.61,4248.15,No
102500,Female,40.0,23,One year,DSL,Electronic check,Yes,,2044.78,Yes
102501,Female,33.0,5,Month-to-month,Fiber optic,Electronic check,Yes,112.61,504.58,Yes
102502,Male,60.0,14,Two year,Fiber optic,Mailed check,No,71.62,1121.12,No
102503,Female,46.0,30,One year,DSL,Electronic check,Yes,60.52,1778.02,No
102504,Male,48.0,7,One year,DSL,Electronic check,No,87.76,647.58,Yes
102505,Male,18.0,3,Month-to-month,Fiber optic,Electronic check,No,70.15,113.54,Yes
102506,Male,38.0,48,Two year,Fiber optic,Mailed check,Yes,66.02,3059.51,No
102507,Male,66.0,60,Month-to-month,DSL,Credit card,Yes,82.55,5005.3,No
102508,Female,56.0,17,Month-to-month,DSL,Electronic check,No,61.24,801.32,No
102509,Male,18.0,38,Two year,DSL,Bank transfer,Yes,102.54,3787.15,No
102510,Male,35.0,42,One year,No,Electronic check,Yes,60.34,2603.28,No
102511,Male,23.0,49,Month-to-month,Fiber optic,Bank transfer,Yes,63.52,3075.19,No
102512,Female,61.0,71,Month-to-month,DSL,Electronic check,No,71.88,5024.08,No
102513,Female,42.0,64,Month-to-month,Fiber optic,Credit card,Yes,94.89,6210.01,No
102514,Female,29.0,23,One year,No,Bank transfer,Yes,80.01,2008.92,No
102515,Male,39.0,71,Month-to-month,DSL,Bank transfer,No,85.47,6068.41,No
102516,Female,18.0,3,Month-to-month,DSL,Electronic check,Yes,58.17,289.15,Yes
102517,Female,25.0,70,Month-to-month,DSL,Credit card,Yes,100.39,7163.83,No
102518,Female,39.0,11,Two year,DSL,Electronic check,Yes,30.62,335.35,No
102519,Male,50.0,9,Month-to-month,Fiber optic,Mailed check,Yes,64.48,534.22,Yes
102520,Female,18.0,9,Month-to-month,Fiber optic,Bank transfer,Yes,84.96,772.62,No
102521,Male,34.0,9,Two year,Fiber optic,Bank transfer,Yes,66.57,468.22,Yes
102522,Male,52.0,34,Month-to-month,DSL,Credit card,Yes,64.26,2235.96,No
102523,Male,20.0,47,One year,Fiber optic,Bank transfer,Yes,59.46,2764.97,No
102524,Male,42.0,54,One year,DSL,Bank transfer,Yes,66.8,3612.28,No
102525,Male,40.0,2,Month-to-month,DSL,Electronic check,Yes,83.58,170.94,Yes
102526,Male,61.0,22,One year,DSL,Electronic check,Yes,58.61,1213.14,No
102527,Male,36.0,10,Two year,No,Mailed check,Yes,50.03,497.08,Yes
102528,Female,37.0,11,Month-to-month,Fiber optic,Mailed check,Yes,72.48,674.93,Yes
102529,Male,50.0,54,Month-to-month,Fiber optic,Bank transfer,Yes,111.6,5982.99,No
102530,Female,22.0,47,Two year,Fiber optic,Mailed check,No,111.39,5135.13,No
102531,Female,36.0,16,Month-to-month,DSL,Bank transfer,Yes,60.05,881.9,No
102532,Female,33.0,22,Month-to-month,Fiber optic,Electronic check,No,96.71,1924.44,No
102533,Female,37.0,67,Month-to-month,Fiber optic,Mailed check,Yes,83.54,5558.55,No
102534,Male,50.0,42,Two year,No,Credit card,Yes,104.1,4415.9,No
102535,Female,46.0,18,One year,Fiber optic,Electronic check,Yes,,1614.22,Yes
102536,Female,29.0,68,Two year,DSL,Electronic check,Yes,66.96,4650.83,No
102537,Male,41.0,15,Month-to-month,No,Bank transfer,No,112.0,1594.26,No
102538,Male,58.0,21,Two year,Fiber optic,Electronic check,Yes,60.9,1235.82,No
102539,Female,28.0,50,Month-to-month,DSL,Mailed check,No,79.98,4081.54,No
102540,Male,41.0,37,One year,DSL,Bank transfer,No,106.15,3919.76,No
102541,Male,36.0,5,One year,DSL,Mailed check,Yes,88.65,459.9,No
102542,Female,38.0,59,Month-to-month,Fiber optic,Credit card,No,64.93,4021.15,No
102543,Female,18.0,17,One year,Fiber optic,Credit card,Yes,63.58,1057.98,No
102544,Male,57.0,50,Month-to-month,DSL,Mailed check,No,36.79,1795.93,No
102545,Female,29.0,25,Month-to-month,DSL,Credit card,Yes,109.07,2637.38,No
102546,Male,52.0,55,One year,Fiber optic,Electronic check,Yes,55.68,3036.37,No
102547,Female,31.0,65,Month-to-month,Fiber optic,Electronic check,Yes,101.84,6711.56,Yes
102548,Female,31.0,56,One year,DSL,Bank transfer,No,36.34,2086.66,No
102549,Male,55.0,67,Month-to-month,DSL,Mailed check,Yes,135.93,9236.24,No
102550,Male,52.0,39,Month-to-month,No,Electronic check,Yes,38.18,1521.5,No
102551,Female,42.0,5,One year,No,Electronic check,No,73.06,163.62,No
102552,Male,49.0,39,Month-to-month,Fiber optic,Electronic check,Yes,114.3,4514.32,Yes
102553,Male,35.0,34,Two year,Fiber optic,Electronic check,No,66.42,2267.66,Yes
102554,Male,39.0,52,Two year,No,Electronic check,Yes,86.09,4476.83,No
102555,Female,30.0,18,Month-to-month,DSL,Credit card,No,64.95,1278.74,No
102556,Male,51.0,51,Month-to-month,No,Credit card,Yes,81.7,4142.01,No
102557,Female,30.0,32,Month-to-month,Fiber optic,Mailed check,No,111.02,3604.81,No
102558,Female,58.0,49,One year,Fiber optic,Mailed check,No,73.29,3494.3,Yes
102559,Male,35.0,31,Month-to-month,Fiber optic,Electronic check,Yes,121.42,3627.38,Yes
102560,Female,39.0,28,Two year,DSL,Mailed check,No,80.81,2208.79,No
102561,Female,49.0,16,Two year,Fiber optic,Bank transfer,No,132.71,2095.13,Yes
102562,Male,39.0,60,Month-to-month,Fiber optic,Bank transfer,No,63.2,3841.32,No
102563,Female,35.0,5,One year,DSL,Electronic check,No,55.95,180.98,No
102564,Male,39.0,18,Month-to-month,Fiber optic,Credit card,No,78.19,1543.05,No
102565,Male,51.0,31,Month-to-month,No,Credit card,Yes,41.68,1205.18,No
102566,Male,30.0,12,Month-to-month,No,Electronic check,No,95.15,1133.87,Yes
102567,Female,37.0,67,One year,Fiber optic,Credit card,Yes,82.1,5501.75,No
102568,Female,39.0,25,Month-to-month,DSL,Electronic check,Yes,43.35,1110.68,No
102569,Male,50.0,18,Two year,Fiber optic,Credit card,Yes,63.43,1182.31,No
102570,Female,38.0,19,Month-to-month,DSL,Bank transfer,Yes,50.25,1158.34,No
102571,Female,63.0,14,One year,No,Mailed check,No,95.09,1277.02,No
102572,Female,37.0,48,Two year,Fiber optic,Mailed check,No,95.43,4608.79,No
102573,Female,36.0,35,One year,No,Mailed check,No,68.69,2396.63,No
102574,Male,37.0,17,Month-to-month,DSL,Credit card,Yes,62.87,1157.25,Yes
102575,Female,22.0,63,Month-to-month,No,Credit card,Yes,66.03,4200.29,No
102576,Male,26.0,48,Month-to-month,No,Mailed check,Yes,116.53,5613.22,No
102577,Male,32.0,30,Month-to-month,Fiber optic,Credit card,No,78.15,2210.06,No
102578,Male,54.0,37,Two year,No,Mailed check,No,93.44,3416.5,No
102579,Female,39.0,48,Month-to-month,Fiber optic,Mailed check,No,75.77,3549.07,No
102580,Female,33.0,11,Month-to-month,DSL,Electronic check,Yes,114.06,1214.41,Yes
102581,Male,55.0,59,One year,DSL,Credit card,No,41.52,2375.35,No
102582,Male,59.0,19,Month-to-month,DSL,Bank transfer,Yes,92.18,1704.78,No
102583,Male,55.0,3,Two year,DSL,Mailed check,No,53.02,122.07,No
102584,Female,28.0,38,Month-to-month,Fiber optic,Bank transfer,No,139.33,5259.12,Yes
102585,Male,33.0,64,Month-to-month,DSL,Credit card,Yes,89.43,5697.04,No
102586,Female,63.0,53,One year,DSL,Electronic check,No,29.41,1475.21,No
102587,Male,42.0,23,Month-to-month,DSL,Mailed check,Yes,48.71,1123.66,No
102588,Male,36.0,29,Two year,Fiber optic,Mailed check,No,101.13,2851.6,No
102589,Female,48.0,43,Month-to-month,No,Electronic check,No,88.44,3749.02,No
102590,Male,52.0,17,Month-to-month,Fiber optic,Electronic check,No,98.58,1671.34,No
102591,Male,32.0,60,Month-to-month,Fiber optic,Bank transfer,Yes,87.91,5042.26,Yes
102592,Male,42.0,22,Month-to-month,No,Electronic check,No,64.03,1632.9,No
102593,Female,51.0,16,One year,Fiber optic,Credit card,Yes,111.17,1825.95,No
102594,Male,24.0,7,Month-to-month,Fiber optic,Credit card,No,62.4,465.58,Yes
102595,Male,39.0,50,Month-to-month,Fiber optic,Electronic check,No,85.34,4220.03,No
102596,Male,25.0,2,Two year,No,Mailed check,Yes,56.5,121.46,No
102597,Female,26.0,58,Month-to-month,DSL,Electronic check,Yes,54.5,3052.11,No
102598,Female,32.0,71,One year,Fiber optic,Bank transfer,Yes,72.53,5193.75,No
102599,Female,45.0,9,Month-to-month,Fiber optic,Mailed check,No,65.62,439.04,Yes
102600,Male,35.0,7,One year,DSL,Mailed check,Yes,85.74,485.98,No
102601,Female,31.0,68,Month-to-month,Fiber optic,Bank transfer,No,47.1,3138.91,No
102602,Male,40.0,9,One year,No,Bank transfer,No,82.78,880.91,No
102603,Female,24.0,30,Month-to-month,No,Mailed check,Yes,56.14,1585.03,Yes
102604,Female,45.0,63,Month-to-month,No,Credit card,Yes,72.76,4613.91,No
102605,Female,54.0,11,Month-to-month,Fiber optic,Credit card,Yes,79.83,692.48,Yes
102606,Female,38.0,48,Month-to-month,Fiber optic,Bank transfer,Yes,71.52,3435.19,Yes
102607,Female,36.0,28,Two year,No,Electronic check,No,102.33,3021.41,No
102608,Male,44.0,32,Month-to-month,DSL,Bank transfer,Yes,62.73,2052.38,No
102609,Female,18.0,68,Two year,DSL,Credit card,Yes,89.59,5905.54,No
102610,Female,46.0,47,Month-to-month,Fiber optic,Mailed check,Yes,101.91,4793.69,No
102611,Female,75.0,23,Month-to-month,Fiber optic,Bank transfer,No,77.19,1733.61,No
102612,Female,37.0,68,Month-to-month,Fiber optic,Electronic check,Yes,52.55,3683.77,No
102613,Male,37.0,42,Month-to-month,Fiber optic,Mailed check,No,61.95,2592.88,No
102614,Female,49.0,8,Two year,DSL,Bank transfer,Yes,103.97,702.15,No
102615,Male,60.0,29,Month-to-month,Fiber optic,Credit card,Yes,96.31,2780.72,Yes
102616,Female,52.0,18,Two year,Fiber optic,Electronic check,Yes,87.47,1511.8,Yes
102617,Female,18.0,47,Month-to-month,No,Electronic check,Yes,57.82,2523.12,No
102618,Male,46.0,62,Month-to-month,Fiber optic,Electronic check,Yes,127.3,7876.92,No
102619,Female,72.0,3,Month-to-month,Fiber optic,Mailed check,Yes,62.3,187.3,Yes
102620,Female,47.0,57,One year,Fiber optic,Bank transfer,Yes,87.49,5021.25,No
102621,Female,24.0,66,Month-to-month,Fiber optic,Electronic check,No,96.55,6463.88,No
102622,Male,43.0,72,Two year,DSL,Bank transfer,Yes,39.36,2808.65,No
102623,Male,22.0,48,Month-to-month,DSL,Mailed check,Yes,53.04,2410.81,No
102624,Female,55.0,23,Month-to-month,DSL,Bank transfer,Yes,60.56,1317.58,No
102625,Female,27.0,11,One year,Fiber optic,Mailed check,Yes,105.55,1159.37,Yes
102626,Female,40.0,69,One year,Fiber optic,Bank transfer,Yes,73.05,5149.82,No
102627,Female,28.0,30,Two year,Fiber optic,Mailed check,No,48.1,1443.36,No
102628,Male,32.0,25,Month-to-month,Fiber optic,Electronic check,No,45.69,1130.35,No
102629,Female,58.0,53,One year,DSL,Bank transfer,Yes,52.83,2778.71,No
102630,Male,40.0,52,Month-to-month,DSL,Mailed check,No,34.75,1806.26,No
102631,Female,32.0,59,Two year,Fiber optic,Electronic check,Yes,103.22,6261.92,No
102632,Female,24.0,64,Month-to-month,Fiber optic,Credit card,No,104.2,6661.21,No
102633,Female,18.0,64,Two year,Fiber optic,Bank transfer,Yes,84.18,5363.8,No
102634,Female,23.0,13,Month-to-month,Fiber optic,Electronic check,Yes,77.42,1009.9,Yes
102635,Male,40.0,13,One year,No,Bank transfer,No,90.54,1116.15,No
102636,Male,52.0,15,Two year,No,Electronic check,Yes,89.5,1201.98,No
102637,Male,32.0,46,Two year,Fiber optic,Mailed check,Yes,59.33,2572.58,No
102638,Female,59.0,42,Month-to-month,DSL,Electronic check,No,50.79,2067.77,Yes
102639,Male,30.0,62,Month-to-month,DSL,Electronic check,No,89.66,,No
102640,Female,36.0,61,Two year,Fiber optic,Mailed check,No,90.76,5641.4,No
102641,Male,25.0,59,One year,Fiber optic,Mailed check,Yes,99.21,5752.95,Yes
102642,Male,52.0,6,One year,DSL,Electronic check,Yes,49.65,283.67,No
102643,Male,66.0,51,Month-to-month,DSL,Electronic check,Yes,53.21,2725.55,No
102644,Male,18.0,62,Month-to-month,No,Electronic check,No,83.6,5117.96,No
102645,Male,34.0,71,Month-to-month,DSL,Electronic check,Yes,54.95,4019.23,No
102646,Male,55.0,25,One year,Fiber optic,Mailed check,Yes,46.0,1218.58,No
102647,Female,20.0,56,Month-to-month,No,Electronic check,Yes,55.33,3130.96,No
102648,Female,46.0,30,Month-to-month,Fiber optic,Mailed check,No,78.87,2372.27,Yes
102649,Female,55.0,12,Two year,DSL,Mailed check,Yes,114.53,1233.69,No
102650,Male,40.0,25,Month-to-month,No,Electronic check,No,51.04,1398.13,No
102651,Female,46.0,19,Two year,Fiber optic,Bank transfer,Yes,82.46,1618.99,No
102652,Female,62.0,66,Month-to-month,DSL,Bank transfer,Yes,123.07,8159.45,No
102653,Female,64.0,13,Month-to-month,Fiber optic,Bank transfer,No,56.66,670.16,No
102654,Male,38.0,10,Month-to-month,DSL,Mailed check,Yes,88.51,826.49,No
102655,Female,32.0,42,Month-to-month,Fiber optic,Electronic check,Yes,66.23,2826.17,Yes
102656,Female,27.0,42,One year,No,Mailed check,Yes,82.04,3544.88,No
102657,Male,52.0,41,Month-to-month,Fiber optic,,Yes,142.37,5992.41,No
102658,Male,21.0,11,Month-to-month,No,Mailed check,No,91.79,943.51,No
102659,Female,36.0,36,Month-to-month,Fiber optic,Bank transfer,No,87.8,3146.5,No
102660,Male,40.0,67,One year,No,Mailed check,Yes,48.22,3042.25,No
102661,Male,32.0,7,Two year,Fiber optic,Credit card,No,79.61,335.77,Yes
102662,Female,43.0,58,Month-to-month,DSL,Electronic check,No,57.87,3403.65,No
102663,Male,72.0,10,Month-to-month,No,Mailed check,No,35.74,280.6,No
102664,Male,37.0,17,Month-to-month,No,Mailed check,No,20.0,162.41,No
102665,Male,33.0,65,One year,Fiber optic,Bank transfer,Yes,63.24,4005.93,No
102666,Female,52.0,22,Month-to-month,Fiber optic,Bank transfer,No,83.21,1861.47,Yes
102667,Male,42.0,38,Month-to-month,DSL,Bank transfer,Yes,99.98,3833.79,No
102668,Female,58.0,28,One year,DSL,Bank transfer,Yes,53.55,1352.05,No
102669,Male,41.0,45,Month-to-month,DSL,Mailed check,Yes,76.79,3566.83,Yes
102670,Female,36.0,30,One year,Fiber optic,Electronic check,Yes,41.47,1181.49,No
102671,Female,18.0,32,Month-to-month,DSL,Credit card,Yes,51.99,1688.42,Yes
102672,Female,18.0,59,Two year,DSL,Electronic check,Yes,20.0,1183.39,No
102673,Female,18.0,40,Month-to-month,No,Electronic check,Yes,127.85,5112.96,No
102674,Male,44.0,41,Month-to-month,Fiber optic,Electronic check,No,88.95,3562.63,No
102675,Female,21.0,59,Month-to-month,No,Mailed check,No,76.16,4491.25,No
102676,Female,55.0,31,Month-to-month,DSL,Mailed check,No,85.38,2671.02,Yes
102677,Female,,60,One year,DSL,Bank transfer,Yes,135.31,8100.66,No
102678,Female,36.0,52,Month-to-month,Fiber optic,Bank transfer,Yes,73.12,3811.32,Yes
102679,Female,28.0,64,Month-to-month,Fiber optic,Electronic check,Yes,59.48,3905.88,No
102680,Male,47.0,33,One year,Fiber optic,Electronic check,Yes,134.0,4379.59,Yes
102681,Male,29.0,41,Month-to-month,No,Credit card,Yes,41.23,1749.23,No
102682,Male,26.0,10,One year,DSL,Bank transfer,Yes,104.45,1025.56,No
102683,Male,54.0,9,One year,Fiber optic,Credit card,Yes,82.15,867.56,Yes
102684,Female,44.0,8,Month-to-month,Fiber optic,Electronic check,No,94.83,632.1,Yes
102685,Female,36.0,46,One year,DSL,Credit card,Yes,36.08,1777.02,No
102686,Male,47.0,24,Two year,Fiber optic,Credit card,Yes,148.84,3524.31,Yes
102687,Male,39.0,21,Two year,Fiber optic,Mailed check,Yes,74.44,1753.3,No
102688,Female,44.0,44,Month-to-month,DSL,Bank transfer,Yes,54.47,2435.86,Yes
102689,Female,28.0,29,Month-to-month,Fiber optic,Electronic check,No,97.71,2910.11,Yes
102690,Female,66.0,10,Two year,Fiber optic,Bank transfer,Yes,67.88,664.32,No
102691,Female,31.0,41,One year,Fiber optic,Bank transfer,Yes,94.61,3940.27,No
102692,Female,59.0,40,Month-to-month,No,Mailed check,Yes,40.48,1680.43,Yes
102693,Female,37.0,11,Month-to-month,Fiber optic,Electronic check,Yes,87.64,951.22,No
102694,Male,49.0,20,One year,Fiber optic,Mailed check,Yes,68.92,1447.19,No
102695,Female,49.0,18,One year,No,Bank transfer,No,52.42,641.08,No
102696,Male,54.0,51,Two year,Fiber optic,Bank transfer,No,60.47,3026.0,No
102697,Male,28.0,18,Two year,DSL,Mailed check,Yes,94.15,1696.63,No
102698,Male,53.0,3,Month-to-month,DSL,Credit card,No,63.24,234.89,No
102699,Male,63.0,20,One year,DSL,Electronic check,No,67.4,1435.48,Yes
102700,Male,36.0,34,Month-to-month,DSL,Electronic check,Yes,82.68,2788.38,No
102701,Female,39.0,56,Month-to-month,Fiber optic,Electronic check,Yes,112.5,6264.86,No
102702,Female,32.0,4,Month-to-month,Fiber optic,Credit card,No,60.92,322.12,Yes
102703,Male,34.0,64,Two year,No,Bank transfer,Yes,77.52,5064.92,No
102704,Female,61.0,24,Month-to-month,Fiber optic,Bank transfer,Yes,61.26,1536.83,No
102705,Male,26.0,25,Month-to-month,DSL,Credit card,Yes,66.79,1655.98,No
102706,Male,27.0,2,Month-to-month,No,Mailed check,Yes,98.63,426.63,No
102707,Female,60.0,20,Month-to-month,Fiber optic,Electronic check,Yes,32.0,647.14,No
102708,Male,47.0,34,Month-to-month,DSL,Bank transfer,Yes,48.93,1683.1,No
102709,Female,67.0,46,Month-to-month,DSL,Mailed check,No,66.22,3193.08,No
102710,Female,33.0,56,Month-to-month,Fiber optic,Mailed check,Yes,93.52,5374.64,Yes
102711,Male,41.0,38,Month-to-month,Fiber optic,Electronic check,Yes,114.49,4414.3,Yes
102712,Male,30.0,8,One year,Fiber optic,Mailed check,Yes,41.57,251.41,No
102713,Female,41.0,29,One year,No,Mailed check,No,107.39,3124.45,No
102714,Female,18.0,53,Two year,Fiber optic,Electronic check,Yes,97.02,5188.63,No
102715,Female,48.0,47,Month-to-month,No,Credit card,No,65.98,3276.75,No
102716,Male,43.0,43,Month-to-month,Fiber optic,Electronic check,Yes,47.27,2298.09,No
102717,Male,38.0,37,Month-to-month,Fiber optic,Credit card,Yes,69.69,2524.62,No
102718,Female,34.0,37,Two year,DSL,Electronic check,Yes,97.63,3689.05,No
102719,Female,27.0,72,Month-to-month,Fiber optic,Credit card,Yes,84.66,6022.17,Yes
102720,Male,48.0,44,Month-to-month,Fiber optic,Mailed check,Yes,79.48,3485.88,Yes
102721,Female,24.0,43,Two year,Fiber optic,Electronic check,Yes,59.71,2489.46,No
102722,Female,46.0,25,Two year,Fiber optic,Electronic check,Yes,102.37,2709.48,Yes
102723,Male,66.0,36,Month-to-month,Fiber optic,Electronic check,Yes,80.26,2910.76,Yes
102724,Male,58.0,52,One year,Fiber optic,Bank transfer,No,78.08,4086.57,No
102725,Female,19.0,62,Month-to-month,Fiber optic,Electronic check,No,81.62,5064.87,No
102726,Female,32.0,57,Month-to-month,Fiber optic,Electronic check,Yes,67.87,3902.46,No
102727,Male,44.0,48,Month-to-month,No,Bank transfer,Yes,51.62,2514.7,No
102728,Male,38.0,57,Two year,Fiber optic,Bank transfer,Yes,46.01,2560.9,No
102729,Female,21.0,3,Month-to-month,Fiber optic,Mailed check,Yes,68.51,53.63,No
102730,Male,44.0,20,One year,Fiber optic,Electronic check,Yes,39.0,660.53,Yes
102731,Female,39.0,18,Month-to-month,Fiber optic,Mailed check,No,96.14,1585.56,Yes
102732,Female,64.0,48,One year,Fiber optic,Electronic check,Yes,67.31,3248.42,Yes
102733,Female,36.0,55,One year,No,Bank transfer,No,62.19,3346.97,No
102734,Male,54.0,11,One year,Fiber optic,Electronic check,Yes,83.07,1001.98,Yes
102735,Male,23.0,14,Two year,No,Credit card,Yes,51.95,748.96,No
102736,Male,26.0,36,One year,Fiber optic,Mailed check,Yes,54.62,1801.13,No
102737,Female,48.0,70,One year,No,Mailed check,Yes,77.55,5391.56,No
102738,Male,53.0,1,Month-to-month,No,Credit card,No,119.23,20.0,No
102739,Male,27.0,64,Two year,Fiber optic,Credit card,No,106.75,6729.02,No
102740,Male,39.0,14,Month-to-month,No,Bank transfer,Yes,104.0,1411.88,Yes
102741,Male,21.0,20,Month-to-month,Fiber optic,Mailed check,Yes,51.54,945.72,Yes
102742,Male,37.0,46,Month-to-month,Fiber optic,Credit card,Yes,79.21,3813.3,No
102743,Female,50.0,53,Month-to-month,Fiber optic,Electronic check,Yes,79.05,4257.04,No
102744,Female,33.0,63,One year,Fiber optic,Bank transfer,No,119.71,7512.23,No
102745,Male,36.0,1,Month-to-month,Fiber optic,Bank transfer,Yes,106.92,235.34,No
102746,Male,24.0,4,Month-to-month,DSL,Mailed check,Yes,67.9,183.9,No
102747,Male,31.0,35,Two year,Fiber optic,Credit card,No,32.0,1090.1,No
102748,Female,62.0,41,Two year,Fiber optic,Bank transfer,Yes,55.03,2333.08,No
102749,Male,40.0,19,Month-to-month,Fiber optic,Bank transfer,Yes,99.82,1796.17,Yes
102750,Female,26.0,46,Two year,DSL,Credit card,Yes,63.98,3004.73,No
102751,Male,35.0,20,Month-to-month,DSL,Bank transfer,Yes,69.24,1411.15,No
102752,Male,18.0,68,Month-to-month,Fiber optic,Electronic check,No,99.34,6808.05,Yes
102753,Female,26.0,13,Two year,Fiber optic,Electronic check,No,112.3,1621.67,No
102754,Female,57.0,48,One year,DSL,Mailed check,Yes,52.53,2562.44,No
102755,Female,37.0,39,One year,DSL,Electronic check,No,86.79,3396.15,No
102756,Female,64.0,8,Month-to-month,Fiber optic,Bank transfer,Yes,124.29,859.56,Yes
102757,Female,38.0,44,Month-to-month,DSL,Credit card,Yes,107.7,4757.73,No
102758,Female,39.0,11,Month-to-month,DSL,Electronic check,Yes,58.73,602.83,No
102759,Male,47.0,39,Two year,Fiber optic,Credit card,Yes,91.37,3552.35,No
102760,Male,18.0,46,Month-to-month,Fiber optic,Bank transfer,Yes,102.77,4684.81,No
102761,Male,42.0,6,Month-to-month,No,Credit card,No,72.5,479.24,No
102762,Male,38.0,16,Month-to-month,DSL,Electronic check,Yes,65.77,963.16,Yes
102763,Male,58.0,22,One year,DSL,Mailed check,No,28.74,651.36,No
102764,Male,52.0,67,Month-to-month,DSL,Bank transfer,Yes,50.37,3281.05,No
102765,Male,24.0,16,One year,Fiber optic,Bank transfer,Yes,66.62,904.03,No
102766,Female,55.0,67,Month-to-month,DSL,Credit card,No,40.47,2680.73,No
102767,Male,36.0,39,Month-to-month,DSL,Credit card,Yes,74.74,2956.61,No
102768,Female,27.0,69,Month-to-month,Fiber optic,Electronic check,Yes,105.66,7220.61,No
102769,Male,42.0,60,Month-to-month,Fiber optic,Mailed check,Yes,73.52,4423.49,No
102770,Female,36.0,22,One year,Fiber optic,Bank transfer,No,32.0,671.33,No
102771,Female,59.0,41,Two year,Fiber optic,Electronic check,Yes,81.04,3229.45,No
102772,Male,43.0,52,Month-to-month,No,Credit card,No,78.85,4150.36,No
102773,Male,42.0,6,Month-to-month,Fiber optic,Bank transfer,Yes,89.16,476.34,No
102774,Female,51.0,48,Month-to-month,DSL,Credit card,Yes,53.97,2624.28,No
102775,Female,53.0,34,Two year,Fiber optic,Credit card,No,53.88,1700.5,No
102776,Male,49.0,3,Two year,DSL,Electronic check,Yes,94.16,294.79,Yes
102777,Female,57.0,63,One year,DSL,Mailed check,Yes,80.79,5145.92,No
102778,Female,47.0,20,Month-to-month,Fiber optic,Bank transfer,Yes,66.97,1371.06,No
102779,Male,41.0,63,Month-to-month,DSL,Credit card,Yes,34.47,2251.94,No
102780,Male,55.0,15,Two year,DSL,Bank transfer,Yes,77.57,1221.64,No
102781,Male,38.0,39,Month-to-month,Fiber optic,Electronic check,Yes,61.56,2427.77,Yes
102782,Female,39.0,27,One year,Fiber optic,Bank transfer,Yes,93.57,2602.53,No
102783,Female,61.0,65,Two year,DSL,Electronic check,Yes,75.95,4903.11,No
102784,Female,60.0,69,One year,Fiber optic,Mailed check,No,135.92,9425.4,No
102785,Female,39.0,56,One year,No,Credit card,No,70.05,3924.76,No
102786,Male,33.0,61,Month-to-month,DSL,Electronic check,Yes,122.02,7609.78,No
102787,Male,58.0,56,Two year,Fiber optic,Electronic check,Yes,86.05,4843.41,No
102788,Male,49.0,22,Month-to-month,DSL,Mailed check,Yes,55.33,1101.57,No
102789,Male,43.0,67,Two year,No,Credit card,Yes,45.61,3078.64,No
102790,Female,35.0,39,Month-to-month,DSL,Electronic check,Yes,50.07,1867.12,No
102791,Female,43.0,25,One year,DSL,Electronic check,Yes,82.73,2133.81,No
102792,Male,39.0,14,Two year,No,Mailed check,Yes,75.23,1120.4,No
102793,Female,30.0,52,Month-to-month,Fiber optic,Bank transfer,Yes,38.03,1922.74,No
102794,Female,41.0,20,Month-to-month,DSL,Electronic check,Yes,97.5,1856.6,Yes
102795,Male,42.0,47,Month-to-month,Fiber optic,Credit card,No,120.92,5695.19,Yes
102796,Female,34.0,5,One year,No,Credit card,Yes,25.78,47.54,No
102797,Female,51.0,46,One year,Fiber optic,Mailed check,Yes,109.3,4952.34,No
102798,Female,56.0,47,Month-to-month,DSL,Electronic check,Yes,114.08,5316.21,No
102799,Female,52.0,38,Two year,DSL,Mailed check,Yes,27.1,1085.99,No
102800,Male,35.0,48,Two year,No,Electronic check,Yes,,2761.81,No
102801,Female,49.0,72,Two year,DSL,Mailed check,Yes,50.76,3586.82,No
102802,Male,40.0,61,One year,DSL,Bank transfer,Yes,96.35,6093.24,No
102803,Female,23.0,32,Two year,DSL,Electronic check,Yes,61.63,2148.0,No
102804,Male,48.0,63,Two year,DSL,Electronic check,Yes,60.64,3929.2,Yes
102805,Male,,69,Month-to-month,Fiber optic,Electronic check,Yes,94.53,6526.51,No
102806,Female,73.0,12,Two year,Fiber optic,Electronic check,Yes,122.99,1543.56,Yes
102807,Male,58.0,26,Month-to-month,DSL,Electronic check,Yes,70.46,1797.34,Yes
102808,Male,48.0,54,Two year,DSL,Mailed check,Yes,60.23,3008.99,No
102809,Female,42.0,38,One year,DSL,Bank transfer,No,64.89,2414.5,No
102810,Male,41.0,10,One year,DSL,Electronic check,Yes,88.45,841.84,Yes
102811,Female,26.0,35,Month-to-month,DSL,Electronic check,Yes,38.72,1357.74,No
102812,Male,18.0,27,Month-to-month,Fiber optic,Credit card,No,83.59,2300.4,Yes
102813,Male,28.0,54,Month-to-month,DSL,Mailed check,No,48.56,2770.82,No
102814,Female,38.0,38,One year,DSL,Credit card,Yes,41.93,1596.2,No
102815,Male,18.0,11,Two year,Fiber optic,Mailed check,Yes,35.38,298.86,No
102816,Male,32.0,4,Month-to-month,Fiber optic,Electronic check,Yes,71.13,266.89,Yes
102817,Female,36.0,21,Month-to-month,Fiber optic,Electronic check,Yes,110.97,2388.34,Yes
102818,Female,,12,One year,No,Bank transfer,No,22.42,258.94,No
102819,Male,30.0,64,Month-to-month,DSL,Credit card,Yes,85.57,5404.16,No
102820,Female,35.0,20,Month-to-month,DSL,Mailed check,Yes,55.78,1162.81,Yes
102821,Female,61.0,46,Month-to-month,DSL,Mailed check,Yes,45.42,1986.47,Yes
102822,Female,48.0,10,One year,DSL,Mailed check,Yes,80.6,726.93,Yes
102823,Male,32.0,32,One year,No,Electronic check,Yes,104.76,3389.77,Yes
102824,Female,38.0,68,Two year,Fiber optic,Electronic check,No,121.45,8187.93,No
102825,Female,39.0,47,Month-to-month,Fiber optic,Credit card,No,91.09,4249.5,No
102826,Female,29.0,21,Month-to-month,No,Electronic check,Yes,70.24,1476.47,No
102827,Male,29.0,54,One year,No,Electronic check,No,81.79,4412.89,No
102828,Female,52.0,37,Two year,Fiber optic,Bank transfer,Yes,145.92,5311.95,No
102829,Female,34.0,17,Month-to-month,No,Mailed check,Yes,64.68,1129.16,No
102830,Male,25.0,72,Two year,Fiber optic,Credit card,Yes,112.37,8008.06,No
102831,Female,38.0,68,One year,DSL,Electronic check,No,57.19,4037.48,No
102832,Female,41.0,41,Two year,Fiber optic,Credit card,Yes,63.23,2556.3,No
102833,Male,18.0,3,Month-to-month,No,Electronic check,Yes,116.22,403.37,Yes
102834,Female,38.0,30,Month-to-month,Fiber optic,Electronic check,Yes,84.07,2588.08,No
102835,Male,50.0,38,Month-to-month,Fiber optic,Mailed check,No,89.61,3373.24,Yes
102836,Female,45.0,67,One year,No,Credit card,No,85.67,5652.85,No
102837,Female,68.0,53,Two year,Fiber optic,Mailed check,Yes,61.68,3334.71,Yes
102838,Female,55.0,17,Month-to-month,Fiber optic,Electronic check,Yes,73.04,1113.65,Yes
102839,Male,58.0,37,Month-to-month,DSL,Mailed check,Yes,55.95,1955.87,No
102840,Female,75.0,13,Month-to-month,DSL,Electronic check,No,80.3,1098.53,No
102841,Male,49.0,35,One year,DSL,Credit card,Yes,81.17,2822.88,No
102842,Female,41.0,39,Two year,No,Credit card,No,56.99,2158.99,No
102843,Female,52.0,37,Month-to-month,No,Bank transfer,No,122.69,4494.65,No
102844,Male,32.0,31,One year,DSL,Mailed check,No,71.32,2139.33,No
102845,Male,40.0,32,Month-to-month,DSL,Bank transfer,Yes,74.57,2582.54,Yes
102846,Male,31.0,58,Two year,DSL,Mailed check,No,105.59,6215.88,No
102847,Female,44.0,37,Two year,Fiber optic,Electronic check,Yes,62.13,2224.62,No
102848,Male,31.0,4,Month-to-month,Fiber optic,Mailed check,No,70.98,255.78,Yes
102849,Male,30.0,54,One year,Fiber optic,Bank transfer,Yes,91.14,4975.27,No
102850,Male,44.0,45,Two year,DSL,Credit card,No,35.11,1492.13,No
102851,Male,37.0,51,Two year,DSL,Electronic check,Yes,66.06,3318.77,No
102852,Male,18.0,52,One year,No,Credit card,No,123.27,6383.21,No
102853,Male,20.0,13,Month-to-month,Fiber optic,Bank transfer,Yes,129.72,1607.04,Yes
102854,Male,24.0,70,Month-to-month,DSL,Credit card,No,94.43,6708.78,No
102855,Female,28.0,72,One year,DSL,Credit card,Yes,101.57,7248.75,No
102856,Male,44.0,11,Month-to-month,DSL,Electronic check,Yes,84.33,917.15,Yes
102857,Female,42.0,16,Two year,DSL,Mailed check,Yes,61.21,989.86,Yes
102858,Female,53.0,18,Month-to-month,DSL,Bank transfer,No,113.09,2178.37,No
102859,Female,49.0,70,Two year,Fiber optic,Credit card,No,60.28,4211.83,No
102860,Male,53.0,68,Month-to-month,DSL,Electronic check,Yes,96.21,6734.61,No
102861,Male,47.0,20,Month-to-month,Fiber optic,Bank transfer,Yes,71.27,1392.76,No
102862,Female,42.0,46,Month-to-month,Fiber optic,Credit card,No,72.78,3328.01,No
102863,Female,53.0,18,One year,DSL,Electronic check,Yes,85.47,1622.79,Yes
102864,Female,51.0,3,Two year,Fiber optic,Electronic check,Yes,134.85,577.36,Yes
102865,Male,44.0,17,Month-to-month,No,Mailed check,No,107.72,1807.43,Yes
102866,Male,56.0,6,Month-to-month,DSL,Mailed check,Yes,80.47,594.07,Yes
102867,Male,18.0,62,Two year,Fiber optic,Mailed check,Yes,85.57,5381.61,No
102868,Male,35.0,57,One year,DSL,Electronic check,Yes,91.54,5149.31,No
102869,Female,35.0,14,Month-to-month,DSL,Bank transfer,Yes,106.13,1484.19,No
102870,Male,54.0,41,Two year,DSL,Electronic check,No,27.99,1143.93,Yes
102871,Male,59.0,15,Month-to-month,Fiber optic,Credit card,Yes,80.82,1119.46,Yes
102872,Female,20.0,41,Month-to-month,Fiber optic,Electronic check,Yes,57.69,2380.07,No
102873,Female,57.0,65,Month-to-month,Fiber optic,Bank transfer,Yes,78.53,5111.65,No
102874,Male,24.0,64,One year,DSL,Electronic check,No,40.55,2628.93,No
102875,Male,24.0,60,Month-to-month,Fiber optic,Bank transfer,No,38.85,2337.29,No
102876,Female,36.0,18,Two year,DSL,Electronic check,No,39.02,642.31,No
102877,Female,35.0,14,Month-to-month,DSL,Mailed check,Yes,58.16,1034.39,No
102878,Female,19.0,12,Two year,Fiber optic,Electronic check,Yes,98.66,1203.45,No
102879,Female,47.0,10,Month-to-month,DSL,Electronic check,Yes,51.65,633.49,Yes
102880,Female,48.0,45,Month-to-month,Fiber optic,Bank transfer,Yes,62.36,2845.63,No
102881,Male,53.0,48,Month-to-month,Fiber optic,Electronic check,Yes,93.89,4642.35,Yes
102882,Male,33.0,64,Month-to-month,Fiber optic,Credit card,Yes,91.17,5765.04,No
102883,Female,38.0,7,Month-to-month,Fiber optic,Mailed check,No,126.55,877.85,No
102884,Male,39.0,20,Two year,DSL,Electronic check,Yes,95.37,1867.07,No
102885,Male,61.0,53,Two year,DSL,Credit card,No,46.35,2405.07,No
102886,Male,18.0,50,One year,Fiber optic,Electronic check,Yes,67.24,3386.08,Yes
102887,Female,27.0,31,Month-to-month,DSL,Credit card,Yes,90.66,2788.3,No
102888,Male,39.0,11,Two year,DSL,Electronic check,Yes,49.84,419.8,No
102889,Male,25.0,35,Month-to-month,Fiber optic,Mailed check,Yes,75.89,2628.9,No
102890,Male,36.0,13,One year,Fiber optic,Credit card,Yes,41.24,501.38,Yes
102891,Male,37.0,39,One year,Fiber optic,Electronic check,Yes,51.33,2081.14,Yes
102892,Female,30.0,65,Month-to-month,DSL,Bank transfer,No,103.48,6595.98,No
102893,Male,40.0,15,Month-to-month,DSL,Electronic check,No,76.18,1096.54,Yes
102894,Female,47.0,9,Two year,DSL,Bank transfer,Yes,56.27,438.89,No
102895,Male,36.0,54,Month-to-month,DSL,Electronic check,Yes,59.79,3295.71,No
102896,Female,33.0,2,One year,Fiber optic,Electronic check,Yes,126.88,204.67,Yes
102897,Female,37.0,71,Two year,DSL,Electronic check,No,55.58,4040.33,Yes
102898,Female,39.0,56,Month-to-month,DSL,Bank transfer,No,83.83,4690.24,No
102899,Female,18.0,30,Month-to-month,No,Credit card,No,93.79,2857.78,No
102900,Male,45.0,27,Month-to-month,Fiber optic,Credit card,Yes,120.12,3342.75,Yes
102901,Female,33.0,28,One year,DSL,Bank transfer,No,50.72,1311.97,No
102902,Female,55.0,29,Month-to-month,Fiber optic,Credit card,Yes,49.01,1399.04,No
102903,Female,47.0,61,Month-to-month,Fiber optic,Credit card,Yes,56.41,3478.91,No
102904,Female,54.0,58,Month-to-month,No,Mailed check,No,90.28,5254.05,No
102905,Female,26.0,15,Two year,No,Electronic check,Yes,121.8,1710.27,No
102906,Female,34.0,13,Two year,Fiber optic,Bank transfer,No,103.14,1403.51,No
102907,Female,23.0,39,One year,DSL,Electronic check,Yes,55.51,2169.19,No
102908,Female,30.0,47,Two year,Fiber optic,Credit card,No,113.7,5355.44,No
102909,Male,55.0,53,One year,DSL,Mailed check,Yes,60.27,3174.39,No
102910,Male,58.0,23,Two year,Fiber optic,Electronic check,Yes,63.21,1167.47,No
102911,Male,24.0,35,Month-to-month,No,Credit card,No,63.71,2278.94,No
102912,Male,33.0,8,Month-to-month,DSL,Electronic check,Yes,57.47,512.68,No
102913,Male,38.0,33,Two year,No,Credit card,Yes,54.45,1758.92,No
102914,Male,47.0,50,Month-to-month,Fiber optic,Credit card,Yes,114.54,5593.39,Yes
102915,Male,18.0,22,Month-to-month,DSL,Bank transfer,No,59.11,1252.23,Yes
102916,Male,18.0,23,One year,No,Bank transfer,No,32.32,832.91,No
102917,Female,45.0,34,One year,Fiber optic,Electronic check,No,98.65,3317.39,No
102918,Female,18.0,63,Month-to-month,Fiber optic,Mailed check,No,60.13,3790.22,No
102919,Female,33.0,44,Month-to-month,Fiber optic,Credit card,No,60.94,2651.34,No
102920,Male,41.0,67,Month-to-month,DSL,Electronic check,Yes,89.53,6026.89,Yes
102921,Male,44.0,5,Month-to-month,DSL,Electronic check,Yes,53.86,150.78,No
102922,Female,37.0,62,Month-to-month,Fiber optic,Electronic check,Yes,72.68,4487.96,No
102923,Male,34.0,4,Month-to-month,No,Bank transfer,No,73.05,390.87,No
102924,Female,50.0,24,One year,Fiber optic,Bank transfer,Yes,76.84,1761.62,No
102925,Male,43.0,31,Month-to-month,No,Electronic check,No,61.27,1874.64,No
102926,Male,31.0,18,Month-to-month,No,Electronic check,No,20.0,454.76,No
102927,Female,39.0,72,One year,DSL,Credit card,Yes,67.68,4940.16,No
102928,Male,44.0,65,Month-to-month,Fiber optic,Electronic check,Yes,124.34,8122.81,No
102929,Male,61.0,42,Month-to-month,Fiber optic,Electronic check,Yes,99.74,4224.08,Yes
102930,Female,49.0,33,Month-to-month,Fiber optic,Electronic check,Yes,74.61,2495.7,No
102931,Male,55.0,55,One year,Fiber optic,Bank transfer,Yes,95.75,5245.51,No
102932,Female,31.0,51,Month-to-month,Fiber optic,Electronic check,No,99.68,5182.87,No
102933,Male,32.0,35,Month-to-month,No,Electronic check,Yes,50.95,1741.08,No
102934,Male,36.0,60,One year,No,Mailed check,No,103.43,6116.31,No
102935,Female,37.0,14,Two year,Fiber optic,Electronic check,Yes,88.08,1108.57,No
102936,Male,26.0,20,One year,Fiber optic,Credit card,No,76.19,1468.3,Yes
102937,Female,55.0,2,Two year,Fiber optic,Credit card,No,123.76,190.88,Yes
102938,Female,50.0,9,One year,No,Bank transfer,Yes,,118.59,No
102939,Female,35.0,15,Month-to-month,Fiber optic,Mailed check,Yes,54.6,713.2,No
102940,Male,47.0,45,Month-to-month,No,Electronic check,No,88.04,3995.46,Yes
102941,Female,42.0,62,Month-to-month,No,Mailed check,No,88.85,5423.52,No
102942,Female,48.0,43,Month-to-month,DSL,Electronic check,No,113.17,4915.67,No
102943,Female,22.0,33,Month-to-month,No,Bank transfer,Yes,20.0,724.89,No
102944,Male,37.0,20,Month-to-month,Fiber optic,Electronic check,No,105.47,2340.97,No
102945,Female,38.0,8,One year,DSL,Bank transfer,Yes,40.87,286.05,Yes
102946,Male,47.0,43,One year,DSL,Electronic check,Yes,82.47,3531.84,No
102947,Female,31.0,11,Month-to-month,Fiber optic,Mailed check,No,82.37,838.9,Yes
102948,Male,18.0,57,Month-to-month,DSL,Electronic check,Yes,93.25,5209.81,No
102949,Female,25.0,30,Month-to-month,DSL,Electronic check,Yes,66.12,1945.78,No
102950,Female,38.0,26,Month-to-month,Fiber optic,Mailed check,Yes,109.28,2771.44,No
102951,Male,40.0,2,Month-to-month,DSL,Mailed check,Yes,51.3,20.0,No
102952,Female,61.0,18,Month-to-month,Fiber optic,Credit card,Yes,81.96,1496.58,Yes
102953,Female,47.0,1,Month-to-month,Fiber optic,Electronic check,Yes,88.82,20.0,Yes
102954,Male,40.0,53,Two year,DSL,Electronic check,Yes,113.92,6088.69,No
102955,Male,39.0,36,Month-to-month,Fiber optic,Mailed check,Yes,104.82,3850.54,Yes
102956,Female,53.0,57,One year,DSL,Electronic check,No,77.11,4317.44,No
102957,Male,31.0,41,Month-to-month,No,Credit card,Yes,88.0,3733.87,No
102958,Male,37.0,69,Month-to-month,Fiber optic,Electronic check,Yes,111.15,7705.46,No
102959,Female,25.0,57,Month-to-month,Fiber optic,Credit card,No,93.36,5314.96,No
102960,Male,57.0,11,Two year,Fiber optic,Bank transfer,No,58.37,481.99,No
102961,Female,44.0,9,Month-to-month,No,Electronic check,Yes,87.71,635.2,No
102962,Male,30.0,65,Month-to-month,Fiber optic,Mailed check,Yes,83.29,5555.39,No
102963,Female,38.0,20,Two year,Fiber optic,Mailed check,Yes,75.18,1622.37,No
102964,Male,46.0,56,Month-to-month,DSL,Mailed check,Yes,52.37,3076.69,No
102965,Female,36.0,46,Month-to-month,Fiber optic,Mailed check,No,98.48,4697.24,No
102966,Female,32.0,51,One year,Fiber optic,Mailed check,No,96.8,5060.52,No
102967,Male,30.0,20,Month-to-month,Fiber optic,Bank transfer,Yes,60.11,1223.65,Yes
102968,Male,43.0,23,Two year,DSL,Mailed check,Yes,44.35,1070.43,No
102969,Female,34.0,40,Month-to-month,Fiber optic,Bank transfer,No,131.29,5190.01,Yes
102970,Female,33.0,2,One year,Fiber optic,Credit card,No,105.52,232.51,No
102971,Female,22.0,23,Month-to-month,Fiber optic,Mailed check,No,86.17,2049.01,No
102972,Male,40.0,37,One year,Fiber optic,Mailed check,Yes,99.16,3737.75,No
102973,Female,37.0,15,Two year,Fiber optic,Electronic check,No,72.31,1073.36,No
102974,Female,35.0,21,Two year,Fiber optic,Electronic check,Yes,79.69,1490.82,No
102975,Male,42.0,71,Two year,Fiber optic,Electronic check,Yes,84.54,5866.15,No
102976,Male,49.0,21,One year,Fiber optic,Mailed check,Yes,108.11,2313.15,No
102977,Male,48.0,65,Month-to-month,Fiber optic,Bank transfer,Yes,48.67,3118.07,No
102978,Female,46.0,67,Month-to-month,DSL,Electronic check,Yes,46.49,3174.7,No
102979,Male,36.0,49,Month-to-month,DSL,Bank transfer,Yes,41.38,1918.07,No
102980,Male,32.0,12,Month-to-month,Fiber optic,Electronic check,Yes,105.33,1386.5,Yes
102981,Female,25.0,15,Month-to-month,Fiber optic,Electronic check,Yes,81.48,1137.81,No
102982,Male,31.0,68,One year,DSL,Electronic check,Yes,49.09,3471.01,No
102983,Female,39.0,1,One year,Fiber optic,Mailed check,No,78.46,20.0,No
102984,Female,29.0,37,Two year,DSL,Electronic check,No,56.2,2133.7,No
102985,Female,40.0,43,Month-to-month,Fiber optic,Electronic check,Yes,48.14,1986.19,No
102986,Female,26.0,61,One year,DSL,Mailed check,No,103.51,6313.31,No
102987,Female,18.0,65,One year,Fiber optic,Mailed check,Yes,80.27,5314.42,No
102988,Female,50.0,21,Two year,Fiber optic,Mailed check,Yes,116.09,2519.05,No
102989,Female,33.0,37,One year,No,Electronic check,Yes,35.78,1249.78,No
102990,Male,28.0,46,Month-to-month,No,Electronic check,No,84.61,3836.93,No
102991,Male,25.0,70,Month-to-month,Fiber optic,Electronic check,Yes,47.94,3214.25,No
102992,Female,,41,Two year,Fiber optic,Electronic check,No,145.13,5789.05,No
102993,Male,57.0,9,One year,Fiber optic,Mailed check,No,40.76,291.79,No
102994,Female,34.0,67,Two year,No,Mailed check,Yes,116.9,7755.37,No
102995,Female,36.0,37,One year,Fiber optic,Credit card,No,83.5,2953.93,No
102996,Female,53.0,13,One year,DSL,Credit card,Yes,67.43,858.11,No
102997,Male,18.0,14,One year,No,Electronic check,No,86.73,1211.3,No
102998,Male,65.0,15,Two year,DSL,Electronic check,No,48.55,727.05,No
102999,Male,71.0,52,Two year,No,Credit card,Yes,91.63,4692.85,No
103000,Female,18.0,69,Month-to-month,DSL,Electronic check,Yes,93.46,6396.62,No
103001,Female,38.0,32,Month-to-month,Fiber optic,Mailed check,No,84.3,2669.09,No
103002,Female,30.0,8,Month-to-month,No,Bank transfer,Yes,78.25,699.53,Yes
103003,Female,36.0,64,Month-to-month,Fiber optic,Mailed check,No,132.24,8402.45,No
103004,Female,34.0,46,Two year,Fiber optic,Electronic check,Yes,100.28,4461.8,Yes
103005,Female,50.0,42,Two year,DSL,Electronic check,Yes,52.44,2173.58,No
103006,Male,38.0,5,Month-to-month,DSL,Electronic check,Yes,90.76,414.54,Yes
103007,Female,27.0,70,Month-to-month,DSL,Electronic check,Yes,58.55,3953.14,No
103008,Male,37.0,6,Month-to-month,Fiber optic,Electronic check,No,65.71,358.32,Yes
103009,Female,46.0,44,Two year,Fiber optic,Bank transfer,Yes,96.82,4180.44,No
103010,Female,24.0,43,One year,DSL,Mailed check,Yes,46.77,2004.1,No
103011,Male,18.0,37,Month-to-month,Fiber optic,Electronic check,Yes,85.16,3188.7,Yes
103012,Female,65.0,40,Month-to-month,No,Electronic check,Yes,88.84,3505.31,No
103013,Male,31.0,29,Month-to-month,No,Credit card,Yes,119.74,3518.46,Yes
103014,Female,37.0,42,Month-to-month,Fiber optic,Electronic check,Yes,99.96,4170.77,No
103015,Male,34.0,27,Two year,No,Electronic check,Yes,35.25,927.94,No
103016,Male,46.0,35,Two year,Fiber optic,Mailed check,Yes,51.16,1762.78,No
103017,Female,62.0,49,Month-to-month,Fiber optic,Electronic check,No,127.16,6213.39,No
103018,Male,47.0,54,Month-to-month,Fiber optic,Electronic check,Yes,68.14,3555.67,No
103019,Female,19.0,12,Month-to-month,No,Electronic check,No,34.09,244.47,Yes
103020,Female,21.0,72,Month-to-month,DSL,Credit card,Yes,46.88,3475.98,No
103021,Male,34.0,7,Month-to-month,DSL,Bank transfer,No,91.85,661.99,No
103022,Male,36.0,20,Month-to-month,No,Mailed check,Yes,74.82,1447.56,Yes
103023,Male,18.0,25,Month-to-month,Fiber optic,Credit card,Yes,100.18,2600.19,Yes
103024,Male,50.0,24,Two year,Fiber optic,Mailed check,No,83.17,2253.88,Yes
103025,Male,25.0,26,Month-to-month,Fiber optic,Electronic check,No,56.43,1332.17,No
103026,Female,58.0,24,Two year,Fiber optic,Mailed check,Yes,39.32,940.17,No
103027,Male,63.0,32,Month-to-month,DSL,Mailed check,No,51.14,1696.52,No
103028,Female,36.0,55,Month-to-month,Fiber optic,Mailed check,Yes,87.04,4640.48,No
103029,Male,45.0,60,Month-to-month,DSL,Bank transfer,Yes,42.41,2407.21,No
103030,Female,23.0,26,Month-to-month,DSL,Electronic check,Yes,96.57,2596.57,Yes
103031,Female,47.0,19,Month-to-month,No,Electronic check,No,47.0,888.12,No
103032,Male,33.0,49,Two year,DSL,Electronic check,Yes,30.7,1441.87,No
103033,Female,25.0,5,Two year,DSL,Electronic check,No,72.02,212.44,No
103034,Male,35.0,33,Month-to-month,DSL,Credit card,No,91.02,3033.03,No
103035,Male,33.0,16,Month-to-month,No,Mailed check,Yes,109.31,1622.82,Yes
103036,Female,35.0,44,Month-to-month,No,Electronic check,Yes,31.71,1303.53,No
103037,Female,51.0,6,One year,DSL,Bank transfer,Yes,107.59,559.52,Yes
103038,Male,29.0,60,Month-to-month,Fiber optic,Bank transfer,Yes,88.63,5287.3,No
103039,Male,62.0,20,Month-to-month,Fiber optic,Mailed check,Yes,68.47,1270.3,Yes
103040,Male,22.0,38,Two year,Fiber optic,Mailed check,Yes,101.02,3753.27,No
103041,Male,60.0,42,Two year,DSL,Bank transfer,Yes,105.88,4532.01,No
103042,Male,26.0,35,One year,DSL,Electronic check,Yes,30.02,1065.81,No
103043,Male,39.0,33,Month-to-month,Fiber optic,Mailed check,Yes,73.23,2417.97,Yes
103044,Female,33.0,20,Month-to-month,DSL,Bank transfer,Yes,58.38,1206.86,No
103045,Male,35.0,56,Month-to-month,Fiber optic,Credit card,No,99.65,5485.09,Yes
103046,Female,49.0,38,One year,DSL,Credit card,Yes,108.5,4155.71,Yes
103047,Female,58.0,16,One year,No,Credit card,Yes,73.84,1219.85,No
103048,Female,54.0,19,Month-to-month,Fiber optic,Electronic check,Yes,76.7,1365.17,No
103049,Male,34.0,32,Two year,Fiber optic,Credit card,Yes,95.13,3097.86,No
103050,Female,41.0,61,Month-to-month,Fiber optic,Bank transfer,Yes,78.14,4787.75,No
103051,Female,29.0,70,One year,DSL,Electronic check,No,20.0,1423.61,No
103052,Male,26.0,28,Month-to-month,DSL,Credit card,No,84.93,2528.0,No
103053,Female,24.0,29,Month-to-month,Fiber optic,Credit card,No,108.64,3161.57,Yes
103054,Male,33.0,10,Month-to-month,Fiber optic,Bank transfer,Yes,110.84,1025.29,Yes
103055,Female,42.0,40,One year,No,Electronic check,No,43.1,1735.73,No
103056,Male,18.0,18,Month-to-month,Fiber optic,Electronic check,Yes,99.18,1786.43,Yes
103057,Female,38.0,60,Month-to-month,Fiber optic,Credit card,Yes,122.32,7239.41,No
103058,Male,59.0,39,One year,DSL,Credit card,Yes,135.27,5093.37,Yes
103059,Male,54.0,16,One year,DSL,Electronic check,No,83.97,1337.66,No
103060,Male,31.0,66,One year,DSL,Electronic check,Yes,96.6,6460.48,No
103061,Male,21.0,59,One year,No,Bank transfer,No,47.18,2869.35,No
103062,Male,45.0,22,One year,Fiber optic,Electronic check,Yes,55.92,1255.67,Yes
103063,Male,18.0,9,One year,Fiber optic,Mailed check,No,108.68,1119.42,Yes
103064,Male,53.0,20,Month-to-month,Fiber optic,Credit card,Yes,33.1,677.71,No
103065,Female,36.0,28,Month-to-month,DSL,Electronic check,Yes,75.88,2106.89,Yes
103066,Female,63.0,30,Month-to-month,DSL,Bank transfer,Yes,107.76,3251.17,Yes
103067,Female,18.0,60,Month-to-month,DSL,Mailed check,Yes,89.81,5322.63,No
103068,Female,51.0,70,Month-to-month,DSL,Electronic check,Yes,89.65,6161.44,No
103069,Male,38.0,54,Month-to-month,Fiber optic,Mailed check,Yes,82.76,4380.96,No
103070,Male,35.0,61,Month-to-month,DSL,Mailed check,Yes,61.75,3723.61,No
103071,Male,21.0,10,One year,Fiber optic,Bank transfer,Yes,137.87,1456.66,No
103072,Male,47.0,11,One year,No,Mailed check,Yes,102.84,1001.0,No
103073,Male,48.0,66,Month-to-month,No,Credit card,Yes,93.16,6060.89,No
103074,Female,62.0,45,Two year,DSL,Electronic check,Yes,72.7,3343.98,Yes
103075,Female,52.0,17,Month-to-month,Fiber optic,Credit card,No,69.4,1147.68,Yes
103076,Female,31.0,58,Month-to-month,DSL,Mailed check,Yes,98.99,5723.48,No
103077,Male,26.0,13,Month-to-month,DSL,Mailed check,No,64.33,802.56,No
103078,Female,21.0,56,Month-to-month,Fiber optic,Electronic check,Yes,85.97,4988.25,Yes
103079,Male,58.0,64,Month-to-month,Fiber optic,Electronic check,No,99.39,6411.39,No
103080,Male,29.0,36,Two year,Fiber optic,Mailed check,Yes,89.24,3235.32,No
103081,Male,58.0,48,Month-to-month,No,Credit card,Yes,110.75,5333.77,No
103082,Female,46.0,53,Month-to-month,DSL,Bank transfer,Yes,39.0,2103.85,Yes
103083,Male,43.0,64,Month-to-month,No,Electronic check,Yes,73.68,4881.86,Yes
103084,Male,35.0,43,Month-to-month,DSL,Electronic check,Yes,125.45,5360.7,Yes
103085,Male,48.0,22,One year,No,Mailed check,Yes,94.43,2092.64,Yes
103086,Male,39.0,15,One year,Fiber optic,Credit card,No,79.07,1188.67,Yes
103087,Male,34.0,26,One year,DSL,Bank transfer,No,91.97,,Yes
103088,Male,,5,One year,Fiber optic,Electronic check,Yes,82.81,567.49,Yes
103089,Male,37.0,51,Month-to-month,DSL,Electronic check,Yes,108.66,5488.72,Yes
103090,Male,29.0,27,Month-to-month,Fiber optic,Electronic check,Yes,104.53,2863.09,No
103091,Male,47.0,52,One year,DSL,Mailed check,No,50.34,2633.54,No
103092,Male,38.0,5,Month-to-month,No,Electronic check,No,77.96,264.45,No
103093,Female,45.0,24,Month-to-month,DSL,Electronic check,Yes,82.47,2066.59,No
103094,Male,33.0,29,Month-to-month,No,Credit card,No,83.7,2568.01,No
103095,Female,23.0,7,One year,DSL,Mailed check,Yes,79.97,633.56,No
103096,Female,62.0,60,Month-to-month,Fiber optic,Credit card,Yes,98.12,5830.31,No
103097,Male,59.0,44,Two year,Fiber optic,Bank transfer,Yes,94.48,4035.01,No
103098,Male,50.0,61,Month-to-month,DSL,Electronic check,Yes,53.97,3349.87,No
103099,Male,34.0,58,Month-to-month,DSL,Electronic check,Yes,60.59,3417.07,Yes
103100,Male,35.0,3,Month-to-month,Fiber optic,Mailed check,Yes,77.65,144.77,No
103101,Male,57.0,63,Month-to-month,Fiber optic,Bank transfer,Yes,86.39,5461.41,No
103102,Male,34.0,6,Month-to-month,Fiber optic,Mailed check,Yes,77.73,532.61,Yes
103103,Male,31.0,63,One year,DSL,Credit card,No,99.57,6242.66,No
103104,Male,63.0,49,Month-to-month,No,Bank transfer,No,48.0,2333.4,No
103105,Female,38.0,59,Month-to-month,No,Mailed check,No,28.63,1679.1,No
103106,Male,62.0,36,Month-to-month,Fiber optic,Electronic check,No,133.17,4711.67,Yes
103107,Female,21.0,12,Month-to-month,DSL,Electronic check,No,51.56,584.51,No
103108,Male,46.0,11,Two year,DSL,Mailed check,Yes,99.51,949.04,Yes
103109,Female,66.0,9,Month-to-month,No,Electronic check,No,87.21,851.08,Yes
103110,Male,39.0,58,One year,Fiber optic,Credit card,Yes,64.44,3988.46,Yes
103111,Female,36.0,39,Month-to-month,Fiber optic,Mailed check,Yes,80.68,3151.93,Yes
103112,Female,24.0,16,Month-to-month,No,Electronic check,No,64.95,1146.4,No
103113,Male,53.0,9,Two year,DSL,Bank transfer,Yes,80.91,704.64,No
103114,Female,29.0,6,Month-to-month,Fiber optic,Bank transfer,Yes,64.81,267.68,No
103115,Male,38.0,19,Two year,Fiber optic,Electronic check,No,79.59,1714.82,No
103116,Male,23.0,54,Month-to-month,No,Mailed check,Yes,71.07,3761.67,No
103117,Female,59.0,65,Month-to-month,Fiber optic,Bank transfer,Yes,111.55,7335.99,No
103118,Female,54.0,44,Two year,Fiber optic,Mailed check,No,73.72,3263.13,No
103119,Male,39.0,72,Month-to-month,DSL,Electronic check,No,47.61,3534.77,No
103120,Female,24.0,29,Two year,No,Bank transfer,No,58.38,1686.98,No
103121,Female,59.0,24,Two year,Fiber optic,Bank transfer,Yes,93.18,2131.57,No
103122,Female,34.0,50,Month-to-month,Fiber optic,Electronic check,No,39.71,1925.68,No
103123,Male,25.0,10,Month-to-month,No,Electronic check,Yes,101.93,1231.0,Yes
103124,Female,18.0,66,Two year,DSL,Bank transfer,No,72.49,4813.11,No
103125,Male,31.0,57,Month-to-month,Fiber optic,Electronic check,Yes,94.83,5601.28,No
103126,Female,20.0,3,One year,No,Credit card,Yes,77.48,199.36,No
103127,Female,31.0,14,Month-to-month,Fiber optic,Electronic check,Yes,67.32,1006.72,Yes
103128,Female,49.0,46,Month-to-month,No,Bank transfer,No,44.95,1952.15,Yes
103129,Female,34.0,54,Month-to-month,No,Credit card,Yes,54.49,2945.14,No
103130,Female,44.0,16,One year,Fiber optic,Electronic check,Yes,46.35,941.68,No
103131,Male,30.0,54,One year,DSL,Bank transfer,Yes,80.71,4287.8,No
103132,Male,40.0,35,One year,No,Electronic check,Yes,67.93,2315.42,No
103133,Female,64.0,49,Month-to-month,Fiber optic,Bank transfer,Yes,45.64,2310.84,No
103134,Male,34.0,31,Month-to-month,Fiber optic,Credit card,No,68.59,2136.61,No
103135,Female,44.0,33,Month-to-month,Fiber optic,Credit card,Yes,100.3,3480.55,Yes
103136,Male,19.0,29,Month-to-month,DSL,Mailed check,Yes,104.33,3003.89,No
103137,Female,59.0,12,Month-to-month,DSL,Credit card,Yes,39.9,484.99,Yes
103138,Male,33.0,14,One year,Fiber optic,Credit card,Yes,138.03,1960.94,Yes
103139,Male,53.0,13,Month-to-month,Fiber optic,Electronic check,Yes,60.01,683.31,Yes
103140,Male,37.0,58,Month-to-month,Fiber optic,Credit card,Yes,41.38,2283.16,No
103141,Male,47.0,31,One year,DSL,Electronic check,Yes,115.94,3469.06,No
103142,Male,48.0,28,Month-to-month,Fiber optic,Credit card,Yes,57.98,1325.73,No
103143,Male,,62,Two year,Fiber optic,Credit card,Yes,122.1,7562.55,No
103144,Female,53.0,64,Month-to-month,DSL,Mailed check,Yes,55.38,3427.26,No
103145,Female,29.0,17,Month-to-month,Fiber optic,Mailed check,Yes,76.67,1254.88,No
103146,Female,49.0,26,Two year,Fiber optic,Credit card,Yes,51.37,1427.43,No
103147,Female,34.0,30,One year,Fiber optic,Electronic check,Yes,115.94,3393.07,Yes
103148,Female,44.0,61,Two year,Fiber optic,Mailed check,Yes,112.5,6924.58,No
103149,Female,33.0,49,Month-to-month,No,Mailed check,Yes,55.49,2576.79,No
103150,Male,40.0,40,Month-to-month,DSL,Mailed check,Yes,70.13,2743.55,No
103151,Female,25.0,17,One year,DSL,Electronic check,No,88.55,1662.05,No
103152,Male,42.0,28,Month-to-month,DSL,Electronic check,Yes,60.21,1647.38,Yes
103153,Male,40.0,3,Month-to-month,Fiber optic,Credit card,No,118.11,470.23,Yes
103154,Female,32.0,51,Month-to-month,No,Credit card,Yes,69.35,3748.84,No
103155,Male,38.0,67,Month-to-month,Fiber optic,Credit card,No,71.01,4719.97,No
103156,Female,41.0,57,Month-to-month,No,Mailed check,No,32.43,1788.59,No
103157,Female,31.0,23,One year,Fiber optic,Bank transfer,Yes,51.66,993.76,Yes
103158,Female,37.0,35,Month-to-month,DSL,Mailed check,Yes,86.71,3061.11,No
103159,Female,26.0,69,Two year,DSL,Bank transfer,Yes,77.89,5408.54,No
103160,Female,69.0,31,Month-to-month,Fiber optic,Credit card,Yes,104.39,3305.46,Yes
103161,Male,53.0,61,Month-to-month,Fiber optic,Electronic check,No,69.93,4390.95,No
103162,Female,43.0,42,Month-to-month,Fiber optic,Credit card,Yes,42.97,1712.41,No
103163,Male,54.0,36,One year,Fiber optic,Credit card,No,71.59,2745.64,No
103164,Male,18.0,43,One year,Fiber optic,Mailed check,No,134.95,5777.49,No
103165,Male,18.0,17,Month-to-month,Fiber optic,Credit card,Yes,59.88,1050.69,Yes
103166,Male,34.0,31,Month-to-month,Fiber optic,Credit card,Yes,83.09,2569.72,No
103167,Female,21.0,22,One year,Fiber optic,Electronic check,No,32.0,634.58,No
103168,Male,36.0,55,Month-to-month,Fiber optic,Electronic check,Yes,71.0,3797.11,No
103169,Female,42.0,45,One year,DSL,Bank transfer,No,61.65,2793.18,No
103170,Female,51.0,29,One year,No,Bank transfer,Yes,80.3,2241.92,Yes
103171,Female,24.0,60,Month-to-month,DSL,Electronic check,Yes,64.05,3823.16,No
103172,Female,44.0,33,One year,DSL,Mailed check,Yes,34.04,1086.23,No
103173,Male,39.0,69,One year,Fiber optic,Mailed check,Yes,,4618.0,No
103174,Male,44.0,44,Month-to-month,No,Mailed check,Yes,66.9,2781.66,No
103175,Female,32.0,64,Month-to-month,No,Electronic check,No,47.1,2729.36,No
103176,Female,57.0,72,Month-to-month,DSL,Electronic check,Yes,50.73,3728.07,Yes
103177,Female,38.0,24,One year,DSL,Credit card,No,97.13,2432.41,No
103178,Male,62.0,19,One year,Fiber optic,Electronic check,No,68.38,1068.67,Yes
103179,Male,29.0,61,Month-to-month,Fiber optic,Bank transfer,No,95.0,5832.64,No
103180,Male,49.0,17,Month-to-month,Fiber optic,Bank transfer,No,79.58,1372.41,No
103181,Male,38.0,55,Month-to-month,DSL,Credit card,No,41.25,2149.58,No
103182,Male,35.0,13,Month-to-month,Fiber optic,Credit card,Yes,75.68,1064.65,No
103183,Female,47.0,63,Month-to-month,DSL,Credit card,Yes,79.27,5096.45,No
103184,Male,35.0,50,Month-to-month,DSL,Mailed check,Yes,115.42,5866.34,No
103185,Female,18.0,38,Month-to-month,Fiber optic,Electronic check,Yes,64.69,2615.26,No
103186,Female,18.0,33,One year,DSL,Electronic check,No,69.87,2395.72,No
103187,Female,56.0,46,One year,Fiber optic,Mailed check,Yes,106.73,4834.75,No
103188,Male,55.0,28,Month-to-month,Fiber optic,Electronic check,No,115.51,3235.84,Yes
103189,Male,64.0,29,One year,Fiber optic,Electronic check,Yes,67.78,2000.31,No
103190,Female,39.0,15,Month-to-month,Fiber optic,Electronic check,No,80.11,1338.36,Yes
103191,Male,22.0,12,Month-to-month,No,Mailed check,Yes,99.82,1175.24,No
103192,Female,34.0,65,Two year,Fiber optic,Mailed check,Yes,96.79,6234.44,No
103193,Female,39.0,54,Month-to-month,No,Credit card,No,97.84,5134.51,No
103194,Male,26.0,32,Month-to-month,Fiber optic,Mailed check,Yes,113.29,3703.86,Yes
103195,Female,60.0,60,Month-to-month,Fiber optic,Electronic check,No,97.84,5889.22,Yes
103196,Male,68.0,44,One year,No,Mailed check,Yes,75.59,3247.97,No
103197,Male,45.0,44,Month-to-month,DSL,Electronic check,No,55.23,2499.47,No
103198,Female,39.0,9,Two year,DSL,Credit card,Yes,65.89,562.4,No
103199,Female,22.0,39,Month-to-month,No,Mailed check,No,67.55,2515.22,No
103200,Male,59.0,8,Month-to-month,Fiber optic,Electronic check,Yes,113.97,1031.53,Yes
103201,Female,40.0,50,Month-to-month,DSL,Bank transfer,Yes,76.41,3634.82,No
103202,Female,35.0,5,One year,No,Mailed check,Yes,76.65,,Yes
103203,Female,45.0,38,Month-to-month,DSL,Mailed check,Yes,47.15,1781.73,No
103204,Male,31.0,27,Two year,Fiber optic,Electronic check,No,114.11,2933.48,Yes
103205,Male,41.0,10,Two year,Fiber optic,Electronic check,Yes,64.82,677.49,Yes
103206,Female,20.0,35,Month-to-month,Fiber optic,Electronic check,No,76.88,2628.39,No
103207,Female,53.0,15,Month-to-month,Fiber optic,Bank transfer,Yes,116.74,1902.62,Yes
103208,Female,38.0,18,Month-to-month,DSL,Electronic check,Yes,94.17,1785.42,No
103209,Male,54.0,65,One year,No,Electronic check,Yes,50.76,3319.3,No
103210,Male,36.0,26,One year,Fiber optic,Mailed check,Yes,57.03,1258.53,Yes
103211,Female,37.0,30,Month-to-month,DSL,Mailed check,No,66.91,1957.29,No
103212,Male,23.0,1,Two year,Fiber optic,Electronic check,No,69.59,20.0,Yes
103213,Male,49.0,22,Month-to-month,Fiber optic,Credit card,Yes,47.31,1149.75,Yes
103214,Female,28.0,26,One year,DSL,Bank transfer,No,53.17,1398.44,Yes
103215,Female,33.0,52,Two year,No,Credit card,Yes,20.0,1068.52,No
103216,Male,39.0,9,Month-to-month,No,Electronic check,Yes,94.6,942.96,Yes
103217,Male,41.0,67,Month-to-month,DSL,Mailed check,Yes,93.03,6379.77,No
103218,Male,18.0,10,Month-to-month,No,Mailed check,Yes,107.24,1203.69,No
103219,Female,36.0,48,Two year,Fiber optic,Mailed check,No,92.83,4505.0,No
103220,Male,49.0,1,Month-to-month,Fiber optic,Electronic check,Yes,72.79,48.33,Yes
103221,Female,34.0,60,Two year,No,Electronic check,Yes,97.59,5894.54,No
103222,Male,36.0,51,Month-to-month,DSL,Credit card,Yes,54.46,2774.49,Yes
103223,Female,41.0,61,Month-to-month,No,Credit card,Yes,38.84,2439.98,No
103224,Female,37.0,68,Two year,DSL,Electronic check,Yes,68.32,4594.66,No
103225,Female,26.0,61,Month-to-month,Fiber optic,Electronic check,Yes,94.28,5832.39,No
103226,Female,39.0,45,One year,Fiber optic,Electronic check,No,63.7,2870.69,No
103227,Female,52.0,61,Month-to-month,DSL,Bank transfer,Yes,45.81,2829.15,No
103228,Male,25.0,7,Month-to-month,Fiber optic,Electronic check,Yes,73.58,407.4,No
103229,Female,34.0,47,Month-to-month,Fiber optic,Bank transfer,Yes,94.3,4407.47,No
103230,Female,21.0,72,Month-to-month,Fiber optic,Electronic check,No,80.36,5826.11,No
103231,Female,51.0,28,One year,Fiber optic,Bank transfer,No,149.91,4181.07,Yes
103232,Male,38.0,71,Month-to-month,DSL,Credit card,No,68.6,4659.39,No
103233,Female,28.0,37,Month-to-month,DSL,Electronic check,Yes,90.77,3247.43,No
103234,Male,40.0,34,Month-to-month,DSL,Credit card,Yes,35.78,1247.28,No
103235,Female,23.0,22,One year,No,Credit card,No,86.67,2042.13,No
103236,Female,26.0,8,One year,Fiber optic,Mailed check,Yes,72.44,558.59,Yes
103237,Male,20.0,64,One year,Fiber optic,Electronic check,Yes,83.77,5317.28,No
103238,Female,25.0,52,Two year,Fiber optic,Mailed check,No,126.17,6655.54,No
103239,Female,57.0,29,Month-to-month,Fiber optic,Electronic check,Yes,74.69,2166.99,Yes
103240,Male,29.0,70,Month-to-month,DSL,Credit card,Yes,39.3,2817.88,No
103241,Male,45.0,14,Month-to-month,DSL,Mailed check,Yes,43.2,578.19,No
103242,Male,28.0,57,Month-to-month,Fiber optic,Bank transfer,Yes,88.32,4997.68,No
103243,Female,49.0,33,One year,DSL,Bank transfer,No,74.97,2547.99,No
103244,Female,26.0,45,One year,No,Electronic check,Yes,73.93,3387.37,No
103245,Female,40.0,3,Month-to-month,DSL,Mailed check,Yes,39.86,90.71,Yes
103246,Female,40.0,44,Two year,Fiber optic,Credit card,Yes,134.66,5823.86,Yes
103247,Female,69.0,49,Month-to-month,Fiber optic,Mailed check,Yes,120.61,5759.66,No
103248,Male,47.0,71,One year,Fiber optic,Electronic check,No,87.26,6057.09,No
103249,Male,31.0,25,Month-to-month,No,Credit card,Yes,33.97,792.26,No
103250,Male,48.0,6,One year,Fiber optic,Electronic check,Yes,123.61,770.15,No
103251,Male,67.0,5,Month-to-month,DSL,Credit card,Yes,100.42,352.19,Yes
103252,Female,18.0,11,Two year,Fiber optic,Electronic check,Yes,86.57,808.24,No
103253,Male,28.0,22,Two year,DSL,Bank transfer,Yes,101.97,2277.32,No
103254,Male,36.0,60,Month-to-month,DSL,Bank transfer,No,59.64,3719.59,No
103255,Male,34.0,15,Month-to-month,Fiber optic,Electronic check,No,59.99,997.84,Yes
103256,Male,35.0,11,One year,DSL,Electronic check,Yes,75.93,669.48,No
103257,Male,22.0,3,One year,DSL,Electronic check,No,33.18,134.8,No
103258,Male,57.0,28,Month-to-month,Fiber optic,Bank transfer,No,56.25,1661.02,Yes
103259,Female,21.0,44,One year,Fiber optic,Electronic check,No,97.6,4249.83,No
103260,Male,36.0,21,Two year,No,Electronic check,No,78.0,1616.68,No
103261,Male,53.0,36,One year,DSL,Mailed check,No,37.46,1378.58,No
103262,Male,39.0,18,Month-to-month,Fiber optic,Credit card,Yes,73.78,1371.94,Yes
103263,Female,26.0,58,Two year,Fiber optic,Electronic check,Yes,50.55,2965.84,No
103264,Female,21.0,2,Month-to-month,No,Bank transfer,No,59.79,184.77,No
103265,Female,36.0,15,Month-to-month,Fiber optic,Credit card,Yes,69.05,1055.16,No
103266,Female,29.0,41,Two year,Fiber optic,Mailed check,No,108.81,4404.89,No
103267,Female,42.0,61,Month-to-month,Fiber optic,Credit card,Yes,80.08,4844.72,No
103268,Female,21.0,29,Month-to-month,DSL,Mailed check,Yes,65.92,1841.55,Yes
103269,Male,50.0,6,One year,DSL,Bank transfer,No,62.19,331.64,No
103270,Female,41.0,40,Two year,Fiber optic,Bank transfer,Yes,40.98,1689.76,No
103271,Male,41.0,20,Month-to-month,DSL,Electronic check,Yes,69.53,1321.05,Yes
103272,Male,58.0,22,Month-to-month,DSL,Mailed check,Yes,84.07,1945.84,No
103273,Female,33.0,67,Month-to-month,Fiber optic,Bank transfer,No,89.79,5926.98,No
103274,Male,30.0,68,Month-to-month,DSL,Electronic check,Yes,89.32,6092.05,No
103275,Male,32.0,19,Month-to-month,DSL,Mailed check,No,90.53,1795.29,No
103276,Female,36.0,43,Month-to-month,Fiber optic,Bank transfer,Yes,138.95,6015.24,Yes
103277,Male,38.0,39,Two year,No,Electronic check,No,43.78,1541.15,No
103278,Male,28.0,70,One year,Fiber optic,Mailed check,Yes,89.87,6302.89,No
103279,Female,18.0,69,Two year,DSL,Electronic check,No,80.67,5499.83,No
103280,Female,32.0,26,Two year,DSL,Electronic check,Yes,64.01,1545.26,No
103281,Male,44.0,2,Two year,No,Mailed check,Yes,56.19,132.44,No
103282,Female,41.0,1,One year,Fiber optic,Electronic check,Yes,96.47,20.0,No
103283,Female,55.0,1,Month-to-month,Fiber optic,Mailed check,No,94.07,116.1,Yes
103284,Male,64.0,57,Two year,DSL,Electronic check,Yes,45.67,2734.23,No
103285,Male,49.0,54,Month-to-month,DSL,Credit card,Yes,27.06,1488.44,No
103286,Male,57.0,60,Month-to-month,DSL,Credit card,Yes,59.71,3561.65,No
103287,Male,49.0,11,Month-to-month,No,Electronic check,No,55.16,592.3,Yes
103288,Male,61.0,5,Month-to-month,No,Electronic check,Yes,87.07,517.61,No
103289,Male,63.0,13,Month-to-month,DSL,Electronic check,No,48.9,608.2,No
103290,Male,51.0,46,One year,Fiber optic,Electronic check,Yes,79.56,3617.88,No
103291,Male,48.0,1,Month-to-month,No,Bank transfer,Yes,29.33,20.0,Yes
103292,Male,36.0,48,Month-to-month,No,Mailed check,Yes,33.21,1513.61,No
103293,Male,38.0,65,Month-to-month,Fiber optic,Mailed check,Yes,64.76,4289.79,No
103294,Male,35.0,11,Two year,DSL,Credit card,No,65.74,679.4,No
103295,Male,47.0,54,Month-to-month,No,Credit card,Yes,51.5,2830.97,No
103296,Female,30.0,40,Month-to-month,DSL,Mailed check,Yes,75.57,3080.04,No
103297,Male,37.0,68,One year,DSL,Bank transfer,Yes,29.47,1917.92,No
103298,Female,18.0,18,Two year,DSL,Mailed check,Yes,66.62,1127.6,No
103299,Female,61.0,17,Month-to-month,Fiber optic,Bank transfer,No,78.91,1393.42,Yes
103300,Female,36.0,2,One year,DSL,Electronic check,Yes,35.8,84.24,No
103301,Female,45.0,51,Month-to-month,Fiber optic,Electronic check,No,89.71,4559.11,No
103302,Male,58.0,63,Two year,No,Electronic check,Yes,20.0,,No
103303,Female,43.0,2,One year,Fiber optic,Electronic check,No,66.87,224.86,No
103304,Male,58.0,36,One year,No,Mailed check,No,91.69,3297.34,No
103305,Male,23.0,53,Month-to-month,No,Bank transfer,No,20.0,1008.8,No
103306,Male,70.0,57,One year,Fiber optic,Mailed check,Yes,100.78,5755.01,No
103307,Male,53.0,67,Month-to-month,Fiber optic,Credit card,Yes,54.85,3602.53,No
103308,Male,42.0,53,Month-to-month,No,Electronic check,No,57.24,3046.57,No
103309,Male,58.0,67,One year,Fiber optic,Credit card,No,119.16,7983.89,No
103310,Female,24.0,72,One year,DSL,Electronic check,Yes,56.33,3982.33,No
103311,Female,35.0,67,Month-to-month,No,Electronic check,No,112.34,7490.35,Yes
103312,Male,58.0,32,Two year,Fiber optic,Electronic check,No,76.37,2414.66,No
103313,Female,18.0,30,Month-to-month,No,Electronic check,No,69.88,2162.39,No
103314,Male,46.0,31,One year,Fiber optic,Electronic check,Yes,105.06,3178.1,Yes
103315,Male,46.0,69,Month-to-month,DSL,Bank transfer,Yes,85.6,5833.55,No
103316,Female,65.0,21,Month-to-month,Fiber optic,Electronic check,No,87.85,1811.23,No
103317,Female,18.0,55,Two year,Fiber optic,Electronic check,Yes,72.42,4033.86,No
103318,Male,60.0,46,Month-to-month,Fiber optic,Electronic check,No,45.23,2146.04,No
103319,Male,32.0,5,Two year,No,Bank transfer,Yes,34.45,195.82,No
103320,Male,,36,Month-to-month,Fiber optic,Mailed check,Yes,116.83,4270.22,Yes
103321,Male,23.0,15,One year,DSL,Electronic check,No,114.49,1821.95,Yes
103322,Male,25.0,53,Month-to-month,Fiber optic,Electronic check,Yes,87.24,,No
103323,Female,44.0,33,One year,DSL,Bank transfer,Yes,27.66,840.63,No
103324,Female,25.0,26,Two year,Fiber optic,Bank transfer,No,,1674.97,No
103325,Male,49.0,5,Month-to-month,DSL,Mailed check,No,51.45,134.7,Yes
103326,Female,30.0,10,Month-to-month,DSL,Mailed check,No,58.11,616.62,No
103327,Male,23.0,56,One year,No,Electronic check,Yes,49.88,2749.03,No
103328,Male,32.0,63,One year,DSL,Mailed check,Yes,85.01,5365.72,No
103329,Male,43.0,21,Month-to-month,Fiber optic,Bank transfer,Yes,90.18,1886.14,No
103330,Female,,60,One year,Fiber optic,Bank transfer,Yes,123.5,7375.53,Yes
103331,Female,39.0,40,One year,DSL,Electronic check,Yes,62.27,2511.09,No
103332,Female,48.0,26,One year,No,Bank transfer,Yes,77.0,1990.77,No
103333,Male,53.0,33,Month-to-month,DSL,Mailed check,Yes,90.53,2930.75,No
103334,Female,35.0,50,Month-to-month,Fiber optic,Bank transfer,Yes,109.54,5378.19,No
103335,Male,25.0,66,Two year,Fiber optic,Bank transfer,No,53.13,3538.62,No
103336,Male,40.0,36,One year,Fiber optic,Bank transfer,No,94.12,3279.75,No
103337,Female,45.0,25,Month-to-month,DSL,Electronic check,Yes,75.67,2053.28,Yes
103338,Male,20.0,55,Two year,No,Electronic check,No,79.57,4492.19,Yes
103339,Female,27.0,38,Month-to-month,No,Electronic check,Yes,73.49,2649.53,No
103340,Female,30.0,29,Month-to-month,Fiber optic,Mailed check,Yes,126.82,3734.26,Yes
103341,Female,36.0,34,One year,Fiber optic,Mailed check,Yes,61.73,2201.27,No
103342,Male,29.0,39,One year,Fiber optic,Bank transfer,No,60.25,2297.0,No
103343,Male,48.0,11,Two year,Fiber optic,Mailed check,Yes,63.48,729.88,No
103344,Female,18.0,5,One year,Fiber optic,Mailed check,Yes,76.75,372.48,Yes
103345,Female,18.0,48,Month-to-month,DSL,Bank transfer,Yes,79.33,3869.21,No
103346,Female,35.0,13,Month-to-month,Fiber optic,Electronic check,Yes,72.6,903.63,No
103347,Female,37.0,39,Month-to-month,DSL,Electronic check,Yes,97.16,3880.5,No
103348,Male,20.0,57,Two year,DSL,Electronic check,Yes,,4085.96,No
103349,Male,31.0,16,Month-to-month,Fiber optic,Bank transfer,No,81.59,1276.9,No
103350,Female,34.0,28,Month-to-month,DSL,Electronic check,Yes,38.74,1143.08,Yes
103351,Male,34.0,71,Month-to-month,Fiber optic,Electronic check,Yes,129.53,9277.69,No
103352,Female,41.0,3,Month-to-month,Fiber optic,Electronic check,No,82.81,38.16,No
103353,Male,30.0,55,Month-to-month,DSL,Mailed check,Yes,112.93,5949.78,No
103354,Female,58.0,13,One year,DSL,Credit card,No,56.44,764.47,No
103355,Female,45.0,66,Month-to-month,DSL,Credit card,Yes,92.77,6063.24,No
103356,Male,29.0,30,Two year,Fiber optic,Electronic check,Yes,69.93,1979.01,No
103357,Male,40.0,1,Two year,DSL,Mailed check,No,117.48,83.82,No
103358,Female,41.0,52,Month-to-month,Fiber optic,Electronic check,No,112.02,6087.04,No
103359,Male,55.0,11,Two year,Fiber optic,Bank transfer,Yes,105.24,1037.93,No
103360,Female,31.0,27,Month-to-month,Fiber optic,Electronic check,Yes,65.88,1858.47,No
103361,Female,49.0,37,Month-to-month,DSL,Electronic check,No,119.67,4359.26,No
103362,Female,40.0,54,Month-to-month,DSL,Mailed check,Yes,122.95,6508.6,No
103363,Male,58.0,31,One year,DSL,Mailed check,No,62.51,1882.73,No
103364,Female,56.0,62,One year,DSL,Credit card,Yes,76.04,4586.56,No
103365,Male,42.0,35,Month-to-month,No,Electronic check,Yes,95.17,3189.82,No
103366,Female,36.0,25,One year,DSL,Credit card,Yes,22.7,502.26,No
103367,Female,46.0,25,One year,DSL,Electronic check,Yes,100.65,2418.13,No
103368,Male,37.0,58,One year,No,Electronic check,No,97.59,5647.08,No
103369,Male,61.0,48,Month-to-month,No,Bank transfer,Yes,57.92,2795.33,No
103370,Male,40.0,10,Two year,Fiber optic,Mailed check,Yes,32.0,248.99,No
103371,Female,34.0,55,One year,Fiber optic,Credit card,Yes,92.33,5134.81,No
103372,Male,33.0,30,Month-to-month,DSL,Mailed check,Yes,43.66,1250.03,No
103373,Male,23.0,26,Two year,Fiber optic,,Yes,44.29,1137.72,No
103374,Female,46.0,8,Month-to-month,Fiber optic,Electronic check,Yes,93.27,550.93,No
103375,Female,28.0,72,One year,Fiber optic,Credit card,Yes,116.95,8427.79,No
103376,Female,53.0,4,One year,DSL,Bank transfer,No,66.53,468.81,No
103377,Female,22.0,72,Month-to-month,Fiber optic,Bank transfer,Yes,113.63,8252.91,Yes
103378,Female,41.0,5,Month-to-month,Fiber optic,Bank transfer,No,100.6,487.47,Yes
103379,Female,54.0,37,One year,DSL,Electronic check,Yes,37.67,1289.56,No
103380,Male,18.0,8,Two year,Fiber optic,Credit card,Yes,70.15,708.09,No
103381,Female,65.0,36,Two year,DSL,Mailed check,Yes,98.98,3548.79,No
103382,Female,33.0,61,One year,Fiber optic,Credit card,No,69.94,4205.73,Yes
103383,Female,41.0,43,Month-to-month,DSL,Bank transfer,Yes,92.48,3918.29,Yes
103384,Female,46.0,40,Month-to-month,No,Mailed check,Yes,61.75,2656.57,No
103385,Female,48.0,9,One year,Fiber optic,Bank transfer,Yes,102.03,907.63,Yes
103386,Male,43.0,69,Month-to-month,Fiber optic,Bank transfer,Yes,94.73,6576.92,No
103387,Female,52.0,28,One year,Fiber optic,Electronic check,Yes,77.79,2159.84,No
103388,Female,46.0,39,Month-to-month,Fiber optic,Bank transfer,No,101.33,3946.0,Yes
103389,Male,62.0,65,Month-to-month,DSL,Mailed check,Yes,20.0,1261.76,No
103390,Female,46.0,46,One year,Fiber optic,Credit card,No,56.86,2743.57,Yes
103391,Male,65.0,53,One year,DSL,Credit card,No,60.41,3205.69,No
103392,Female,51.0,14,One year,Fiber optic,Electronic check,Yes,113.32,1459.78,No
103393,Female,18.0,34,Month-to-month,Fiber optic,Electronic check,Yes,47.85,1662.37,Yes
103394,Male,73.0,39,Two year,DSL,Electronic check,No,71.13,2763.74,No
103395,Male,32.0,13,Month-to-month,No,Bank transfer,Yes,79.94,1073.52,No
103396,Female,58.0,28,One year,No,Credit card,Yes,78.19,2159.48,No
103397,Male,39.0,60,One year,Fiber optic,Bank transfer,Yes,81.54,4843.7,No
103398,Female,53.0,68,Month-to-month,DSL,Credit card,Yes,56.49,3921.79,No
103399,Male,30.0,60,One year,Fiber optic,Mailed check,No,77.83,4837.12,No
103400,Female,47.0,68,One year,No,Mailed check,No,96.37,6385.86,No
103401,Female,36.0,72,Month-to-month,Fiber optic,Credit card,Yes,66.79,4816.26,Yes
103402,Female,60.0,15,One year,DSL,Electronic check,Yes,20.0,251.39,No
103403,Male,45.0,62,Month-to-month,DSL,Mailed check,Yes,83.65,5104.23,Yes
103404,Female,51.0,45,Two year,Fiber optic,Electronic check,Yes,121.4,5268.91,No
103405,Male,18.0,62,Month-to-month,DSL,Electronic check,Yes,45.72,2867.11,No
103406,Male,38.0,46,Month-to-month,DSL,Bank transfer,Yes,106.02,4833.41,No
103407,Male,44.0,9,One year,Fiber optic,Electronic check,No,97.02,824.31,Yes
103408,Female,42.0,41,Month-to-month,Fiber optic,Mailed check,Yes,55.09,2366.93,Yes
103409,Female,51.0,55,Two year,DSL,Electronic check,Yes,54.41,2953.0,No
103410,Male,34.0,9,Month-to-month,No,Mailed check,No,53.31,436.43,No
103411,Male,40.0,37,Month-to-month,DSL,Electronic check,Yes,76.23,2700.27,No
103412,Female,54.0,48,Month-to-month,DSL,Credit card,Yes,67.47,3156.85,No
103413,Male,18.0,34,Month-to-month,DSL,Mailed check,No,99.64,3519.74,No
103414,Male,47.0,58,Month-to-month,DSL,Bank transfer,Yes,93.23,5462.38,No
103415,Female,35.0,10,Month-to-month,Fiber optic,Mailed check,Yes,45.37,569.59,Yes
103416,Male,27.0,25,Month-to-month,DSL,Electronic check,No,36.53,837.6,No
103417,Female,43.0,69,Month-to-month,No,Bank transfer,Yes,87.36,6060.35,No
103418,Female,55.0,38,Month-to-month,No,Electronic check,Yes,59.11,2340.48,No
103419,Male,53.0,14,Month-to-month,DSL,Mailed check,Yes,67.63,998.96,No
103420,Male,37.0,9,Month-to-month,Fiber optic,Mailed check,Yes,97.66,1021.17,No
103421,Female,50.0,43,Month-to-month,Fiber optic,Bank transfer,Yes,105.46,4570.96,No
103422,Female,50.0,68,Month-to-month,No,Credit card,No,41.17,2799.4,No
103423,Female,38.0,4,Month-to-month,DSL,Electronic check,Yes,20.0,20.0,No
103424,Male,30.0,8,Month-to-month,Fiber optic,Bank transfer,Yes,81.17,686.87,No
103425,Female,31.0,28,Month-to-month,DSL,Mailed check,No,50.63,1471.43,No
103426,Female,50.0,16,Two year,DSL,Bank transfer,Yes,73.66,1281.84,No
103427,Male,38.0,9,Month-to-month,No,Credit card,No,69.78,556.51,No
103428,Female,25.0,22,Month-to-month,DSL,Mailed check,No,47.61,1044.4,No
103429,Female,18.0,47,One year,Fiber optic,Electronic check,Yes,136.17,6256.89,No
103430,Male,50.0,60,Month-to-month,DSL,Bank transfer,Yes,72.43,4200.61,No
103431,Male,32.0,23,Month-to-month,No,Mailed check,Yes,57.66,1372.35,No
103432,Female,43.0,51,One year,Fiber optic,Credit card,Yes,86.54,4527.53,Yes
103433,Male,55.0,60,One year,DSL,Mailed check,Yes,85.25,5232.14,No
103434,Male,22.0,1,Two year,Fiber optic,Credit card,Yes,68.19,107.65,No
103435,Male,38.0,62,Two year,DSL,Electronic check,Yes,130.01,8244.76,No
103436,Female,37.0,14,One year,DSL,Bank transfer,Yes,33.94,439.83,No
103437,Male,44.0,50,One year,Fiber optic,Electronic check,Yes,47.67,2464.34,Yes
103438,Female,,55,Month-to-month,No,Bank transfer,Yes,32.02,1642.49,No
103439,Female,22.0,61,Two year,Fiber optic,Credit card,Yes,84.1,4847.19,No
103440,Female,46.0,30,Month-to-month,DSL,Bank transfer,No,83.82,2471.28,No
103441,Female,52.0,48,Month-to-month,DSL,Bank transfer,Yes,63.74,3048.66,No
103442,Male,37.0,2,Month-to-month,Fiber optic,Electronic check,Yes,95.75,212.61,Yes
103443,Male,37.0,33,One year,DSL,Electronic check,No,83.41,2735.78,No
103444,Male,44.0,70,Month-to-month,Fiber optic,Mailed check,Yes,74.98,5281.12,No
103445,Female,43.0,12,Two year,Fiber optic,Mailed check,Yes,94.69,1292.91,No
103446,Female,47.0,11,Month-to-month,No,Electronic check,Yes,67.09,804.4,No
103447,Male,46.0,51,Two year,Fiber optic,Bank transfer,Yes,73.77,3693.36,No
103448,Female,26.0,37,Month-to-month,No,Bank transfer,Yes,59.54,1976.85,No
103449,Female,52.0,33,One year,Fiber optic,Electronic check,No,89.83,2867.61,Yes
103450,Male,54.0,18,Month-to-month,Fiber optic,Electronic check,Yes,114.44,2180.79,Yes
103451,Male,41.0,13,Month-to-month,DSL,Electronic check,Yes,41.87,498.99,No
103452,Male,20.0,54,Month-to-month,Fiber optic,Bank transfer,Yes,71.99,3948.54,No
103453,Male,38.0,26,Month-to-month,DSL,Credit card,No,76.07,2035.45,Yes
103454,Male,42.0,56,Month-to-month,DSL,Mailed check,Yes,115.92,6486.51,Yes
103455,Female,24.0,32,One year,Fiber optic,Electronic check,No,94.79,3025.47,Yes
103456,Female,34.0,29,Month-to-month,DSL,Credit card,Yes,51.68,1438.93,Yes
103457,Female,21.0,17,One year,No,Electronic check,No,48.9,1031.75,Yes
103458,Male,47.0,48,One year,Fiber optic,Bank transfer,No,108.63,5128.2,No
103459,Female,41.0,21,Month-to-month,Fiber optic,Mailed check,Yes,76.16,1700.25,No
103460,Male,18.0,66,Two year,Fiber optic,Credit card,No,53.23,3587.95,No
103461,Male,44.0,30,One year,DSL,Bank transfer,No,97.35,2975.86,No
103462,Female,38.0,59,One year,DSL,Electronic check,Yes,79.7,4691.51,No
103463,Female,46.0,34,One year,DSL,Electronic check,Yes,42.15,1299.92,No
103464,Male,34.0,30,One year,Fiber optic,Electronic check,Yes,50.49,1411.38,No
103465,Male,29.0,33,Two year,Fiber optic,Electronic check,No,32.0,986.27,No
103466,Female,29.0,32,Month-to-month,DSL,Mailed check,Yes,56.44,1839.36,No
103467,Female,32.0,35,Month-to-month,DSL,Mailed check,No,79.61,2866.51,No
103468,Male,39.0,64,One year,DSL,Bank transfer,Yes,96.01,6172.9,No
103469,Female,41.0,51,Month-to-month,Fiber optic,Electronic check,No,94.62,4848.99,Yes
103470,Female,37.0,3,One year,DSL,Mailed check,Yes,39.38,211.96,No
103471,Male,33.0,5,Month-to-month,Fiber optic,Credit card,Yes,76.91,196.45,Yes
103472,Female,34.0,2,Month-to-month,DSL,Mailed check,Yes,107.73,20.0,Yes
103473,Female,72.0,50,Two year,DSL,Mailed check,No,59.2,2820.71,No
103474,Female,29.0,15,Month-to-month,Fiber optic,Bank transfer,No,103.22,1631.6,Yes
103475,Male,32.0,28,Month-to-month,No,Bank transfer,Yes,88.13,2286.8,Yes
103476,Male,75.0,60,One year,DSL,Mailed check,No,91.0,5459.11,No
103477,Female,44.0,10,One year,DSL,Credit card,No,82.78,745.87,No
103478,Female,21.0,12,Two year,DSL,Electronic check,Yes,90.92,1105.01,No
103479,Male,50.0,6,Month-to-month,Fiber optic,Electronic check,Yes,46.96,269.01,No
103480,Female,27.0,21,Two year,Fiber optic,Mailed check,Yes,121.88,2582.01,Yes
103481,Female,51.0,7,One year,Fiber optic,Electronic check,Yes,38.84,235.96,No
103482,Male,36.0,46,Two year,Fiber optic,Electronic check,No,91.8,4286.46,No
103483,Female,33.0,54,Month-to-month,No,Electronic check,Yes,70.79,3954.37,No
103484,Male,60.0,14,Month-to-month,DSL,Bank transfer,Yes,56.36,902.87,No
103485,Male,46.0,38,Month-to-month,DSL,Mailed check,Yes,47.62,1776.94,No
103486,Male,52.0,22,One year,Fiber optic,Credit card,Yes,97.74,2072.43,No
103487,Male,45.0,6,Month-to-month,Fiber optic,Electronic check,Yes,104.03,641.78,No
103488,Female,33.0,34,Month-to-month,DSL,Bank transfer,Yes,69.42,2538.07,No
103489,Male,47.0,51,One year,No,Electronic check,No,64.77,3298.48,No
103490,Female,55.0,17,Month-to-month,Fiber optic,Electronic check,Yes,116.04,2048.17,Yes
103491,Male,41.0,57,Month-to-month,No,Bank transfer,Yes,61.46,3573.76,No
103492,Female,62.0,72,Month-to-month,No,Electronic check,No,70.95,5177.88,No
103493,Male,50.0,5,Two year,Fiber optic,Bank transfer,Yes,78.91,509.11,Yes
103494,Female,42.0,12,One year,No,Bank transfer,No,133.77,1486.73,No
103495,Female,42.0,21,Month-to-month,Fiber optic,Bank transfer,Yes,63.0,1236.31,Yes
103496,Female,41.0,62,Two year,Fiber optic,Mailed check,No,104.79,6501.26,No
103497,Male,23.0,11,One year,Fiber optic,Credit card,Yes,41.52,567.45,No
103498,Male,38.0,34,Month-to-month,No,Electronic check,No,48.05,1744.23,Yes
103499,Male,42.0,39,One year,Fiber optic,Credit card,Yes,76.27,2970.39,No
103500,Male,34.0,10,Two year,Fiber optic,,Yes,80.73,897.14,No
103501,Male,43.0,4,Month-to-month,DSL,Mailed check,Yes,65.14,222.62,Yes
103502,Female,39.0,9,One year,No,Credit card,Yes,69.51,551.21,Yes
103503,Male,49.0,5,Month-to-month,Fiber optic,,Yes,66.77,214.24,No
103504,Male,48.0,37,Two year,Fiber optic,Credit card,Yes,116.19,4286.68,Yes
103505,Male,41.0,68,One year,Fiber optic,Mailed check,Yes,58.99,3980.13,No
103506,Female,21.0,26,Two year,Fiber optic,Credit card,Yes,102.61,2758.17,No
103507,Female,62.0,19,One year,DSL,Electronic check,Yes,88.94,1740.51,No
103508,Female,37.0,17,Month-to-month,Fiber optic,Mailed check,No,60.3,1029.98,Yes
103509,Male,38.0,71,Month-to-month,DSL,Electronic check,No,62.83,4466.17,No
103510,Male,35.0,70,Two year,DSL,Electronic check,Yes,71.94,4998.08,No
103511,Female,33.0,47,Month-to-month,DSL,Bank transfer,Yes,113.89,5192.71,No
103512,Female,59.0,34,Month-to-month,Fiber optic,Bank transfer,Yes,74.77,2435.76,No
103513,Male,57.0,12,One year,DSL,Bank transfer,No,150.0,1870.8,No
103514,Male,45.0,67,Month-to-month,Fiber optic,Bank transfer,No,103.2,6901.94,No
103515,Male,38.0,1,Month-to-month,No,Bank transfer,Yes,80.59,20.0,No
103516,Female,47.0,12,Month-to-month,Fiber optic,Mailed check,Yes,106.11,1396.36,Yes
103517,Male,40.0,49,Month-to-month,No,Electronic check,Yes,29.04,1575.8,No
103518,Female,37.0,14,One year,Fiber optic,Bank transfer,Yes,113.3,1694.61,No
103519,Female,43.0,8,Month-to-month,DSL,Bank transfer,Yes,38.93,349.6,No
103520,Female,33.0,43,Month-to-month,Fiber optic,Electronic check,No,105.74,4572.58,Yes
103521,Female,42.0,2,One year,Fiber optic,Mailed check,Yes,69.19,136.17,No
103522,Male,42.0,20,Month-to-month,No,Electronic check,Yes,52.02,1055.11,No
103523,Female,47.0,47,One year,DSL,Bank transfer,No,116.31,5523.15,No
103524,Male,31.0,14,Month-to-month,No,Electronic check,No,69.51,1036.81,No
103525,Male,48.0,55,Month-to-month,Fiber optic,Bank transfer,Yes,45.72,2555.47,Yes
103526,Male,27.0,7,Month-to-month,No,Bank transfer,No,96.37,379.66,No
103527,Male,32.0,45,One year,DSL,Credit card,Yes,41.48,1970.21,No
103528,Male,32.0,6,Two year,Fiber optic,Mailed check,Yes,118.02,726.07,No
103529,Male,25.0,53,Month-to-month,DSL,Credit card,Yes,71.59,3672.1,No
103530,Male,52.0,55,Month-to-month,Fiber optic,Bank transfer,Yes,52.15,2886.07,No
103531,Male,26.0,58,Month-to-month,DSL,Electronic check,Yes,92.53,5393.96,No
103532,Male,30.0,21,Month-to-month,Fiber optic,Mailed check,Yes,97.03,1896.26,Yes
103533,Male,55.0,18,Month-to-month,Fiber optic,Mailed check,No,32.0,518.17,No
103534,Female,32.0,71,Two year,Fiber optic,Electronic check,Yes,82.41,5751.58,Yes
103535,Male,37.0,53,One year,Fiber optic,Mailed check,Yes,91.47,4760.29,No
103536,Male,26.0,14,Month-to-month,Fiber optic,Electronic check,Yes,90.01,1311.47,Yes
103537,Male,50.0,3,Month-to-month,DSL,Credit card,Yes,67.38,146.14,No
103538,Male,50.0,26,Month-to-month,Fiber optic,Electronic check,No,102.62,2676.52,Yes
103539,Female,49.0,48,Month-to-month,Fiber optic,Electronic check,Yes,98.22,4780.95,Yes
103540,Female,46.0,27,One year,Fiber optic,Bank transfer,Yes,84.78,2250.01,No
103541,Female,40.0,59,Two year,DSL,Credit card,Yes,66.09,3969.29,No
103542,Female,32.0,37,Month-to-month,Fiber optic,Credit card,No,87.7,3366.86,Yes
103543,Male,28.0,72,Month-to-month,Fiber optic,Credit card,Yes,68.91,5037.68,Yes
103544,Female,56.0,63,Month-to-month,No,Credit card,Yes,46.44,2979.71,No
103545,Male,49.0,34,Month-to-month,No,Electronic check,Yes,43.9,1569.5,No
103546,Female,30.0,61,Two year,Fiber optic,Mailed check,Yes,81.5,5007.05,No
103547,Male,40.0,33,One year,DSL,Electronic check,Yes,50.56,1744.88,No
103548,Female,35.0,1,Two year,Fiber optic,Credit card,Yes,80.03,20.0,No
103549,Male,24.0,23,Two year,DSL,Electronic check,Yes,105.25,2414.04,No
103550,Female,41.0,30,Month-to-month,Fiber optic,Mailed check,Yes,78.82,2399.89,No
103551,Male,34.0,71,One year,DSL,Electronic check,Yes,75.45,5350.2,No
103552,Female,27.0,60,One year,No,Credit card,Yes,66.28,4202.01,No
103553,Female,20.0,11,Month-to-month,DSL,Electronic check,No,104.66,1134.03,Yes
103554,Female,19.0,1,Month-to-month,DSL,Credit card,No,113.44,20.0,Yes
103555,Male,34.0,39,One year,No,Credit card,Yes,60.26,2355.1,No
103556,Male,38.0,39,Two year,DSL,Electronic check,Yes,90.19,3591.96,No
103557,Female,28.0,53,Month-to-month,DSL,Bank transfer,Yes,124.28,6508.28,No
103558,Male,47.0,19,Two year,Fiber optic,Electronic check,No,54.98,1041.32,No
103559,Male,38.0,59,Two year,No,Mailed check,Yes,96.51,5687.5,No
103560,Male,46.0,30,Two year,DSL,Electronic check,Yes,28.48,849.04,No
103561,Male,37.0,25,Month-to-month,Fiber optic,Bank transfer,No,84.74,2064.66,Yes
103562,Male,29.0,31,Month-to-month,DSL,Electronic check,Yes,68.5,2222.22,No
103563,Male,40.0,69,One year,Fiber optic,Bank transfer,Yes,41.32,3046.15,No
103564,Female,23.0,29,Month-to-month,DSL,Bank transfer,Yes,99.23,2802.11,No
103565,Female,46.0,41,Month-to-month,Fiber optic,Mailed check,Yes,87.69,3477.67,Yes
103566,Male,27.0,65,One year,Fiber optic,Electronic check,Yes,60.82,3913.92,No
103567,Male,51.0,2,Month-to-month,No,Electronic check,No,80.21,287.05,No
103568,Male,35.0,39,Month-to-month,Fiber optic,Electronic check,Yes,106.6,4134.18,Yes
103569,Female,53.0,52,Two year,Fiber optic,Credit card,No,39.78,2101.52,No
103570,Male,24.0,66,Month-to-month,Fiber optic,Mailed check,Yes,32.0,2029.89,No
103571,Female,30.0,5,Two year,DSL,Bank transfer,No,70.95,515.29,No
103572,Female,44.0,53,Month-to-month,DSL,Credit card,Yes,52.79,2771.28,No
103573,Female,54.0,58,Month-to-month,Fiber optic,Electronic check,Yes,117.46,6835.13,Yes
103574,Male,61.0,26,Month-to-month,DSL,Mailed check,No,62.74,1559.6,Yes
103575,Female,40.0,54,Month-to-month,DSL,Credit card,Yes,79.74,4225.66,No
103576,Female,63.0,36,Month-to-month,Fiber optic,Bank transfer,Yes,79.33,,No
103577,Female,35.0,48,Two year,DSL,Electronic check,No,33.35,1610.17,No
103578,Female,53.0,29,Two year,DSL,Bank transfer,Yes,72.76,2187.69,No
103579,Female,27.0,13,Month-to-month,Fiber optic,Credit card,Yes,50.85,509.15,No
103580,Male,44.0,60,Month-to-month,Fiber optic,Bank transfer,No,49.62,2891.61,No
103581,Female,18.0,16,One year,DSL,Bank transfer,No,44.56,651.11,No
103582,Female,24.0,14,Month-to-month,Fiber optic,Bank transfer,Yes,54.37,771.99,Yes
103583,Male,45.0,64,Month-to-month,DSL,Bank transfer,No,66.74,4169.7,No
103584,Male,22.0,68,Month-to-month,No,Electronic check,No,62.2,4221.01,No
103585,Female,45.0,44,Month-to-month,Fiber optic,Credit card,Yes,91.1,3950.47,No
103586,Male,51.0,42,Month-to-month,Fiber optic,Electronic check,Yes,44.65,1863.1,No
103587,Male,32.0,26,Month-to-month,Fiber optic,Credit card,Yes,77.71,1950.74,Yes
103588,Female,26.0,45,One year,Fiber optic,Electronic check,Yes,71.97,3147.61,Yes
103589,Female,33.0,44,Month-to-month,Fiber optic,Bank transfer,Yes,89.04,3943.42,Yes
103590,Female,26.0,38,Month-to-month,Fiber optic,Credit card,No,90.23,3528.91,No
103591,Male,38.0,48,Month-to-month,No,Bank transfer,No,75.91,3716.89,No
103592,Male,40.0,40,Month-to-month,No,Electronic check,No,47.24,1989.74,No
103593,Female,35.0,64,Two year,Fiber optic,Bank transfer,Yes,84.62,5526.38,No
103594,Female,61.0,49,One year,No,Electronic check,Yes,59.17,2884.88,Yes
103595,Male,30.0,28,Two year,DSL,,Yes,104.86,3104.46,No
103596,Male,57.0,48,Month-to-month,Fiber optic,Mailed check,No,86.76,4232.53,No
103597,Male,25.0,17,Month-to-month,Fiber optic,Credit card,Yes,85.98,1376.17,No
103598,Female,40.0,16,Month-to-month,DSL,Credit card,Yes,39.98,579.5,No
103599,Male,54.0,60,Month-to-month,No,Mailed check,No,57.24,3447.98,No
103600,Female,54.0,42,One year,No,Bank transfer,Yes,78.47,3374.99,No
103601,Male,34.0,4,Month-to-month,No,Electronic check,Yes,70.03,259.52,Yes
103602,Female,46.0,26,Month-to-month,Fiber optic,Electronic check,Yes,81.76,2038.36,Yes
103603,Male,44.0,71,Month-to-month,Fiber optic,Bank transfer,No,40.16,2922.5,No
103604,Female,32.0,46,Month-to-month,Fiber optic,Bank transfer,Yes,63.65,2827.38,No
103605,Female,47.0,63,Month-to-month,DSL,Bank transfer,Yes,65.13,4130.54,No
103606,Male,63.0,40,One year,No,Electronic check,No,102.04,4085.48,No
103607,Male,45.0,4,Two year,DSL,Electronic check,No,24.72,20.0,No
103608,Female,46.0,13,Month-to-month,Fiber optic,Electronic check,Yes,57.9,912.66,Yes
103609,Female,48.0,7,Month-to-month,Fiber optic,Bank transfer,No,36.54,257.29,No
103610,Female,20.0,53,Month-to-month,DSL,Electronic check,No,80.14,4140.68,No
103611,Female,45.0,55,Month-to-month,DSL,Mailed check,Yes,101.65,5595.12,Yes
103612,Female,26.0,33,One year,Fiber optic,Mailed check,No,93.01,2913.62,No
103613,Female,31.0,53,Month-to-month,DSL,Electronic check,Yes,86.43,4613.29,No
103614,Male,67.0,40,Two year,No,Electronic check,No,46.2,1925.5,No
103615,Female,36.0,54,Two year,DSL,Bank transfer,Yes,81.24,4630.13,No
103616,Male,29.0,49,Month-to-month,Fiber optic,Electronic check,No,64.69,3178.62,Yes
103617,Male,54.0,33,Two year,DSL,Mailed check,No,73.49,2365.87,No
103618,Male,27.0,48,One year,DSL,Credit card,Yes,84.56,4077.48,No
103619,Male,33.0,23,Two year,DSL,Electronic check,No,64.7,1617.73,No
103620,Male,55.0,54,Month-to-month,No,Electronic check,Yes,92.5,5040.08,No
103621,Female,40.0,66,Two year,Fiber optic,Bank transfer,Yes,79.91,5349.0,No
103622,Male,19.0,15,Month-to-month,No,Mailed check,No,78.84,1251.0,No
103623,Male,46.0,49,Month-to-month,Fiber optic,Credit card,No,131.27,6477.8,No
103624,Male,34.0,8,Two year,DSL,Electronic check,No,84.44,549.35,No
103625,Female,59.0,28,Month-to-month,DSL,Credit card,No,53.27,1360.49,No
103626,Female,31.0,49,Month-to-month,Fiber optic,Mailed check,Yes,71.99,3385.37,No
103627,Female,53.0,20,Month-to-month,DSL,Electronic check,Yes,93.83,1768.83,No
103628,Male,62.0,17,Month-to-month,DSL,Mailed check,No,98.07,1569.78,No
103629,Female,28.0,28,Month-to-month,Fiber optic,Mailed check,No,83.09,2493.9,No
103630,Female,36.0,9,Month-to-month,DSL,Electronic check,Yes,33.82,240.76,Yes
103631,Male,44.0,46,Month-to-month,Fiber optic,Electronic check,Yes,60.24,2780.03,No
103632,Female,28.0,10,Two year,Fiber optic,Electronic check,No,88.52,863.25,No
103633,Male,43.0,24,Month-to-month,Fiber optic,Mailed check,Yes,98.51,2381.66,No
103634,Female,36.0,23,Two year,Fiber optic,Electronic check,No,109.12,2516.07,No
103635,Female,36.0,70,One year,Fiber optic,Electronic check,Yes,33.2,2210.96,No
103636,Male,40.0,72,One year,Fiber optic,Electronic check,Yes,105.79,7670.68,No
103637,Female,40.0,6,One year,DSL,Bank transfer,Yes,107.68,584.9,Yes
103638,Male,41.0,12,Two year,DSL,Credit card,No,20.0,175.8,No
103639,Male,31.0,53,Month-to-month,DSL,Electronic check,No,71.87,3781.53,No
103640,Female,32.0,22,One year,Fiber optic,Credit card,Yes,102.94,2337.49,No
103641,Female,37.0,47,Two year,Fiber optic,Bank transfer,No,48.71,2233.16,No
103642,Female,38.0,67,One year,Fiber optic,Credit card,Yes,71.51,4799.43,No
103643,Female,33.0,12,Month-to-month,DSL,Mailed check,Yes,86.01,1068.38,No
103644,Male,,70,One year,DSL,Mailed check,No,58.93,4148.21,No
103645,Female,18.0,4,One year,DSL,Bank transfer,Yes,62.91,269.83,Yes
103646,Female,30.0,17,Month-to-month,No,Mailed check,Yes,77.52,1191.52,Yes
103647,Female,35.0,37,One year,DSL,Credit card,No,42.76,1593.54,No
103648,Female,28.0,64,Two year,Fiber optic,Credit card,Yes,57.33,3586.8,No
103649,Female,60.0,40,Month-to-month,DSL,Mailed check,No,83.71,3190.0,No
103650,Female,39.0,11,Month-to-month,Fiber optic,Mailed check,Yes,107.72,1143.28,Yes
103651,Male,41.0,18,Month-to-month,Fiber optic,Mailed check,Yes,93.96,1644.58,Yes
103652,Male,33.0,55,One year,DSL,Bank transfer,Yes,106.03,6098.07,No
103653,Male,,41,Month-to-month,Fiber optic,Bank transfer,Yes,94.49,3961.95,No
103654,Female,23.0,1,One year,Fiber optic,Bank transfer,No,130.18,200.77,No
103655,Female,37.0,37,Month-to-month,Fiber optic,Electronic check,Yes,85.64,3131.98,Yes
103656,Male,27.0,30,Two year,No,Credit card,No,78.32,2332.93,No
103657,Female,35.0,1,One year,No,Electronic check,Yes,82.08,313.52,Yes
103658,Female,18.0,18,One year,Fiber optic,Electronic check,Yes,68.3,1172.17,No
103659,Male,24.0,68,Month-to-month,No,Electronic check,Yes,52.6,3599.74,No
103660,Male,58.0,51,Month-to-month,Fiber optic,Electronic check,Yes,61.5,3302.22,No
103661,Female,50.0,6,One year,Fiber optic,Mailed check,Yes,70.11,355.53,No
103662,Male,56.0,2,Month-to-month,Fiber optic,Electronic check,Yes,135.77,285.02,Yes
103663,Female,57.0,25,Month-to-month,Fiber optic,Electronic check,Yes,129.54,3236.87,No
103664,Female,48.0,34,Month-to-month,Fiber optic,Electronic check,Yes,75.8,2497.21,No
103665,Female,33.0,33,Month-to-month,Fiber optic,Electronic check,No,73.49,2494.92,No
103666,Male,26.0,51,One year,Fiber optic,Credit card,Yes,32.0,1531.62,No
103667,Female,54.0,13,Month-to-month,No,,Yes,47.14,682.65,No
103668,Male,40.0,4,Month-to-month,DSL,Electronic check,Yes,51.77,245.74,Yes
103669,Male,71.0,49,Month-to-month,Fiber optic,Mailed check,No,73.01,3658.3,No
103670,Male,34.0,65,Month-to-month,Fiber optic,Bank transfer,Yes,69.76,4516.92,No
103671,Male,65.0,13,Month-to-month,No,Mailed check,Yes,77.37,1040.86,Yes
103672,Male,37.0,27,Two year,Fiber optic,Electronic check,Yes,103.37,2883.35,No
103673,Female,56.0,46,Two year,DSL,Bank transfer,Yes,53.81,2348.46,No
103674,Male,61.0,12,Two year,DSL,Electronic check,Yes,107.92,1186.28,No
103675,Female,26.0,62,Month-to-month,DSL,Electronic check,No,80.64,5052.04,No
103676,Male,33.0,17,Month-to-month,DSL,Credit card,Yes,94.21,1675.64,Yes
103677,Male,26.0,39,Month-to-month,DSL,Mailed check,No,61.01,2391.59,No
103678,Female,23.0,25,One year,DSL,Electronic check,No,85.66,2224.3,No
103679,Female,48.0,49,One year,No,Electronic check,No,83.34,4051.06,No
103680,Female,36.0,15,One year,Fiber optic,Bank transfer,No,120.69,1924.39,No
103681,Female,40.0,8,Month-to-month,Fiber optic,Electronic check,Yes,100.32,796.02,No
103682,Male,46.0,37,Month-to-month,Fiber optic,Electronic check,No,105.34,3827.49,No
103683,Male,18.0,63,Two year,DSL,Electronic check,Yes,58.77,3830.75,No
103684,Female,56.0,46,Month-to-month,Fiber optic,Electronic check,No,113.9,5313.82,No
103685,Female,34.0,55,One year,No,Mailed check,Yes,40.1,2164.97,No
103686,Male,46.0,32,One year,Fiber optic,Electronic check,No,69.67,2190.72,Yes
103687,Male,47.0,11,Month-to-month,Fiber optic,Mailed check,Yes,91.03,1055.41,Yes
103688,Female,57.0,31,Two year,DSL,Electronic check,Yes,43.18,1248.53,No
103689,Female,38.0,72,Two year,Fiber optic,Credit card,Yes,60.92,4415.09,No
103690,Male,18.0,57,One year,Fiber optic,Bank transfer,Yes,60.93,3457.82,No
103691,Male,40.0,51,Month-to-month,Fiber optic,Electronic check,Yes,93.47,4786.3,Yes
103692,Female,42.0,22,Month-to-month,Fiber optic,Electronic check,No,80.03,1578.74,No
103693,Male,26.0,44,One year,Fiber optic,Bank transfer,Yes,108.09,4674.33,No
103694,Male,41.0,45,Month-to-month,DSL,Bank transfer,No,119.01,5378.28,No
103695,Male,34.0,48,Month-to-month,DSL,Electronic check,No,78.76,3875.22,No
103696,Female,22.0,65,Month-to-month,Fiber optic,Electronic check,No,71.21,4616.85,No
103697,Male,48.0,50,Month-to-month,DSL,Mailed check,No,81.21,4125.53,No
103698,Male,32.0,16,One year,Fiber optic,Electronic check,Yes,61.61,852.42,No
103699,Male,34.0,16,Month-to-month,No,Electronic check,No,70.41,1086.19,Yes
103700,Female,33.0,45,Month-to-month,Fiber optic,Electronic check,Yes,145.56,6575.39,No
103701,Male,55.0,63,Month-to-month,DSL,Bank transfer,Yes,66.92,4210.35,No
103702,Male,38.0,69,Month-to-month,Fiber optic,Electronic check,Yes,91.57,6386.97,No
103703,Male,40.0,44,Month-to-month,Fiber optic,Electronic check,Yes,79.96,3495.12,Yes
103704,Female,33.0,39,Month-to-month,Fiber optic,Electronic check,Yes,73.76,2854.4,No
103705,Female,45.0,59,Month-to-month,No,Mailed check,Yes,84.02,5016.01,No
103706,Female,57.0,71,Month-to-month,Fiber optic,Mailed check,No,52.23,3659.96,No
103707,Male,47.0,3,One year,DSL,Bank transfer,Yes,67.85,121.86,Yes
103708,Female,48.0,23,Month-to-month,Fiber optic,Mailed check,No,50.06,1193.22,No
103709,Male,47.0,25,One year,No,Mailed check,No,110.61,2678.52,No
103710,Female,21.0,41,Month-to-month,Fiber optic,Mailed check,No,108.68,4583.55,Yes
103711,Male,28.0,22,One year,No,Credit card,No,52.8,995.81,Yes
103712,Female,36.0,23,One year,Fiber optic,Credit card,No,37.6,837.96,No
103713,Female,30.0,2,Month-to-month,No,Mailed check,Yes,84.26,314.92,No
103714,Male,25.0,1,One year,Fiber optic,Bank transfer,Yes,82.91,260.74,Yes
103715,Female,18.0,33,One year,No,Electronic check,Yes,128.09,4218.76,No
103716,Male,21.0,72,Month-to-month,No,Electronic check,Yes,107.04,7806.24,No
103717,Male,36.0,22,One year,No,Electronic check,Yes,87.88,2003.12,No
103718,Male,38.0,18,One year,No,Bank transfer,Yes,58.79,1013.98,No
103719,Female,29.0,20,Month-to-month,Fiber optic,Credit card,No,77.46,1591.25,No
103720,Male,40.0,71,Two year,Fiber optic,Bank transfer,Yes,91.55,6422.51,No
103721,Female,33.0,48,Month-to-month,Fiber optic,Bank transfer,No,92.88,4317.66,No
103722,Female,53.0,48,One year,Fiber optic,Electronic check,Yes,66.31,3228.26,Yes
103723,Female,37.0,14,Two year,Fiber optic,Credit card,Yes,49.9,749.28,Yes
103724,Female,48.0,66,Two year,Fiber optic,Electronic check,Yes,132.21,8619.17,Yes
103725,Male,42.0,15,One year,Fiber optic,Credit card,No,84.85,1259.9,No
103726,Female,21.0,70,One year,Fiber optic,Electronic check,Yes,94.6,6515.25,No
103727,Male,38.0,69,Month-to-month,No,Electronic check,Yes,50.56,3447.12,No
103728,Female,23.0,41,Month-to-month,Fiber optic,Mailed check,No,118.15,4804.87,No
103729,Male,38.0,63,Two year,Fiber optic,Electronic check,Yes,110.0,6996.68,Yes
103730,Female,29.0,72,Month-to-month,No,Electronic check,No,73.51,5247.71,No
103731,Female,44.0,42,Two year,Fiber optic,Bank transfer,Yes,89.25,3634.94,No
103732,Female,22.0,56,Month-to-month,Fiber optic,Bank transfer,Yes,91.12,5257.14,No
103733,Male,39.0,43,Month-to-month,Fiber optic,Electronic check,Yes,86.45,3761.89,Yes
103734,Female,46.0,38,Month-to-month,Fiber optic,Mailed check,No,97.95,3802.74,No
103735,Male,51.0,25,Month-to-month,Fiber optic,Mailed check,No,93.41,2389.99,No
103736,Male,29.0,48,Month-to-month,DSL,Electronic check,Yes,67.6,3329.49,No
103737,Male,39.0,20,Month-to-month,DSL,Mailed check,Yes,42.79,895.09,Yes
103738,Female,41.0,14,Two year,No,Bank transfer,Yes,71.37,1041.04,No
103739,Female,59.0,20,One year,No,Credit card,Yes,90.76,1826.66,No
103740,Female,20.0,1,One year,Fiber optic,Mailed check,Yes,100.8,61.28,Yes
103741,Male,27.0,68,Month-to-month,No,Bank transfer,Yes,104.81,7206.88,No
103742,Male,75.0,19,Month-to-month,Fiber optic,Mailed check,Yes,119.46,2245.93,No
103743,Female,35.0,58,One year,DSL,Bank transfer,Yes,89.54,5203.92,No
103744,Male,18.0,32,Month-to-month,Fiber optic,Bank transfer,Yes,88.69,2871.39,No
103745,Male,31.0,25,Month-to-month,DSL,Mailed check,Yes,80.59,2055.66,No
103746,Female,18.0,17,Two year,DSL,Electronic check,No,57.64,888.59,No
103747,Male,42.0,60,Month-to-month,No,Credit card,No,91.98,5536.91,No
103748,Female,50.0,38,Two year,Fiber optic,Bank transfer,No,117.09,4357.55,No
103749,Female,27.0,33,Month-to-month,DSL,Bank transfer,No,98.04,3251.39,No
103750,Female,33.0,48,Month-to-month,Fiber optic,Mailed check,Yes,97.91,4769.86,No
103751,Female,51.0,58,Month-to-month,Fiber optic,Electronic check,No,77.98,4684.83,No
103752,Female,18.0,48,Two year,Fiber optic,Mailed check,Yes,75.1,3656.79,No
103753,Female,22.0,34,One year,Fiber optic,Mailed check,Yes,80.01,2798.1,No
103754,Male,36.0,65,One year,Fiber optic,Mailed check,No,65.75,4175.85,No
103755,Male,29.0,65,Month-to-month,Fiber optic,Electronic check,No,90.87,5954.99,No
103756,Male,35.0,70,Two year,Fiber optic,Bank transfer,Yes,32.0,2139.61,No
103757,Female,23.0,7,One year,No,Mailed check,No,58.53,517.93,No
103758,Female,,65,One year,Fiber optic,Bank transfer,Yes,85.7,5474.54,No
103759,Male,37.0,14,One year,No,Electronic check,Yes,134.54,1795.62,No
103760,Female,46.0,45,One year,No,Mailed check,No,72.11,3312.88,Yes
103761,Male,42.0,48,One year,DSL,Electronic check,Yes,73.03,3656.62,No
103762,Female,42.0,15,Month-to-month,DSL,Bank transfer,No,51.16,862.61,No
103763,Female,20.0,1,Two year,Fiber optic,Mailed check,No,126.99,95.13,No
103764,Female,45.0,68,Month-to-month,No,Mailed check,Yes,51.67,3424.52,No
103765,Male,35.0,65,Two year,DSL,Credit card,No,122.82,7944.79,No
103766,Male,37.0,13,Month-to-month,DSL,Electronic check,Yes,53.5,706.81,Yes
103767,Female,53.0,44,Month-to-month,Fiber optic,Mailed check,No,107.54,4724.79,Yes
103768,Female,30.0,11,Month-to-month,Fiber optic,Bank transfer,No,82.58,815.78,Yes
103769,Female,57.0,41,One year,DSL,Mailed check,No,57.94,2491.29,No
103770,Male,58.0,23,Month-to-month,Fiber optic,Bank transfer,No,109.24,2630.23,No
103771,Male,49.0,55,Two year,DSL,Credit card,Yes,105.21,5956.2,No
103772,Male,26.0,42,One year,No,Bank transfer,Yes,67.36,2679.68,Yes
103773,Female,18.0,36,Month-to-month,Fiber optic,Electronic check,Yes,83.4,2929.62,No
103774,Male,53.0,50,Month-to-month,Fiber optic,Electronic check,No,73.68,3706.58,No
103775,Male,40.0,35,One year,No,Credit card,Yes,77.6,2716.44,No
103776,Male,29.0,1,Two year,Fiber optic,Electronic check,Yes,56.63,20.0,Yes
103777,Female,54.0,43,Month-to-month,No,Mailed check,Yes,20.0,782.94,No
103778,Female,28.0,57,Two year,DSL,Credit card,No,25.24,1348.88,No
103779,Female,33.0,36,Month-to-month,DSL,Bank transfer,Yes,66.47,2575.27,No
103780,Male,46.0,13,One year,Fiber optic,Electronic check,No,57.25,615.82,No
103781,Male,25.0,1,One year,DSL,Bank transfer,Yes,69.06,20.0,No
103782,Male,38.0,22,Month-to-month,No,Mailed check,No,59.19,1195.24,No
103783,Male,53.0,56,Month-to-month,Fiber optic,Credit card,No,66.34,3732.34,No
103784,Female,42.0,24,One year,DSL,Mailed check,Yes,55.78,1314.15,No
103785,Female,55.0,69,Month-to-month,Fiber optic,Mailed check,Yes,108.18,7501.65,No
103786,Female,54.0,24,Month-to-month,Fiber optic,Electronic check,No,89.88,2093.52,Yes
103787,Male,39.0,31,Month-to-month,Fiber optic,Electronic check,No,123.12,3824.65,Yes
103788,Male,18.0,55,One year,DSL,Mailed check,Yes,74.58,4109.53,No
103789,Female,25.0,45,Month-to-month,No,Bank transfer,No,24.25,1232.98,No
103790,Male,49.0,3,Month-to-month,Fiber optic,Mailed check,No,57.9,333.81,Yes
103791,Male,19.0,6,Two year,No,Credit card,Yes,74.88,435.69,No
103792,Male,35.0,15,One year,Fiber optic,Electronic check,Yes,90.05,1427.69,No
103793,Male,43.0,63,Month-to-month,Fiber optic,Electronic check,No,69.35,4383.66,No
103794,Female,58.0,2,Month-to-month,DSL,Mailed check,Yes,52.11,173.59,No
103795,Female,32.0,6,Month-to-month,Fiber optic,Bank transfer,No,68.8,447.44,No
103796,Male,31.0,57,Month-to-month,DSL,Mailed check,Yes,68.39,3964.46,No
103797,Female,38.0,45,Month-to-month,No,Mailed check,Yes,70.77,3261.43,Yes
103798,Male,44.0,71,Month-to-month,DSL,Electronic check,Yes,44.55,3201.26,No
103799,Male,37.0,16,Month-to-month,Fiber optic,Bank transfer,No,90.16,1454.87,Yes
103800,Male,53.0,48,One year,Fiber optic,Credit card,Yes,89.93,4410.49,No
103801,Female,29.0,10,Month-to-month,Fiber optic,Credit card,Yes,81.25,800.38,No
103802,Female,41.0,43,Month-to-month,Fiber optic,Bank transfer,Yes,66.73,2817.54,Yes
103803,Female,45.0,8,Two year,Fiber optic,Bank transfer,Yes,100.79,666.44,Yes
103804,Male,34.0,66,Month-to-month,Fiber optic,Bank transfer,No,117.09,7766.22,No
103805,Male,50.0,30,One year,No,Bank transfer,Yes,60.79,1886.01,No
103806,Female,41.0,19,Month-to-month,Fiber optic,Electronic check,Yes,68.29,1142.36,Yes
103807,Male,49.0,71,One year,Fiber optic,Electronic check,Yes,95.65,6735.91,No
103808,Male,42.0,5,Month-to-month,No,Credit card,Yes,42.74,281.29,No
103809,Female,44.0,58,Month-to-month,DSL,Credit card,Yes,40.09,2312.29,No
103810,Female,31.0,37,Two year,DSL,Bank transfer,Yes,55.78,2068.83,No
103811,Male,31.0,50,Month-to-month,DSL,Electronic check,No,79.74,4069.14,No
103812,Male,55.0,19,Month-to-month,Fiber optic,Bank transfer,Yes,61.99,1168.08,No
103813,Female,47.0,64,Month-to-month,Fiber optic,Electronic check,Yes,83.53,5380.51,No
103814,Male,26.0,33,Month-to-month,DSL,Electronic check,Yes,21.77,621.13,No
103815,Male,41.0,31,Month-to-month,DSL,Mailed check,No,87.42,2741.66,No
103816,Male,18.0,33,Month-to-month,DSL,Mailed check,Yes,108.01,3443.83,No
103817,Male,32.0,22,Month-to-month,Fiber optic,Electronic check,No,61.25,1230.79,Yes
103818,Female,51.0,23,One year,DSL,Bank transfer,No,83.1,1865.99,No
103819,Female,37.0,11,Two year,Fiber optic,Bank transfer,Yes,78.8,916.19,No
103820,Female,41.0,36,Month-to-month,No,Electronic check,Yes,74.65,2692.12,No
103821,Male,18.0,35,Two year,Fiber optic,Electronic check,No,77.85,2653.72,No
103822,Male,34.0,28,Month-to-month,No,Bank transfer,No,64.41,1882.45,Yes
103823,Female,43.0,71,Month-to-month,No,Credit card,Yes,51.17,3661.76,No
103824,Male,45.0,9,One year,Fiber optic,Credit card,Yes,56.68,604.17,Yes
103825,Female,52.0,66,One year,Fiber optic,Electronic check,No,111.48,7277.51,No
103826,Female,36.0,63,Month-to-month,Fiber optic,Mailed check,Yes,42.02,2776.35,No
103827,Male,37.0,2,Two year,Fiber optic,Credit card,Yes,83.53,309.43,No
103828,Female,22.0,51,Two year,Fiber optic,Electronic check,Yes,82.4,4284.45,No
103829,Female,36.0,16,Month-to-month,DSL,Bank transfer,No,70.83,1177.19,Yes
103830,Male,23.0,3,Month-to-month,Fiber optic,Mailed check,Yes,100.62,346.54,No
103831,Female,18.0,62,One year,No,Bank transfer,Yes,62.73,3919.02,No
103832,Male,25.0,9,Two year,Fiber optic,Electronic check,Yes,100.33,779.39,No
103833,Female,59.0,22,One year,Fiber optic,Electronic check,Yes,133.65,2886.42,Yes
103834,Female,35.0,7,Month-to-month,Fiber optic,Electronic check,Yes,80.19,551.97,Yes
103835,Male,42.0,11,One year,Fiber optic,Mailed check,Yes,33.2,272.47,No
103836,Female,32.0,5,Month-to-month,Fiber optic,Electronic check,Yes,80.44,531.34,Yes
103837,Male,18.0,61,One year,Fiber optic,Mailed check,Yes,77.98,4801.81,No
103838,Female,51.0,5,One year,Fiber optic,Mailed check,No,94.05,630.66,Yes
103839,Female,18.0,55,One year,Fiber optic,Electronic check,No,34.15,1949.36,No
103840,Female,32.0,12,Month-to-month,No,Electronic check,Yes,80.11,835.62,Yes
103841,Female,38.0,66,Month-to-month,DSL,Electronic check,Yes,61.46,4173.99,No
103842,Male,42.0,62,One year,No,Credit card,Yes,92.07,5667.78,No
103843,Female,30.0,46,Month-to-month,DSL,Electronic check,Yes,59.04,2838.65,No
103844,Male,18.0,60,Month-to-month,No,Bank transfer,Yes,93.7,5757.73,No
103845,Female,29.0,22,Month-to-month,Fiber optic,Mailed check,Yes,46.23,1138.71,Yes
103846,Male,29.0,57,Two year,Fiber optic,Electronic check,No,84.44,4909.69,No
103847,Female,29.0,16,Month-to-month,Fiber optic,Credit card,No,59.7,994.2,No
103848,Male,52.0,45,One year,Fiber optic,Bank transfer,Yes,71.8,3230.07,No
103849,Female,23.0,67,Month-to-month,Fiber optic,Bank transfer,Yes,152.0,10353.66,Yes
103850,Male,43.0,53,Two year,DSL,Electronic check,Yes,48.26,2582.29,No
103851,Female,41.0,20,Month-to-month,DSL,Electronic check,Yes,62.69,1219.12,No
103852,Male,51.0,54,Month-to-month,DSL,Electronic check,No,43.41,2383.91,No
103853,Male,37.0,64,Month-to-month,Fiber optic,Mailed check,Yes,76.33,4988.51,No
103854,Male,49.0,65,Month-to-month,Fiber optic,Credit card,No,80.25,5316.33,No
103855,Male,37.0,54,Two year,DSL,Mailed check,Yes,53.64,2798.81,No
103856,Female,45.0,53,One year,Fiber optic,Electronic check,Yes,123.41,6637.96,No
103857,Male,19.0,57,One year,DSL,Electronic check,Yes,100.88,5812.2,No
103858,Male,18.0,54,One year,Fiber optic,Mailed check,Yes,60.33,3226.73,No
103859,Male,44.0,10,Two year,Fiber optic,Electronic check,No,104.42,970.0,Yes
103860,Male,45.0,58,Two year,Fiber optic,Electronic check,No,72.0,4304.71,No
103861,Female,45.0,13,One year,DSL,Credit card,Yes,41.27,674.11,No
103862,Female,32.0,41,Month-to-month,No,Mailed check,Yes,54.05,2357.33,No
103863,Male,58.0,25,Month-to-month,Fiber optic,Electronic check,Yes,52.6,1197.29,No
103864,Female,33.0,16,One year,Fiber optic,Electronic check,No,107.53,1701.61,No
103865,Female,44.0,21,One year,DSL,Mailed check,No,50.09,1057.02,No
103866,Female,47.0,7,One year,Fiber optic,Electronic check,Yes,116.2,948.62,Yes
103867,Female,61.0,32,Month-to-month,No,Credit card,No,75.52,2489.32,No
103868,Female,35.0,31,One year,Fiber optic,Mailed check,No,73.91,2271.06,Yes
103869,Male,31.0,30,Month-to-month,DSL,Mailed check,No,59.45,1798.08,No
103870,Female,20.0,7,Month-to-month,Fiber optic,Bank transfer,Yes,127.82,958.98,Yes
103871,Male,59.0,44,Two year,Fiber optic,Electronic check,No,84.26,3774.73,No
103872,Male,44.0,13,One year,DSL,Electronic check,No,59.39,923.32,No
103873,Female,45.0,62,Month-to-month,Fiber optic,Bank transfer,Yes,105.34,6662.17,No
103874,Male,75.0,2,Month-to-month,Fiber optic,Electronic check,Yes,98.64,309.52,Yes
103875,Female,43.0,4,One year,No,Electronic check,Yes,47.3,120.42,No
103876,Female,22.0,22,Month-to-month,Fiber optic,Credit card,Yes,84.13,1787.6,No
103877,Female,36.0,30,Month-to-month,Fiber optic,Bank transfer,No,38.78,1074.23,No
103878,Male,26.0,70,One year,No,Electronic check,No,71.16,5019.28,No
103879,Male,34.0,38,One year,Fiber optic,Credit card,No,91.86,3448.42,No
103880,Male,34.0,28,Month-to-month,DSL,Electronic check,Yes,83.2,2383.21,Yes
103881,Female,31.0,61,Month-to-month,Fiber optic,Credit card,No,59.01,3666.21,No
103882,Male,21.0,18,One year,Fiber optic,Mailed check,No,65.54,1201.9,Yes
103883,Female,60.0,65,Month-to-month,Fiber optic,Mailed check,Yes,90.18,5943.33,No
103884,Male,43.0,30,Month-to-month,No,Bank transfer,Yes,103.26,3042.39,Yes
103885,Male,36.0,23,Month-to-month,Fiber optic,Electronic check,No,86.3,1854.57,Yes
103886,Male,49.0,22,Month-to-month,No,Credit card,Yes,58.05,1216.27,No
103887,Male,45.0,1,Two year,DSL,Electronic check,Yes,96.26,174.37,Yes
103888,Male,43.0,49,Month-to-month,DSL,Credit card,No,75.23,3854.63,No
103889,Male,48.0,42,Two year,DSL,Electronic check,Yes,76.47,3347.69,No
103890,Female,41.0,46,Month-to-month,Fiber optic,Electronic check,Yes,103.94,4766.21,No
103891,Female,48.0,47,One year,DSL,Electronic check,No,69.59,3360.22,No
103892,Female,49.0,2,Month-to-month,DSL,Mailed check,Yes,48.66,20.0,No
103893,Male,41.0,64,One year,No,Mailed check,Yes,68.14,4503.55,No
103894,Male,36.0,37,Two year,DSL,Bank transfer,Yes,99.8,3743.31,No
103895,Female,59.0,50,Month-to-month,DSL,Credit card,No,119.32,6040.71,Yes
103896,Female,33.0,3,Month-to-month,Fiber optic,Mailed check,Yes,53.53,20.0,No
103897,Female,44.0,55,Two year,DSL,Mailed check,Yes,112.93,6256.59,Yes
103898,Male,44.0,49,Two year,DSL,Electronic check,Yes,62.83,3248.6,No
103899,Male,31.0,27,Two year,DSL,Bank transfer,No,72.51,1988.45,No
103900,Female,28.0,68,Month-to-month,DSL,Credit card,No,114.5,7781.98,No
103901,Female,34.0,47,Month-to-month,Fiber optic,Electronic check,Yes,73.76,3447.99,No
103902,Female,33.0,66,Month-to-month,Fiber optic,Electronic check,Yes,77.14,5030.7,Yes
103903,Female,20.0,60,One year,Fiber optic,Electronic check,Yes,67.93,4088.25,No
103904,Male,31.0,15,Month-to-month,Fiber optic,Electronic check,Yes,84.95,1169.17,No
103905,Female,42.0,72,Month-to-month,Fiber optic,Mailed check,Yes,91.79,6653.85,No
103906,Female,55.0,54,One year,No,Electronic check,No,54.82,3064.64,No
103907,Female,46.0,14,Month-to-month,Fiber optic,Credit card,No,120.26,1649.45,No
103908,Female,18.0,58,One year,DSL,Electronic check,Yes,53.32,3131.58,No
103909,Male,47.0,31,Month-to-month,DSL,Electronic check,No,84.46,2617.01,No
103910,Female,32.0,63,Two year,DSL,Electronic check,Yes,72.66,4617.62,No
103911,Male,45.0,13,Month-to-month,No,Mailed check,No,103.09,1426.6,Yes
103912,Female,39.0,19,One year,Fiber optic,Bank transfer,No,63.9,1255.92,No
103913,Male,36.0,26,Month-to-month,DSL,Credit card,Yes,86.31,2326.0,No
103914,Female,38.0,33,Month-to-month,DSL,Mailed check,Yes,132.53,4424.95,Yes
103915,Female,39.0,46,Month-to-month,No,Electronic check,Yes,35.96,1736.35,No
103916,Male,56.0,16,Two year,Fiber optic,Bank transfer,No,61.49,1016.81,No
103917,Male,39.0,51,Month-to-month,DSL,Bank transfer,Yes,124.1,6363.42,No
103918,Female,53.0,2,Month-to-month,No,Bank transfer,Yes,68.65,204.05,Yes
103919,Male,51.0,24,One year,Fiber optic,Mailed check,Yes,86.84,2082.15,No
103920,Female,48.0,48,Month-to-month,Fiber optic,Mailed check,Yes,75.69,3678.11,No
103921,Female,18.0,20,Month-to-month,Fiber optic,Electronic check,Yes,125.35,2431.28,Yes
103922,Female,54.0,32,Month-to-month,Fiber optic,Electronic check,No,43.66,1238.48,Yes
103923,Male,33.0,44,Month-to-month,DSL,Credit card,Yes,102.93,4541.69,No
103924,Male,48.0,18,Month-to-month,No,Electronic check,Yes,35.06,563.63,No
103925,Female,26.0,70,Month-to-month,Fiber optic,Electronic check,Yes,44.83,3316.26,No
103926,Female,24.0,61,Month-to-month,Fiber optic,Electronic check,Yes,56.83,3398.92,No
103927,Female,65.0,70,Month-to-month,Fiber optic,Electronic check,Yes,80.8,5729.03,No
103928,Male,27.0,36,One year,No,Credit card,Yes,54.14,1889.21,No
103929,Female,54.0,25,One year,DSL,Electronic check,Yes,52.66,1318.42,No
103930,Female,41.0,72,Month-to-month,DSL,Mailed check,No,48.81,3417.8,No
103931,Female,34.0,53,Month-to-month,Fiber optic,Credit card,Yes,61.24,3140.84,No
103932,Male,38.0,58,One year,DSL,Electronic check,Yes,48.68,2853.12,No
103933,Female,22.0,14,Month-to-month,Fiber optic,Electronic check,No,89.87,1226.39,No
103934,Female,39.0,63,Two year,Fiber optic,Electronic check,Yes,68.1,4361.06,No
103935,Male,25.0,39,Month-to-month,DSL,Electronic check,No,20.0,896.23,No
103936,Female,34.0,56,Month-to-month,DSL,Electronic check,Yes,71.07,3840.36,No
103937,Female,51.0,60,Month-to-month,Fiber optic,Mailed check,Yes,102.74,6262.75,No
103938,Male,42.0,8,One year,DSL,Electronic check,No,65.03,433.72,No
103939,Female,20.0,8,Month-to-month,DSL,Bank transfer,Yes,40.48,293.86,No
103940,Female,50.0,5,Month-to-month,Fiber optic,Credit card,No,102.63,386.98,Yes
103941,Female,39.0,47,Month-to-month,DSL,Electronic check,Yes,37.69,1647.95,No
103942,Male,32.0,66,One year,Fiber optic,Electronic check,Yes,75.97,4838.95,Yes
103943,Female,49.0,3,Month-to-month,No,Electronic check,Yes,71.45,177.95,Yes
103944,Female,37.0,10,One year,Fiber optic,Electronic check,Yes,110.98,1115.31,Yes
103945,Male,24.0,35,Month-to-month,Fiber optic,Mailed check,No,98.44,3411.97,No
103946,Female,63.0,29,Month-to-month,Fiber optic,Mailed check,Yes,89.96,2447.68,Yes
103947,Male,39.0,8,Month-to-month,No,Electronic check,Yes,95.26,585.95,Yes
103948,Male,38.0,44,Two year,No,Electronic check,Yes,43.05,1895.11,No
103949,Female,34.0,66,Month-to-month,No,Electronic check,Yes,111.5,7430.01,No
103950,Male,54.0,16,Month-to-month,DSL,Bank transfer,Yes,20.0,342.3,No
103951,Male,32.0,1,Two year,DSL,Mailed check,Yes,107.69,275.8,Yes
103952,Male,19.0,17,Month-to-month,DSL,Bank transfer,Yes,50.97,863.06,Yes
103953,Female,30.0,14,Month-to-month,DSL,Mailed check,No,81.5,1169.39,No
103954,Male,56.0,34,Month-to-month,DSL,Electronic check,No,108.21,3677.25,No
103955,Female,50.0,8,One year,No,Bank transfer,Yes,86.02,617.82,No
103956,Female,36.0,26,Month-to-month,DSL,Electronic check,Yes,81.31,2099.28,Yes
103957,Female,57.0,9,Two year,DSL,Bank transfer,Yes,93.66,918.41,No
103958,Female,49.0,49,One year,No,Electronic check,Yes,35.0,1793.98,No
103959,Male,36.0,34,Month-to-month,No,Mailed check,Yes,38.75,1349.68,No
103960,Male,37.0,6,Month-to-month,DSL,Mailed check,Yes,78.78,615.08,Yes
103961,Female,43.0,4,One year,DSL,Mailed check,Yes,67.06,309.41,No
103962,Female,28.0,36,Two year,Fiber optic,Bank transfer,Yes,76.18,2771.89,No
103963,Female,39.0,43,Two year,No,Electronic check,Yes,102.96,4562.48,Yes
103964,Male,43.0,13,Month-to-month,Fiber optic,Mailed check,No,112.79,1401.92,Yes
103965,Male,18.0,24,One year,Fiber optic,Electronic check,No,60.98,1592.04,No
103966,Female,37.0,44,One year,Fiber optic,Electronic check,Yes,95.06,4094.98,No
103967,Female,35.0,34,Two year,Fiber optic,Electronic check,Yes,44.89,1502.32,No
103968,Male,52.0,9,Month-to-month,DSL,Mailed check,Yes,32.29,125.33,No
103969,Female,18.0,29,One year,Fiber optic,Bank transfer,Yes,61.68,1811.33,No
103970,Female,34.0,15,One year,No,Credit card,No,70.68,1179.5,Yes
103971,Male,33.0,67,Two year,Fiber optic,Mailed check,No,67.67,4449.49,No
103972,Female,51.0,58,One year,DSL,Bank transfer,Yes,83.28,4804.79,No
103973,Male,38.0,23,Two year,Fiber optic,Credit card,Yes,83.62,1903.31,No
103974,Male,62.0,17,Month-to-month,Fiber optic,Electronic check,Yes,111.85,1882.09,No
103975,Male,48.0,10,Month-to-month,DSL,Bank transfer,No,85.64,762.09,No
103976,Female,34.0,54,Month-to-month,Fiber optic,Electronic check,Yes,58.04,3137.54,Yes
103977,Female,42.0,67,Two year,DSL,Electronic check,No,94.52,6474.14,No
103978,Female,34.0,20,Month-to-month,No,Credit card,No,50.45,963.92,Yes
103979,Female,50.0,47,One year,DSL,Electronic check,Yes,82.29,3888.35,No
103980,Male,22.0,17,Two year,No,Credit card,No,59.69,1034.73,No
103981,Male,28.0,67,Two year,Fiber optic,Credit card,No,117.1,7810.09,No
103982,Male,45.0,22,One year,No,Credit card,Yes,90.28,2011.2,No
103983,Female,55.0,7,One year,No,Mailed check,Yes,54.68,348.48,No
103984,Female,18.0,64,Month-to-month,No,Mailed check,Yes,62.35,4027.99,No
103985,Female,57.0,69,Month-to-month,No,Mailed check,Yes,150.0,10343.65,No
103986,Male,37.0,29,Month-to-month,Fiber optic,Mailed check,Yes,52.48,1395.4,Yes
103987,Male,18.0,66,One year,DSL,Credit card,Yes,54.0,3402.09,No
103988,Male,18.0,18,Month-to-month,DSL,Mailed check,No,55.22,801.54,No
103989,Male,19.0,20,Month-to-month,Fiber optic,Mailed check,Yes,55.03,1063.69,Yes
103990,Male,39.0,39,One year,Fiber optic,Credit card,Yes,57.65,2323.11,No
103991,Female,38.0,44,Month-to-month,Fiber optic,,No,81.28,3510.61,Yes
103992,Female,47.0,28,Two year,DSL,Credit card,Yes,83.91,2327.26,No
103993,Male,32.0,58,Month-to-month,Fiber optic,Electronic check,Yes,44.17,2503.02,No
103994,Male,25.0,57,Two year,DSL,Electronic check,No,59.46,3314.07,No
103995,Female,34.0,9,Month-to-month,DSL,Mailed check,Yes,51.9,665.33,No
103996,Male,39.0,72,One year,Fiber optic,Mailed check,Yes,54.74,3869.45,No
103997,Male,42.0,12,One year,Fiber optic,Bank transfer,Yes,108.89,1184.98,Yes
103998,Female,29.0,38,Month-to-month,No,Electronic check,Yes,52.87,1928.51,No
103999,Female,51.0,31,Month-to-month,Fiber optic,Electronic check,No,49.75,1548.98,Yes
104000,Female,31.0,33,Two year,Fiber optic,Credit card,Yes,106.0,3446.39,No
104001,Male,28.0,10,Month-to-month,DSL,Mailed check,Yes,103.28,1058.53,Yes
104002,Female,32.0,25,One year,DSL,Mailed check,No,77.94,1882.77,No
104003,Male,53.0,3,Month-to-month,Fiber optic,Electronic check,Yes,60.48,128.52,Yes
104004,Male,37.0,71,One year,DSL,Credit card,No,65.06,4555.6,No
104005,Female,30.0,11,Month-to-month,No,Credit card,Yes,55.62,603.59,No
104006,Female,51.0,35,One year,No,Mailed check,Yes,70.77,2541.17,No
104007,Male,67.0,16,One year,DSL,Electronic check,No,89.9,1512.13,Yes
104008,Female,42.0,13,Month-to-month,Fiber optic,Credit card,No,83.37,1210.49,Yes
104009,Male,55.0,29,Month-to-month,Fiber optic,Credit card,Yes,83.91,2315.26,No
104010,Male,52.0,70,Two year,DSL,Mailed check,No,59.17,4048.31,No
104011,Male,31.0,35,One year,Fiber optic,Bank transfer,Yes,100.62,3439.02,Yes
104012,Female,39.0,70,Two year,Fiber optic,Mailed check,Yes,93.21,6524.4,No
104013,Female,22.0,60,One year,No,Electronic check,Yes,26.05,1466.06,No
104014,Male,36.0,32,One year,DSL,Bank transfer,Yes,27.46,816.7,No
104015,Male,31.0,65,One year,Fiber optic,Bank transfer,Yes,75.71,4982.75,No
104016,Male,34.0,26,Two year,DSL,Mailed check,Yes,96.27,2599.33,No
104017,Male,29.0,37,Month-to-month,DSL,Credit card,No,101.17,3805.66,No
104018,Male,35.0,49,Month-to-month,Fiber optic,Mailed check,Yes,103.07,5079.28,No
104019,Male,46.0,43,Two year,Fiber optic,Credit card,Yes,80.23,3390.26,No
104020,Female,37.0,60,Two year,Fiber optic,Electronic check,Yes,120.62,7239.11,No
104021,Male,18.0,12,Month-to-month,No,Credit card,No,53.94,749.94,No
104022,Male,29.0,36,Month-to-month,DSL,Electronic check,No,63.47,2344.46,No
104023,Female,19.0,48,One year,Fiber optic,Electronic check,No,48.48,2406.66,No
104024,Male,42.0,24,One year,DSL,Bank transfer,No,63.37,1606.44,No
104025,Male,46.0,63,Month-to-month,Fiber optic,Electronic check,Yes,62.46,3905.46,No
104026,Male,42.0,22,One year,DSL,Electronic check,Yes,110.45,2486.94,No
104027,Male,29.0,22,Month-to-month,DSL,Bank transfer,No,105.53,2287.48,No
104028,Male,42.0,24,Month-to-month,Fiber optic,Electronic check,No,85.58,2107.49,Yes
104029,Female,33.0,49,One year,Fiber optic,Credit card,Yes,95.67,4798.23,No
104030,Male,24.0,9,Month-to-month,Fiber optic,Electronic check,Yes,68.89,759.85,Yes
104031,Female,49.0,11,One year,No,Mailed check,Yes,20.0,273.52,Yes
104032,Female,50.0,57,Month-to-month,Fiber optic,Mailed check,Yes,64.94,3737.03,No
104033,Male,51.0,15,Two year,Fiber optic,Mailed check,No,102.7,1665.4,No
104034,Male,31.0,8,Month-to-month,No,Mailed check,Yes,82.95,585.79,No
104035,Male,54.0,19,Two year,Fiber optic,Mailed check,Yes,74.2,1539.93,No
104036,Male,33.0,29,One year,DSL,Electronic check,Yes,90.49,2635.97,No
104037,Female,47.0,3,Month-to-month,Fiber optic,Electronic check,Yes,72.23,229.11,No
104038,Female,32.0,61,Two year,Fiber optic,Bank transfer,No,55.46,3342.48,No
104039,Male,36.0,9,Month-to-month,Fiber optic,Mailed check,Yes,102.49,816.82,No
104040,Male,18.0,30,Month-to-month,Fiber optic,Electronic check,Yes,68.7,2193.44,No
104041,Male,35.0,15,Two year,DSL,Electronic check,No,97.67,1501.41,No
104042,Female,40.0,22,Two year,Fiber optic,Credit card,Yes,34.06,716.09,No
104043,Female,34.0,4,One year,DSL,Electronic check,Yes,57.76,262.54,Yes
104044,Male,62.0,69,Two year,No,Credit card,Yes,86.93,5967.87,No
104045,Male,24.0,68,Month-to-month,Fiber optic,Electronic check,Yes,96.35,6398.37,Yes
104046,Male,32.0,10,Month-to-month,No,Credit card,Yes,66.47,648.67,No
104047,Male,27.0,15,Month-to-month,DSL,Mailed check,Yes,79.18,1061.07,No
104048,Male,32.0,64,Month-to-month,Fiber optic,Mailed check,Yes,87.5,5621.41,No
104049,Male,52.0,30,One year,DSL,Electronic check,No,34.77,1185.83,No
104050,Male,58.0,5,Month-to-month,Fiber optic,Credit card,Yes,,316.83,Yes
104051,Male,30.0,10,One year,Fiber optic,Electronic check,Yes,89.68,967.98,No
104052,Male,30.0,30,Month-to-month,Fiber optic,Bank transfer,No,96.66,2842.21,No
104053,Female,24.0,41,Month-to-month,Fiber optic,Electronic check,Yes,82.37,3375.33,No
104054,Female,56.0,46,One year,No,Mailed check,No,58.2,2598.18,No
104055,Male,54.0,12,Month-to-month,DSL,Bank transfer,Yes,38.64,,Yes
104056,Male,38.0,27,One year,Fiber optic,Mailed check,Yes,102.82,2897.32,No
104057,Female,21.0,19,One year,Fiber optic,Bank transfer,No,100.07,1918.65,Yes
104058,Female,22.0,39,One year,DSL,Bank transfer,Yes,96.68,3818.72,No
104059,Male,41.0,24,Two year,Fiber optic,Mailed check,Yes,57.04,1416.99,No
104060,Female,46.0,15,Two year,Fiber optic,Electronic check,Yes,87.05,1283.38,No
104061,Male,18.0,59,Month-to-month,Fiber optic,Mailed check,Yes,66.69,4052.37,No
104062,Male,35.0,41,One year,Fiber optic,Bank transfer,No,85.16,3444.97,No
104063,Female,60.0,35,Month-to-month,Fiber optic,Electronic check,No,156.67,5341.94,No
104064,Female,36.0,10,Month-to-month,No,Bank transfer,No,94.59,862.97,Yes
104065,Female,58.0,6,One year,DSL,Electronic check,No,53.11,374.08,No
104066,Male,47.0,58,One year,Fiber optic,Credit card,Yes,77.68,4470.62,No
104067,Female,25.0,70,Two year,Fiber optic,Bank transfer,Yes,74.95,5254.85,No
104068,Male,35.0,43,One year,DSL,Mailed check,Yes,75.1,3207.83,No
104069,Female,37.0,3,One year,Fiber optic,Credit card,No,45.9,153.98,Yes
104070,Male,27.0,35,One year,Fiber optic,Bank transfer,No,92.09,3321.55,No
104071,Male,26.0,21,Month-to-month,DSL,Electronic check,No,20.0,557.3,No
104072,Female,59.0,4,Month-to-month,Fiber optic,Electronic check,Yes,42.18,81.48,Yes
104073,Female,26.0,11,Month-to-month,Fiber optic,Mailed check,Yes,134.04,1558.32,Yes
104074,Female,53.0,36,One year,DSL,Electronic check,No,62.98,2284.98,No
104075,Male,33.0,31,Month-to-month,DSL,Electronic check,No,107.66,3227.37,No
104076,Male,39.0,41,Month-to-month,Fiber optic,Electronic check,Yes,63.75,2658.23,No
104077,Female,46.0,50,Month-to-month,Fiber optic,Electronic check,Yes,32.0,,No
104078,Female,31.0,20,One year,Fiber optic,Electronic check,No,57.73,1088.17,No
104079,Male,46.0,21,Month-to-month,Fiber optic,Electronic check,No,151.2,3154.62,Yes
104080,Female,18.0,49,Month-to-month,DSL,Electronic check,Yes,36.73,1655.24,No
104081,Female,45.0,15,Month-to-month,Fiber optic,Mailed check,No,128.41,1915.64,Yes
104082,Male,18.0,6,Month-to-month,DSL,Electronic check,Yes,80.63,498.2,Yes
104083,Female,36.0,62,Month-to-month,No,Electronic check,Yes,75.0,4827.64,No
104084,Female,50.0,16,Two year,Fiber optic,Credit card,No,65.29,960.55,No
104085,Female,47.0,9,Month-to-month,DSL,Mailed check,Yes,49.47,531.98,No
104086,Female,22.0,54,Month-to-month,Fiber optic,Credit card,Yes,98.1,5324.46,No
104087,Male,24.0,39,One year,No,Credit card,Yes,104.98,4295.29,No
104088,Female,30.0,11,One year,No,Mailed check,No,76.91,861.78,No
104089,Female,41.0,62,Month-to-month,Fiber optic,Bank transfer,Yes,102.49,6349.75,No
104090,Female,18.0,18,Month-to-month,DSL,Electronic check,No,61.36,1180.68,No
104091,Female,39.0,49,Two year,Fiber optic,Bank transfer,Yes,138.33,6822.17,No
104092,Male,43.0,47,Two year,Fiber optic,Mailed check,Yes,89.96,4312.33,No
104093,Male,35.0,60,Month-to-month,Fiber optic,Bank transfer,Yes,134.83,8140.31,Yes
104094,Male,46.0,53,One year,DSL,Electronic check,Yes,47.87,2404.32,No
104095,Female,42.0,51,Month-to-month,No,Credit card,Yes,70.87,3661.36,No
104096,Female,32.0,4,Month-to-month,Fiber optic,Mailed check,No,110.79,488.06,No
104097,Female,18.0,68,Month-to-month,DSL,Bank transfer,Yes,75.55,5070.83,No
104098,Male,41.0,10,One year,DSL,Credit card,Yes,84.94,875.46,No
104099,Female,27.0,19,Month-to-month,DSL,Credit card,No,47.56,738.41,No
104100,Male,31.0,33,Month-to-month,Fiber optic,Electronic check,Yes,73.86,2460.36,Yes
104101,Male,45.0,21,Month-to-month,DSL,Mailed check,No,50.12,1114.15,No
104102,Female,57.0,43,Month-to-month,Fiber optic,Bank transfer,No,81.86,3606.34,Yes
104103,Male,39.0,4,Month-to-month,DSL,Mailed check,Yes,67.29,332.23,No
104104,Male,46.0,33,Month-to-month,DSL,Mailed check,Yes,58.77,1859.65,No
104105,Male,20.0,26,One year,DSL,Bank transfer,Yes,87.81,2151.18,No
104106,Male,,47,Month-to-month,Fiber optic,Credit card,Yes,57.37,2781.1,Yes
104107,Male,38.0,38,Month-to-month,Fiber optic,Electronic check,Yes,32.0,1252.44,No
104108,Female,55.0,55,One year,Fiber optic,Electronic check,Yes,69.71,3878.44,Yes
104109,Female,32.0,12,Month-to-month,Fiber optic,Bank transfer,No,137.81,1805.03,No
104110,Male,36.0,69,Month-to-month,Fiber optic,Mailed check,Yes,96.75,6531.1,Yes
104111,Male,53.0,29,Two year,Fiber optic,Credit card,Yes,62.84,1984.64,No
104112,Male,38.0,26,One year,DSL,Bank transfer,No,83.13,2110.78,No
104113,Male,25.0,40,Month-to-month,Fiber optic,Mailed check,Yes,80.65,3300.24,No
104114,Female,72.0,12,Month-to-month,DSL,Bank transfer,Yes,81.69,979.1,No
104115,Male,25.0,59,Month-to-month,Fiber optic,Credit card,Yes,106.02,6224.07,No
104116,Male,38.0,20,Month-to-month,Fiber optic,Electronic check,No,88.84,1641.0,No
104117,Male,44.0,67,Two year,Fiber optic,Electronic check,Yes,87.01,5769.15,No
104118,Male,42.0,11,One year,Fiber optic,Bank transfer,Yes,121.16,1374.79,Yes
104119,Male,37.0,63,Month-to-month,Fiber optic,Electronic check,No,97.49,6173.82,Yes
104120,Male,37.0,29,Month-to-month,DSL,Credit card,Yes,76.87,2314.91,No
104121,Female,36.0,44,Month-to-month,No,Electronic check,Yes,73.06,3152.39,No
104122,Female,24.0,63,Month-to-month,DSL,Electronic check,Yes,57.85,3711.76,No
104123,Female,67.0,10,Month-to-month,DSL,Credit card,Yes,40.86,414.55,No
104124,Male,36.0,25,Month-to-month,DSL,Electronic check,Yes,88.76,2275.95,Yes
104125,Female,47.0,69,Two year,No,Electronic check,Yes,103.91,7215.98,Yes
104126,Female,35.0,11,One year,No,Electronic check,Yes,82.7,867.27,No
104127,Male,34.0,8,Two year,DSL,Credit card,No,86.15,711.9,No
104128,Male,33.0,38,Two year,DSL,Credit card,Yes,49.82,1934.64,No
104129,Female,19.0,2,Two year,Fiber optic,Mailed check,Yes,69.1,208.98,No
104130,Male,37.0,72,Two year,DSL,Bank transfer,Yes,39.95,3011.86,No
104131,Male,34.0,66,Month-to-month,DSL,Bank transfer,No,65.76,4283.07,No
104132,Female,54.0,14,Month-to-month,Fiber optic,Electronic check,Yes,108.58,1415.15,Yes
104133,Female,23.0,13,Month-to-month,Fiber optic,Electronic check,No,66.56,981.08,Yes
104134,Female,31.0,57,One year,Fiber optic,Credit card,Yes,82.13,4565.64,No
104135,Female,27.0,38,One year,Fiber optic,Electronic check,Yes,101.56,3952.3,No
104136,Female,58.0,60,Month-to-month,Fiber optic,Mailed check,Yes,114.2,6770.17,Yes
104137,Female,28.0,70,Two year,Fiber optic,Electronic check,No,42.82,2940.73,No
104138,Male,46.0,29,One year,DSL,,Yes,60.08,1735.2,No
104139,Female,52.0,19,One year,DSL,Electronic check,Yes,53.54,886.64,No
104140,Female,37.0,45,Month-to-month,No,Electronic check,Yes,50.08,2166.3,No
104141,Female,21.0,46,Month-to-month,DSL,Electronic check,Yes,62.43,2721.19,No
104142,Female,21.0,32,Month-to-month,Fiber optic,Credit card,Yes,35.31,1190.15,No
104143,Male,50.0,22,Month-to-month,DSL,Electronic check,Yes,62.81,1380.78,Yes
104144,Male,23.0,19,One year,DSL,Mailed check,No,72.88,1386.02,No
104145,Male,44.0,38,Month-to-month,Fiber optic,Mailed check,No,57.92,2195.46,No
104146,Male,40.0,31,Month-to-month,DSL,Electronic check,Yes,59.96,,Yes
104147,Male,44.0,33,Month-to-month,Fiber optic,Bank transfer,Yes,84.49,2744.79,No
104148,Female,45.0,7,One year,Fiber optic,Electronic check,Yes,87.0,695.07,No
104149,Female,27.0,64,Month-to-month,Fiber optic,Bank transfer,No,43.14,2602.28,No
104150,Male,26.0,51,Two year,Fiber optic,Mailed check,Yes,101.51,5047.17,No
104151,Male,48.0,67,Month-to-month,DSL,Credit card,Yes,90.11,6159.61,Yes
104152,Female,31.0,60,Two year,Fiber optic,Credit card,Yes,65.44,3950.44,No
104153,Female,18.0,45,Month-to-month,No,Electronic check,Yes,113.95,4945.53,No
104154,Female,47.0,23,Month-to-month,DSL,Bank transfer,Yes,83.4,1946.95,Yes
104155,Male,26.0,48,Two year,Fiber optic,Bank transfer,No,91.78,4262.38,No
104156,Male,45.0,41,One year,Fiber optic,Credit card,Yes,101.08,4261.32,No
104157,Female,57.0,67,One year,Fiber optic,Credit card,Yes,58.18,3980.87,No
104158,Male,39.0,17,One year,DSL,Bank transfer,Yes,63.16,1262.47,No
104159,Male,52.0,2,Month-to-month,DSL,Mailed check,Yes,87.44,147.97,Yes
104160,Male,41.0,10,One year,DSL,Electronic check,Yes,52.06,411.07,No
104161,Male,60.0,13,Month-to-month,DSL,Credit card,Yes,63.19,772.82,Yes
104162,Male,25.0,48,One year,Fiber optic,Credit card,No,99.03,4706.85,Yes
104163,Female,39.0,11,Two year,No,Electronic check,No,79.75,911.95,No
104164,Male,48.0,10,Two year,Fiber optic,Mailed check,Yes,84.52,680.36,No
104165,Female,37.0,29,One year,Fiber optic,Electronic check,Yes,85.56,2480.76,No
104166,Female,54.0,57,One year,DSL,Electronic check,No,67.63,3763.61,No
104167,Male,33.0,31,Month-to-month,Fiber optic,Mailed check,No,105.32,3218.75,No
104168,Male,66.0,20,Month-to-month,Fiber optic,Electronic check,Yes,136.25,2849.47,Yes
104169,Female,67.0,21,Two year,No,Bank transfer,No,79.32,1755.96,No
104170,Female,43.0,59,One year,Fiber optic,Electronic check,Yes,116.05,6912.63,Yes
104171,Male,46.0,32,Month-to-month,Fiber optic,Bank transfer,No,73.08,2395.84,No
104172,Male,54.0,27,One year,DSL,Mailed check,Yes,54.96,1460.12,No
104173,Female,24.0,56,Month-to-month,No,Bank transfer,No,52.3,2924.44,No
104174,Male,22.0,27,Two year,DSL,Electronic check,Yes,49.04,1182.55,No
104175,Male,55.0,26,Two year,Fiber optic,Electronic check,No,76.66,1882.11,Yes
104176,Male,43.0,55,Month-to-month,Fiber optic,Bank transfer,Yes,106.15,5849.65,No
104177,Male,36.0,24,Month-to-month,DSL,Bank transfer,Yes,97.07,2228.9,No
104178,Female,39.0,37,One year,DSL,Mailed check,Yes,59.26,2254.7,No
104179,Male,18.0,48,Month-to-month,No,Mailed check,No,63.9,3062.73,No
104180,Male,37.0,15,Two year,DSL,Credit card,No,71.95,1052.47,No
104181,Female,29.0,10,Month-to-month,DSL,Electronic check,Yes,77.85,723.88,No
104182,Male,51.0,62,Month-to-month,DSL,Electronic check,Yes,86.67,5414.11,No
104183,Male,52.0,22,Month-to-month,DSL,Credit card,Yes,62.02,1425.44,No
104184,Female,46.0,25,One year,No,Credit card,Yes,66.99,1595.53,No
104185,Male,44.0,43,One year,Fiber optic,Electronic check,Yes,117.87,5021.22,No
104186,Female,20.0,8,Two year,No,Credit card,No,65.04,503.38,No
104187,Male,47.0,4,Two year,No,Electronic check,Yes,57.63,259.41,Yes
104188,Male,47.0,30,One year,Fiber optic,Credit card,Yes,81.86,2483.55,No
104189,Male,55.0,70,Month-to-month,Fiber optic,Bank transfer,Yes,85.95,6007.3,No
104190,Female,67.0,42,Month-to-month,Fiber optic,Mailed check,Yes,45.48,1973.9,No
104191,Male,18.0,42,Two year,Fiber optic,Credit card,Yes,72.91,3050.0,No
104192,Male,34.0,44,Month-to-month,Fiber optic,Credit card,No,94.5,4032.3,No
104193,Female,29.0,62,Two year,Fiber optic,Electronic check,Yes,134.11,8435.17,No
104194,Male,41.0,61,Two year,Fiber optic,Bank transfer,Yes,70.78,4405.78,No
104195,Female,39.0,2,One year,Fiber optic,Bank transfer,Yes,103.12,82.3,Yes
104196,Male,36.0,39,One year,DSL,Mailed check,Yes,76.48,2998.79,No
104197,Female,52.0,40,Two year,Fiber optic,Electronic check,No,113.0,4637.05,No
104198,Male,25.0,17,One year,Fiber optic,Electronic check,No,68.53,1137.63,No
104199,Female,25.0,71,One year,Fiber optic,Credit card,Yes,111.58,7991.63,No
104200,Male,26.0,19,Month-to-month,Fiber optic,Mailed check,Yes,119.05,2361.9,No
104201,Female,34.0,61,Month-to-month,Fiber optic,Mailed check,Yes,120.12,7351.46,Yes
104202,Female,23.0,8,Month-to-month,Fiber optic,Mailed check,Yes,119.69,1150.39,Yes
104203,Male,38.0,44,Two year,DSL,Electronic check,Yes,76.77,3436.37,No
104204,Male,37.0,53,One year,Fiber optic,Electronic check,Yes,98.62,5236.05,Yes
104205,Male,29.0,37,One year,DSL,Electronic check,No,61.51,2260.84,No
104206,Female,50.0,8,Month-to-month,DSL,Electronic check,No,20.0,155.75,No
104207,Female,38.0,9,Two year,DSL,Credit card,No,78.4,654.8,No
104208,Female,53.0,44,Month-to-month,Fiber optic,Electronic check,Yes,79.98,3418.91,Yes
104209,Male,36.0,63,One year,Fiber optic,Electronic check,No,108.08,6728.12,No
104210,Female,39.0,43,Month-to-month,DSL,Mailed check,Yes,93.55,4009.83,No
104211,Male,32.0,8,Two year,No,Credit card,No,45.45,435.9,No
104212,Female,39.0,57,One year,Fiber optic,Electronic check,Yes,142.48,8150.75,No
104213,Male,48.0,34,Month-to-month,Fiber optic,Electronic check,No,93.7,3201.01,No
104214,Female,34.0,6,Month-to-month,Fiber optic,Bank transfer,Yes,51.9,502.23,No
104215,Female,46.0,27,Month-to-month,Fiber optic,Mailed check,Yes,55.4,1647.26,Yes
104216,Female,28.0,15,Month-to-month,Fiber optic,Mailed check,Yes,32.0,397.87,No
104217,Male,49.0,72,Month-to-month,DSL,Electronic check,Yes,91.09,6621.88,No
104218,Male,31.0,66,Month-to-month,DSL,Credit card,Yes,58.83,3775.93,No
104219,Female,50.0,8,Month-to-month,Fiber optic,Mailed check,Yes,62.99,528.02,No
104220,Male,40.0,42,Month-to-month,No,Credit card,Yes,55.9,2224.22,No
104221,Male,59.0,1,One year,Fiber optic,Credit card,No,76.48,21.85,No
104222,Female,24.0,33,Month-to-month,Fiber optic,Bank transfer,Yes,98.39,3303.02,Yes
104223,Female,20.0,12,Month-to-month,DSL,Electronic check,Yes,30.89,329.78,No
104224,Female,31.0,54,Two year,Fiber optic,Bank transfer,Yes,57.25,2994.4,No
104225,Female,21.0,6,Month-to-month,No,Mailed check,No,83.63,439.9,No
104226,Male,21.0,65,One year,Fiber optic,Electronic check,No,69.15,4409.81,No
104227,Male,47.0,17,Two year,Fiber optic,Electronic check,Yes,98.56,1712.64,Yes
104228,Female,39.0,19,One year,DSL,Electronic check,No,59.56,1239.89,No
104229,Male,33.0,64,Month-to-month,DSL,Credit card,Yes,111.37,7109.95,No
104230,Male,34.0,65,Month-to-month,DSL,Bank transfer,Yes,77.22,5111.96,No
104231,Male,31.0,7,Two year,Fiber optic,Bank transfer,Yes,114.66,751.03,No
104232,Female,60.0,8,Two year,Fiber optic,Bank transfer,No,96.94,766.42,No
104233,Female,29.0,62,Month-to-month,DSL,Bank transfer,No,86.46,5521.07,No
104234,Male,22.0,71,One year,No,Credit card,Yes,53.19,3760.48,No
104235,Male,49.0,36,Two year,No,Electronic check,Yes,101.18,3738.78,No
104236,Male,36.0,12,One year,Fiber optic,Electronic check,Yes,89.39,1007.87,Yes
104237,Female,66.0,11,Month-to-month,No,Mailed check,Yes,48.16,527.95,No
104238,Male,32.0,20,Month-to-month,No,Credit card,Yes,20.0,322.76,Yes
104239,Female,50.0,50,Month-to-month,DSL,Credit card,No,75.5,3780.98,No
104240,Male,53.0,7,Month-to-month,No,Credit card,No,109.7,789.45,No
104241,Male,32.0,47,One year,Fiber optic,Bank transfer,Yes,61.32,2950.14,No
104242,Male,29.0,58,Month-to-month,DSL,Electronic check,Yes,48.48,2759.72,No
104243,Female,49.0,11,Month-to-month,DSL,Electronic check,Yes,64.09,689.94,No
104244,Male,46.0,71,Month-to-month,Fiber optic,Mailed check,No,111.53,8025.61,Yes
104245,Male,21.0,72,Two year,No,Bank transfer,No,26.08,1768.95,No
104246,Male,24.0,22,Two year,Fiber optic,Mailed check,No,67.75,1267.73,No
104247,Male,18.0,9,Two year,Fiber optic,Electronic check,No,58.86,,No
104248,Male,47.0,24,Two year,DSL,Mailed check,Yes,86.05,2120.11,No
104249,Female,36.0,19,Two year,No,Credit card,Yes,68.43,1307.63,Yes
104250,Male,37.0,21,Month-to-month,DSL,Electronic check,No,63.34,1244.08,No
104251,Male,18.0,67,Month-to-month,Fiber optic,Bank transfer,Yes,79.5,5332.93,No
104252,Male,25.0,12,One year,Fiber optic,Electronic check,No,103.62,1210.44,No
104253,Female,33.0,23,One year,DSL,Mailed check,No,,2160.02,No
104254,Male,30.0,57,Month-to-month,No,Bank transfer,Yes,97.62,5533.71,No
104255,Male,41.0,5,Two year,No,Electronic check,Yes,86.39,498.97,Yes
104256,Male,47.0,5,Month-to-month,Fiber optic,Bank transfer,No,118.6,567.99,Yes
104257,Male,69.0,22,Two year,Fiber optic,Bank transfer,Yes,60.71,1199.45,No
104258,Male,39.0,70,One year,No,Electronic check,Yes,81.69,5873.62,No
104259,Female,54.0,61,Month-to-month,DSL,Credit card,Yes,130.71,7883.92,No
104260,Male,28.0,67,Two year,DSL,Bank transfer,Yes,26.08,1780.92,No
104261,Male,18.0,63,One year,Fiber optic,Mailed check,Yes,70.64,4525.48,No
104262,Male,34.0,9,One year,Fiber optic,Electronic check,Yes,58.1,560.86,No
104263,Male,18.0,29,One year,Fiber optic,Mailed check,Yes,91.22,2624.47,No
104264,Female,39.0,39,Month-to-month,Fiber optic,Electronic check,No,119.95,4514.58,Yes
104265,Female,29.0,12,Month-to-month,Fiber optic,Electronic check,Yes,97.44,1274.79,Yes
104266,Female,18.0,72,Month-to-month,DSL,Bank transfer,No,66.57,4688.05,No
104267,Male,62.0,44,Month-to-month,DSL,Credit card,No,85.64,3855.65,No
104268,Female,32.0,62,Month-to-month,DSL,Electronic check,No,64.76,4115.1,No
104269,Male,18.0,19,Month-to-month,Fiber optic,Bank transfer,No,88.86,1578.42,No
104270,Female,51.0,52,Month-to-month,Fiber optic,Bank transfer,Yes,99.47,5061.16,No
104271,Female,30.0,8,Month-to-month,No,Bank transfer,Yes,115.82,891.18,Yes
104272,Female,53.0,2,Month-to-month,Fiber optic,Credit card,Yes,95.24,273.25,Yes
104273,Female,29.0,47,Month-to-month,Fiber optic,Electronic check,Yes,89.44,4149.89,Yes
104274,Male,32.0,5,Two year,DSL,Mailed check,Yes,122.89,622.9,Yes
104275,Male,43.0,20,Two year,Fiber optic,Electronic check,Yes,35.1,656.81,No
104276,Female,47.0,58,Two year,No,Electronic check,No,69.7,4113.31,No
104277,Male,49.0,36,Month-to-month,DSL,Mailed check,No,53.47,1867.78,No
104278,Female,38.0,28,One year,Fiber optic,Electronic check,Yes,78.04,2120.25,No
104279,Female,46.0,21,Month-to-month,DSL,Electronic check,Yes,87.1,1736.18,No
104280,Female,49.0,49,One year,Fiber optic,Electronic check,No,108.52,5221.78,No
104281,Male,42.0,69,Two year,Fiber optic,Electronic check,No,70.99,,No
104282,Female,37.0,54,Month-to-month,Fiber optic,Mailed check,Yes,100.73,,No
104283,Male,20.0,26,Two year,Fiber optic,Electronic check,Yes,61.56,1514.97,No
104284,Male,47.0,31,One year,No,Electronic check,No,39.99,1089.3,No
104285,Male,40.0,8,Month-to-month,No,Bank transfer,Yes,73.77,565.82,Yes
104286,Female,34.0,11,Month-to-month,Fiber optic,Bank transfer,No,78.54,790.06,Yes
104287,Female,56.0,20,Two year,Fiber optic,Credit card,Yes,121.26,2334.25,No
104288,Female,20.0,28,Month-to-month,Fiber optic,Credit card,Yes,137.21,3772.21,Yes
104289,Female,60.0,72,Month-to-month,Fiber optic,Credit card,Yes,68.79,4963.84,Yes
104290,Male,39.0,63,Month-to-month,Fiber optic,Bank transfer,No,38.71,2334.24,No
104291,Male,43.0,9,Two year,Fiber optic,Electronic check,Yes,49.82,420.82,No
104292,Female,34.0,24,Month-to-month,Fiber optic,Electronic check,No,63.11,1594.34,Yes
104293,Male,18.0,5,Two year,DSL,Credit card,Yes,77.18,336.09,No
104294,Male,37.0,5,One year,DSL,Credit card,No,65.47,231.58,Yes
104295,Female,43.0,27,Month-to-month,Fiber optic,Mailed check,Yes,52.54,1513.55,Yes
104296,Female,48.0,70,Month-to-month,No,Mailed check,Yes,116.65,8157.57,No
104297,Male,36.0,14,One year,Fiber optic,Electronic check,No,100.57,1392.26,No
104298,Female,18.0,50,Month-to-month,No,Electronic check,Yes,115.98,5845.9,No
104299,Male,19.0,29,Month-to-month,Fiber optic,Mailed check,Yes,38.97,1122.35,No
104300,Male,66.0,39,Month-to-month,DSL,Electronic check,Yes,103.82,4055.27,Yes
104301,Male,25.0,63,Two year,Fiber optic,Mailed check,No,80.27,4915.62,No
104302,Female,58.0,60,One year,No,Bank transfer,No,62.2,3656.45,No
104303,Male,27.0,60,Month-to-month,Fiber optic,Credit card,No,84.61,5244.22,No
104304,Male,37.0,30,Month-to-month,Fiber optic,Credit card,Yes,66.51,1901.68,Yes
104305,Female,47.0,4,Month-to-month,Fiber optic,Electronic check,Yes,80.43,327.9,Yes
104306,Female,28.0,71,One year,DSL,Mailed check,Yes,95.66,6948.63,Yes
104307,Female,60.0,72,Month-to-month,DSL,Bank transfer,No,22.92,1712.05,No
104308,Female,40.0,62,Two year,DSL,Mailed check,Yes,109.43,6810.8,No
104309,Female,45.0,35,Two year,Fiber optic,Credit card,Yes,93.81,3211.2,No
104310,Female,36.0,21,Month-to-month,No,Electronic check,Yes,69.24,1397.94,Yes
104311,Female,48.0,13,Two year,DSL,Electronic check,Yes,95.39,1212.24,No
104312,Female,60.0,27,One year,DSL,Mailed check,No,81.1,2220.04,No
104313,Male,37.0,25,One year,Fiber optic,Mailed check,Yes,72.0,1914.53,No
104314,Male,61.0,20,Month-to-month,No,Mailed check,Yes,52.68,1064.18,Yes
104315,Female,31.0,69,Two year,Fiber optic,Electronic check,Yes,121.49,8331.43,No
104316,Male,49.0,48,Month-to-month,Fiber optic,Electronic check,Yes,47.02,2248.26,No
104317,Female,45.0,17,One year,Fiber optic,Mailed check,No,79.08,1391.22,Yes
104318,Male,25.0,47,Month-to-month,Fiber optic,Bank transfer,No,48.74,2321.1,No
104319,Female,42.0,51,Month-to-month,No,Electronic check,Yes,84.19,4271.3,No
104320,Male,39.0,38,Two year,DSL,Credit card,Yes,69.57,2542.84,No
104321,Female,28.0,69,Month-to-month,No,Bank transfer,No,40.76,2909.37,No
104322,Male,44.0,70,Month-to-month,Fiber optic,Electronic check,Yes,62.28,4336.03,Yes
104323,Male,41.0,32,Two year,Fiber optic,Electronic check,Yes,85.11,2745.6,No
104324,Male,38.0,35,Month-to-month,DSL,Electronic check,No,79.13,2708.65,No
104325,Female,38.0,16,Two year,No,Electronic check,Yes,23.57,313.92,No
104326,Male,38.0,57,Two year,Fiber optic,Bank transfer,Yes,66.36,3827.28,No
104327,Female,34.0,68,Month-to-month,Fiber optic,Credit card,Yes,88.01,5870.7,No
104328,Male,41.0,48,One year,Fiber optic,Electronic check,Yes,114.25,5379.28,No
104329,Male,31.0,15,Two year,DSL,Electronic check,No,92.98,1530.48,No
104330,Female,74.0,38,Two year,DSL,Credit card,No,60.63,2378.3,Yes
104331,Male,21.0,58,Month-to-month,DSL,Mailed check,Yes,96.98,5662.35,No
104332,Male,31.0,4,One year,DSL,Mailed check,No,64.12,159.95,No
104333,Female,32.0,43,One year,Fiber optic,Mailed check,No,32.0,1395.86,No
104334,Female,66.0,48,Month-to-month,Fiber optic,Electronic check,Yes,120.02,5754.33,Yes
104335,Female,22.0,39,One year,Fiber optic,Electronic check,Yes,95.44,3682.35,No
104336,Male,45.0,47,Month-to-month,Fiber optic,Credit card,Yes,88.7,4160.83,No
104337,Female,42.0,65,Month-to-month,DSL,Bank transfer,No,72.21,4564.87,No
104338,Male,43.0,9,Month-to-month,Fiber optic,Electronic check,Yes,91.57,637.89,Yes
104339,Female,55.0,42,Two year,Fiber optic,Credit card,No,84.18,3562.29,No
104340,Female,55.0,58,Month-to-month,Fiber optic,Mailed check,No,76.77,4467.2,No
104341,Male,33.0,60,Month-to-month,DSL,Electronic check,Yes,55.67,3362.87,No
104342,Male,42.0,34,Month-to-month,No,Credit card,No,73.92,2582.54,No
104343,Male,18.0,72,Month-to-month,Fiber optic,Bank transfer,Yes,61.97,4507.88,No
104344,Male,40.0,24,Two year,No,Bank transfer,Yes,43.44,1176.19,No
104345,Male,29.0,32,Month-to-month,Fiber optic,Electronic check,Yes,90.75,3010.15,Yes
104346,Female,37.0,60,Month-to-month,Fiber optic,Electronic check,No,108.5,6515.26,No
104347,Male,18.0,32,Two year,No,Credit card,Yes,52.1,1681.44,No
104348,Male,44.0,25,Month-to-month,No,Electronic check,Yes,56.44,1431.21,No
104349,Female,18.0,41,Month-to-month,No,Credit card,No,29.6,1075.56,No
104350,Male,41.0,45,One year,No,Bank transfer,Yes,39.1,1842.3,No
104351,Female,23.0,70,One year,No,Electronic check,Yes,40.04,2855.48,No
104352,Female,28.0,45,Month-to-month,Fiber optic,Credit card,Yes,108.36,4727.02,No
104353,Female,54.0,14,One year,DSL,Credit card,Yes,28.59,539.72,No
104354,Male,47.0,4,One year,Fiber optic,Credit card,Yes,95.48,343.39,Yes
104355,Male,54.0,70,One year,Fiber optic,Mailed check,No,77.37,5404.72,No
104356,Female,59.0,31,Month-to-month,Fiber optic,Mailed check,Yes,99.13,3060.12,No
104357,Female,29.0,15,Two year,Fiber optic,Electronic check,Yes,113.15,1681.78,No
104358,Male,58.0,17,Month-to-month,Fiber optic,Electronic check,No,83.25,1630.77,No
104359,Female,20.0,8,One year,No,Credit card,Yes,100.34,779.22,No
104360,Female,49.0,15,Two year,Fiber optic,Credit card,Yes,122.75,1812.05,No
104361,Male,33.0,57,Two year,DSL,Electronic check,Yes,105.66,6024.37,No
104362,Female,27.0,48,One year,Fiber optic,Bank transfer,No,67.2,3149.25,No
104363,Male,47.0,44,Month-to-month,Fiber optic,Credit card,No,34.76,1555.71,No
104364,Female,51.0,1,Month-to-month,DSL,Bank transfer,Yes,68.88,20.0,No
104365,Female,51.0,49,One year,Fiber optic,Electronic check,No,88.46,4379.61,No
104366,Female,42.0,70,Month-to-month,No,Electronic check,Yes,23.16,1527.33,No
104367,Male,41.0,67,One year,DSL,Mailed check,Yes,73.53,4873.66,No
104368,Male,46.0,29,One year,Fiber optic,Credit card,Yes,32.0,837.56,Yes
104369,Female,43.0,44,One year,Fiber optic,Electronic check,No,122.65,5348.71,No
104370,Female,46.0,22,Month-to-month,Fiber optic,Electronic check,No,95.94,1949.88,No
104371,Female,42.0,64,Two year,Fiber optic,Bank transfer,Yes,63.55,3847.13,No
104372,Male,50.0,67,One year,Fiber optic,Credit card,Yes,87.17,5811.4,No
104373,Male,18.0,17,Month-to-month,Fiber optic,Credit card,Yes,90.25,1396.01,No
104374,Female,37.0,36,One year,No,Credit card,Yes,84.07,3182.56,No
104375,Male,21.0,18,Month-to-month,DSL,Mailed check,Yes,73.73,1294.83,No
104376,Female,43.0,45,One year,Fiber optic,Credit card,No,107.62,4906.67,No
104377,Male,60.0,22,Month-to-month,Fiber optic,Bank transfer,No,52.3,1178.42,No
104378,Male,33.0,51,One year,DSL,Bank transfer,No,68.77,3411.63,No
104379,Male,41.0,71,Month-to-month,Fiber optic,Electronic check,No,128.67,9097.71,No
104380,Female,49.0,63,Month-to-month,Fiber optic,Mailed check,Yes,75.21,4804.89,No
104381,Female,18.0,14,Month-to-month,DSL,Electronic check,Yes,78.03,1153.22,No
104382,Male,32.0,10,Month-to-month,DSL,Credit card,No,47.12,549.17,No
104383,Male,44.0,59,Two year,DSL,Electronic check,Yes,125.92,7370.2,No
104384,Female,18.0,6,One year,Fiber optic,Electronic check,Yes,91.13,599.35,Yes
104385,Male,26.0,29,Month-to-month,Fiber optic,Credit card,Yes,52.53,1468.93,No
104386,Female,53.0,72,Month-to-month,Fiber optic,Bank transfer,No,111.26,8101.7,No
104387,Male,52.0,33,One year,Fiber optic,Bank transfer,Yes,57.17,1974.81,No
104388,Male,44.0,1,Month-to-month,Fiber optic,Bank transfer,No,101.09,20.0,No
104389,Male,50.0,71,Month-to-month,No,Electronic check,Yes,97.75,6965.09,No
104390,Female,42.0,51,Month-to-month,No,Electronic check,Yes,122.67,6157.59,No
104391,Male,46.0,24,One year,Fiber optic,Bank transfer,No,89.6,2224.91,No
104392,Female,35.0,44,Two year,Fiber optic,Credit card,No,85.22,3648.14,No
104393,Male,41.0,45,Month-to-month,Fiber optic,Electronic check,Yes,33.33,1528.88,No
104394,Male,31.0,40,Two year,Fiber optic,Electronic check,Yes,72.58,2969.69,Yes
104395,Female,55.0,70,Two year,DSL,Electronic check,Yes,54.14,3795.85,No
104396,Female,59.0,57,Two year,DSL,Mailed check,Yes,67.48,3923.91,No
104397,Male,57.0,19,One year,No,Electronic check,Yes,59.0,1147.39,No
104398,Male,34.0,72,Two year,Fiber optic,Electronic check,No,103.66,7604.52,Yes
104399,Male,27.0,70,One year,Fiber optic,Mailed check,Yes,70.01,4801.55,No
104400,Female,56.0,4,Two year,No,Mailed check,Yes,83.89,301.0,No
104401,Male,46.0,22,Month-to-month,DSL,Bank transfer,Yes,69.11,1347.65,No
104402,Male,43.0,45,One year,No,Electronic check,Yes,56.43,2512.66,No
104403,Male,31.0,64,One year,Fiber optic,Electronic check,Yes,66.16,4127.41,No
104404,Female,45.0,52,Month-to-month,Fiber optic,Electronic check,Yes,89.82,4545.82,Yes
104405,Male,25.0,42,Month-to-month,DSL,Bank transfer,No,106.27,4323.35,No
104406,Female,47.0,23,Month-to-month,DSL,Electronic check,No,53.73,1193.21,No
104407,Male,57.0,7,Month-to-month,Fiber optic,Credit card,Yes,85.19,619.18,Yes
104408,Male,60.0,65,Month-to-month,Fiber optic,Electronic check,No,96.1,6289.52,No
104409,Male,48.0,39,Month-to-month,DSL,Bank transfer,Yes,71.5,2878.67,No
104410,Male,21.0,33,Month-to-month,DSL,Electronic check,Yes,27.99,1008.65,No
104411,Male,42.0,71,One year,Fiber optic,Bank transfer,No,95.98,6713.0,Yes
104412,Female,67.0,12,Month-to-month,No,Bank transfer,Yes,34.34,345.25,Yes
104413,Male,28.0,19,Month-to-month,DSL,Electronic check,No,34.69,676.46,No
104414,Female,38.0,62,Month-to-month,DSL,Electronic check,Yes,39.38,2460.33,No
104415,Male,57.0,21,Month-to-month,Fiber optic,Electronic check,No,79.96,1803.37,No
104416,Male,47.0,68,Month-to-month,Fiber optic,Mailed check,Yes,59.91,4047.97,No
104417,Male,71.0,62,Two year,Fiber optic,Credit card,Yes,48.11,3051.91,No
104418,Male,29.0,8,Month-to-month,No,Mailed check,Yes,81.5,639.14,No
104419,Female,26.0,33,Month-to-month,DSL,Bank transfer,No,71.33,2386.09,No
104420,Male,55.0,55,Month-to-month,Fiber optic,Electronic check,Yes,102.94,5696.65,Yes
104421,Female,23.0,36,Two year,No,Mailed check,Yes,53.76,1933.35,No
104422,Female,36.0,16,Month-to-month,Fiber optic,Bank transfer,No,82.41,1230.72,No
104423,Female,38.0,4,Month-to-month,Fiber optic,Electronic check,Yes,104.01,440.94,Yes
104424,Male,52.0,1,One year,No,Electronic check,Yes,39.17,97.06,Yes
104425,Male,47.0,13,Month-to-month,DSL,Electronic check,Yes,55.46,730.61,No
104426,Female,45.0,19,Month-to-month,DSL,Electronic check,No,96.82,1590.92,Yes
104427,Male,34.0,22,Two year,DSL,Credit card,No,72.49,1578.89,No
104428,Male,55.0,62,Two year,No,Electronic check,No,68.24,4291.95,No
104429,Female,75.0,37,One year,No,Electronic check,Yes,71.04,2540.3,Yes
104430,Female,48.0,11,Month-to-month,DSL,Electronic check,Yes,102.58,1224.32,Yes
104431,Female,40.0,6,One year,Fiber optic,Electronic check,Yes,83.4,445.26,Yes
104432,Male,22.0,10,Two year,Fiber optic,Electronic check,No,85.14,822.62,No
104433,Female,31.0,23,Two year,DSL,Electronic check,No,71.58,1664.9,No
104434,Male,36.0,54,Month-to-month,No,Electronic check,No,31.6,1623.48,No
104435,Female,32.0,4,Month-to-month,Fiber optic,Electronic check,Yes,96.57,468.35,Yes
104436,Female,39.0,30,Month-to-month,No,Bank transfer,Yes,51.47,1657.89,No
104437,Female,62.0,33,Two year,Fiber optic,Mailed check,No,52.44,1631.51,Yes
104438,Female,55.0,11,Month-to-month,DSL,Bank transfer,Yes,28.34,295.04,No
104439,Male,37.0,5,Month-to-month,Fiber optic,Electronic check,Yes,45.53,398.05,No
104440,Male,23.0,17,Month-to-month,Fiber optic,Electronic check,No,32.0,642.95,No
104441,Male,56.0,11,Month-to-month,DSL,Credit card,Yes,46.37,364.85,No
104442,Male,38.0,58,Two year,DSL,Electronic check,No,61.13,3650.57,No
104443,Female,18.0,67,Month-to-month,No,Mailed check,No,98.53,6293.62,No
104444,Male,48.0,45,Month-to-month,Fiber optic,Electronic check,Yes,85.52,3903.72,No
104445,Female,52.0,55,One year,Fiber optic,Electronic check,No,90.34,4891.59,No
104446,Male,18.0,55,One year,DSL,Mailed check,Yes,103.98,5760.29,No
104447,Male,28.0,64,One year,Fiber optic,Mailed check,Yes,32.0,2070.22,No
104448,Male,38.0,8,Two year,Fiber optic,Electronic check,No,93.79,762.37,No
104449,Female,49.0,72,Month-to-month,DSL,Mailed check,No,79.87,5803.35,No
104450,Female,32.0,33,Month-to-month,DSL,Mailed check,Yes,92.59,3010.83,Yes
104451,Female,28.0,40,Month-to-month,Fiber optic,Mailed check,No,39.09,1509.7,No
104452,Male,48.0,58,One year,Fiber optic,Credit card,Yes,69.65,4123.45,No
104453,Male,33.0,36,Two year,DSL,Bank transfer,No,48.73,1754.79,No
104454,Female,46.0,20,Month-to-month,No,Electronic check,Yes,39.8,744.74,No
104455,Female,25.0,2,One year,DSL,Electronic check,Yes,129.82,,Yes
104456,Male,21.0,13,One year,No,Bank transfer,Yes,57.85,728.22,No
104457,Female,49.0,7,Two year,DSL,Electronic check,No,95.18,635.13,No
104458,Male,42.0,28,Month-to-month,Fiber optic,Credit card,No,101.64,2885.8,No
104459,Male,51.0,57,Month-to-month,Fiber optic,Credit card,Yes,47.99,2657.11,No
104460,Female,32.0,25,One year,Fiber optic,Electronic check,Yes,70.87,1908.62,No
104461,Male,29.0,44,Two year,No,Credit card,Yes,73.51,3254.59,No
104462,Male,57.0,14,One year,DSL,Electronic check,Yes,81.89,981.21,No
104463,Female,19.0,43,Two year,DSL,Electronic check,Yes,80.27,3476.37,No
104464,Female,55.0,69,Month-to-month,DSL,Credit card,No,115.83,7908.54,No
104465,Male,56.0,23,One year,Fiber optic,Bank transfer,Yes,106.76,2453.0,No
104466,Male,50.0,35,Month-to-month,Fiber optic,Mailed check,Yes,100.42,3500.98,Yes
104467,Female,30.0,70,Month-to-month,DSL,Credit card,No,96.21,6795.7,No
104468,Female,28.0,44,Month-to-month,Fiber optic,Electronic check,Yes,117.82,5244.05,Yes
104469,Female,36.0,29,Month-to-month,Fiber optic,Bank transfer,Yes,68.42,2004.1,No
104470,Female,22.0,9,Month-to-month,No,Credit card,No,32.51,464.45,Yes
104471,Male,26.0,68,One year,Fiber optic,Credit card,No,68.83,4615.21,No
104472,Female,47.0,44,Two year,No,Mailed check,Yes,37.66,1779.95,No
104473,Male,47.0,5,Month-to-month,Fiber optic,Electronic check,Yes,59.43,422.56,No
104474,Male,25.0,40,Month-to-month,No,Credit card,No,74.5,3010.36,No
104475,Female,48.0,70,Month-to-month,Fiber optic,Electronic check,Yes,70.16,4952.49,Yes
104476,Male,45.0,68,Month-to-month,Fiber optic,Credit card,Yes,100.2,6899.16,No
104477,Female,59.0,15,Month-to-month,Fiber optic,Electronic check,Yes,91.59,1345.43,Yes
104478,Male,46.0,30,One year,Fiber optic,Electronic check,No,93.12,2748.05,No
104479,Female,53.0,72,Two year,DSL,Electronic check,Yes,40.38,2866.5,No
104480,Female,45.0,57,Month-to-month,Fiber optic,Mailed check,Yes,62.06,3563.74,No
104481,Male,52.0,41,One year,No,Electronic check,No,24.25,952.03,No
104482,Male,22.0,22,One year,Fiber optic,Electronic check,Yes,98.2,2095.4,No
104483,Female,37.0,55,Month-to-month,DSL,Credit card,Yes,120.05,6509.53,No
104484,Male,38.0,42,Month-to-month,No,Electronic check,No,76.47,3123.2,No
104485,Male,36.0,38,Month-to-month,Fiber optic,Bank transfer,Yes,90.69,3388.65,No
104486,Male,45.0,67,Month-to-month,DSL,Mailed check,Yes,58.71,3878.05,No
104487,Female,47.0,28,Two year,DSL,Bank transfer,No,66.59,1874.17,No
104488,Male,44.0,46,Month-to-month,DSL,Mailed check,Yes,103.87,4708.16,No
104489,Female,37.0,4,Month-to-month,Fiber optic,Credit card,Yes,86.27,389.33,Yes
104490,Male,29.0,52,Month-to-month,DSL,Mailed check,Yes,87.98,4752.06,No
104491,Male,53.0,40,Month-to-month,DSL,Mailed check,No,104.52,4293.26,Yes
104492,Male,44.0,64,Two year,Fiber optic,Electronic check,Yes,111.51,7041.15,No
104493,Female,26.0,24,Month-to-month,No,Mailed check,Yes,72.81,1720.52,No
104494,Male,36.0,67,One year,Fiber optic,Electronic check,Yes,86.65,5691.19,No
104495,Male,18.0,42,Month-to-month,Fiber optic,Mailed check,Yes,74.34,3139.84,No
104496,Female,39.0,15,Month-to-month,Fiber optic,Mailed check,No,96.47,1469.82,Yes
104497,Male,36.0,12,Month-to-month,DSL,Bank transfer,Yes,61.67,755.7,No
104498,Male,32.0,15,Two year,No,Mailed check,Yes,80.75,1116.81,No
104499,Male,,22,Month-to-month,DSL,Bank transfer,Yes,97.96,2096.66,Yes
104500,Male,24.0,40,One year,DSL,Electronic check,No,29.85,1280.02,No
104501,Female,48.0,63,Month-to-month,Fiber optic,Bank transfer,Yes,37.56,2402.0,No
104502,Female,67.0,72,One year,DSL,Credit card,Yes,70.88,5025.23,No
104503,Female,53.0,49,One year,DSL,Mailed check,Yes,88.72,4231.73,No
104504,Female,,36,One year,Fiber optic,Electronic check,No,91.17,3275.57,Yes
104505,Male,24.0,45,Month-to-month,Fiber optic,Bank transfer,Yes,53.73,2406.82,No
104506,Male,21.0,24,Month-to-month,DSL,Electronic check,Yes,94.49,2152.0,No
104507,Male,34.0,18,Two year,Fiber optic,Mailed check,Yes,131.71,2343.04,Yes
104508,Female,30.0,39,One year,Fiber optic,Electronic check,Yes,62.28,2385.31,No
104509,Male,30.0,60,Month-to-month,No,Mailed check,Yes,53.87,3179.34,No
104510,Female,35.0,5,Month-to-month,DSL,Credit card,Yes,72.64,324.68,No
104511,Male,38.0,8,Month-to-month,No,Electronic check,Yes,68.86,575.57,Yes
104512,Female,45.0,13,Month-to-month,Fiber optic,Mailed check,Yes,114.08,1491.1,Yes
104513,Male,23.0,16,Month-to-month,Fiber optic,Electronic check,No,91.09,1570.41,Yes
104514,Female,30.0,11,Month-to-month,DSL,Electronic check,Yes,64.71,729.61,No
104515,Female,37.0,10,Month-to-month,Fiber optic,Bank transfer,Yes,69.26,765.03,No
104516,Female,36.0,3,One year,DSL,Bank transfer,Yes,33.81,20.0,No
104517,Male,63.0,26,Two year,Fiber optic,Credit card,No,118.24,3087.9,No
104518,Male,42.0,52,One year,Fiber optic,Electronic check,No,99.69,5150.36,No
104519,Female,18.0,12,Month-to-month,DSL,Electronic check,No,69.74,902.03,No
104520,Male,44.0,24,One year,DSL,Mailed check,No,74.72,1816.15,No
104521,Female,46.0,71,Month-to-month,No,Mailed check,Yes,69.31,5062.77,No
104522,Female,37.0,13,One year,Fiber optic,Bank transfer,Yes,39.86,434.31,No
104523,Female,23.0,72,Month-to-month,Fiber optic,Bank transfer,Yes,48.47,3425.82,No
104524,Female,62.0,37,Month-to-month,No,Credit card,Yes,66.89,2505.64,Yes
104525,Female,25.0,53,One year,DSL,Electronic check,No,66.47,3511.23,No
104526,Male,48.0,24,Month-to-month,Fiber optic,Credit card,Yes,83.7,1923.88,No
104527,Male,42.0,24,One year,Fiber optic,Credit card,Yes,126.44,3068.15,No
104528,Male,47.0,29,One year,DSL,Electronic check,Yes,64.84,1835.79,No
104529,Male,61.0,10,Month-to-month,DSL,Electronic check,No,52.93,569.85,No
104530,Female,46.0,23,Month-to-month,No,Bank transfer,No,73.33,1533.6,Yes
104531,Male,32.0,65,One year,DSL,Mailed check,No,37.08,2383.79,No
104532,Male,53.0,1,One year,DSL,Electronic check,Yes,75.89,90.01,No
104533,Female,31.0,42,Two year,Fiber optic,Electronic check,No,65.88,2782.2,No
104534,Female,41.0,50,Month-to-month,Fiber optic,Mailed check,No,89.63,4544.41,No
104535,Male,22.0,11,Two year,Fiber optic,Credit card,Yes,79.49,852.39,No
104536,Female,26.0,8,Month-to-month,DSL,Credit card,Yes,68.46,587.97,No
104537,Male,40.0,40,Month-to-month,Fiber optic,Credit card,Yes,99.66,3980.15,No
104538,Female,44.0,16,One year,Fiber optic,Mailed check,No,102.36,1703.76,Yes
104539,Female,18.0,71,Month-to-month,Fiber optic,Bank transfer,No,134.83,9434.53,Yes
104540,Female,45.0,14,Month-to-month,No,Electronic check,Yes,89.36,1016.65,No
104541,Female,28.0,10,Month-to-month,DSL,Mailed check,Yes,65.88,771.63,No
104542,Female,56.0,24,Two year,Fiber optic,Credit card,Yes,68.18,1585.15,No
104543,Female,34.0,24,Two year,Fiber optic,Credit card,No,92.67,2070.78,No
104544,Female,24.0,12,Two year,Fiber optic,Bank transfer,Yes,120.54,1432.01,No
104545,Male,40.0,48,Month-to-month,Fiber optic,Electronic check,No,105.41,5013.01,Yes
104546,Female,27.0,25,Month-to-month,DSL,Electronic check,Yes,54.19,1387.97,Yes
104547,Female,55.0,38,One year,Fiber optic,Bank transfer,Yes,95.31,3666.08,No
104548,Female,39.0,18,Month-to-month,Fiber optic,Electronic check,Yes,89.55,1574.33,Yes
104549,Female,37.0,7,Month-to-month,Fiber optic,Electronic check,Yes,,855.22,No
104550,Female,47.0,5,Month-to-month,DSL,Credit card,Yes,79.54,288.72,Yes
104551,Male,26.0,4,One year,DSL,Electronic check,Yes,78.6,102.85,No
104552,Male,22.0,63,One year,DSL,Mailed check,Yes,42.47,2688.9,No
104553,Male,44.0,20,Month-to-month,DSL,Electronic check,Yes,91.8,1812.78,Yes
104554,Female,25.0,23,Month-to-month,DSL,Electronic check,Yes,37.24,686.01,Yes
104555,Female,25.0,42,One year,DSL,Electronic check,No,74.24,3172.92,No
104556,Male,50.0,7,One year,DSL,Electronic check,Yes,58.23,254.76,No
104557,Male,46.0,44,Month-to-month,DSL,Mailed check,No,56.76,2487.32,No
104558,Female,23.0,38,Month-to-month,No,Mailed check,Yes,86.56,3358.3,No
104559,Female,31.0,57,Two year,Fiber optic,Mailed check,Yes,83.92,4806.55,No
104560,Female,27.0,9,One year,Fiber optic,Credit card,Yes,32.0,306.04,No
104561,Male,62.0,2,One year,Fiber optic,Mailed check,Yes,79.05,115.42,Yes
104562,Male,51.0,56,One year,Fiber optic,Bank transfer,No,74.29,4175.4,Yes
104563,Male,34.0,27,Two year,DSL,Bank transfer,No,103.44,2838.65,No
104564,Male,46.0,5,Month-to-month,Fiber optic,Mailed check,Yes,52.94,206.69,No
104565,Female,21.0,41,Month-to-month,DSL,Electronic check,Yes,119.92,4814.94,No
104566,Male,30.0,34,Month-to-month,Fiber optic,Credit card,No,105.42,3655.23,No
104567,Female,40.0,69,One year,DSL,Mailed check,No,65.05,4655.1,No
104568,Female,45.0,68,Month-to-month,Fiber optic,Mailed check,Yes,73.53,5134.56,No
104569,Male,38.0,39,Month-to-month,DSL,Mailed check,Yes,56.04,1949.18,No
104570,Male,42.0,12,Month-to-month,DSL,Credit card,Yes,79.98,1072.39,Yes
104571,Female,40.0,54,One year,Fiber optic,Mailed check,No,64.3,3415.11,No
104572,Male,37.0,15,One year,DSL,Mailed check,Yes,,1198.11,No
104573,Male,35.0,61,Month-to-month,Fiber optic,Mailed check,Yes,56.84,3373.77,No
104574,Female,33.0,44,Month-to-month,DSL,Bank transfer,No,89.82,3850.54,No
104575,Female,42.0,26,One year,Fiber optic,Electronic check,Yes,88.24,2289.73,No
104576,Female,44.0,71,Month-to-month,Fiber optic,Credit card,Yes,72.3,5097.15,Yes
104577,Male,42.0,38,One year,Fiber optic,Credit card,Yes,,2930.8,Yes
104578,Male,24.0,28,Month-to-month,Fiber optic,Electronic check,No,66.68,1951.92,Yes
104579,Male,26.0,14,Two year,No,Electronic check,No,79.83,1228.91,No
104580,Male,44.0,47,Month-to-month,DSL,Credit card,Yes,40.62,1824.19,No
104581,Male,58.0,20,One year,Fiber optic,Electronic check,No,106.55,2278.63,No
104582,Female,41.0,11,Month-to-month,Fiber optic,Electronic check,Yes,88.33,860.87,Yes
104583,Male,34.0,9,Month-to-month,Fiber optic,Electronic check,Yes,72.78,600.62,No
104584,Female,42.0,47,One year,Fiber optic,Electronic check,Yes,98.69,4866.44,Yes
104585,Female,24.0,67,Month-to-month,No,Mailed check,No,81.72,5508.51,Yes
104586,Female,56.0,19,One year,Fiber optic,Bank transfer,Yes,57.86,1040.21,No
104587,Male,41.0,16,One year,DSL,Bank transfer,Yes,104.68,1698.63,No
104588,Male,30.0,45,One year,Fiber optic,,Yes,32.0,1503.5,No
104589,Female,37.0,11,Two year,DSL,Mailed check,No,99.24,1122.0,No
104590,Male,32.0,7,Month-to-month,Fiber optic,Electronic check,Yes,79.92,674.68,Yes
104591,Female,56.0,46,Two year,Fiber optic,Bank transfer,No,108.76,4925.09,No
104592,Male,36.0,38,Month-to-month,DSL,Mailed check,No,108.01,4045.54,No
104593,Male,41.0,3,Month-to-month,DSL,Credit card,No,61.31,103.81,No
104594,Female,46.0,18,One year,No,Credit card,No,62.49,1050.06,No
104595,Female,29.0,15,Month-to-month,DSL,Bank transfer,Yes,79.87,1201.87,No
104596,Male,42.0,50,Month-to-month,DSL,Mailed check,No,43.66,2087.26,Yes
104597,Female,43.0,48,Month-to-month,DSL,Mailed check,Yes,63.71,3084.24,No
104598,Male,19.0,54,Month-to-month,Fiber optic,Mailed check,Yes,73.59,4030.81,No
104599,Female,42.0,8,One year,DSL,Bank transfer,Yes,42.35,228.76,No
104600,Female,38.0,62,Month-to-month,Fiber optic,Credit card,Yes,72.27,4424.04,No
104601,Female,41.0,16,Month-to-month,DSL,Credit card,Yes,90.83,1407.34,No
104602,Female,39.0,72,Month-to-month,DSL,Mailed check,Yes,89.02,6389.7,No
104603,Male,42.0,63,Month-to-month,DSL,Bank transfer,Yes,67.57,4242.09,No
104604,Female,56.0,34,Month-to-month,DSL,Mailed check,No,73.56,2582.52,No
104605,Male,24.0,57,Month-to-month,Fiber optic,Electronic check,Yes,76.4,4442.97,No
104606,Male,35.0,49,Two year,DSL,Bank transfer,Yes,27.97,1297.77,No
104607,Male,48.0,56,One year,Fiber optic,Credit card,Yes,58.58,3342.73,No
104608,Male,45.0,2,Month-to-month,Fiber optic,Credit card,Yes,107.97,339.68,Yes
104609,Female,45.0,7,Month-to-month,DSL,Credit card,No,101.93,822.37,Yes
104610,Male,75.0,66,Month-to-month,DSL,Mailed check,Yes,50.54,3354.08,No
104611,Male,47.0,57,Month-to-month,Fiber optic,Bank transfer,No,111.98,6377.97,No
104612,Male,54.0,45,Month-to-month,Fiber optic,Bank transfer,Yes,53.98,2302.77,No
104613,Female,35.0,23,Two year,Fiber optic,Mailed check,No,71.07,1597.43,No
104614,Female,26.0,31,One year,Fiber optic,Electronic check,No,81.03,2377.47,No
104615,Female,35.0,29,Month-to-month,DSL,Mailed check,Yes,65.17,1992.54,No
104616,Male,48.0,32,Month-to-month,Fiber optic,Electronic check,No,66.7,2110.66,No
104617,Male,44.0,46,One year,Fiber optic,Bank transfer,Yes,87.17,4002.04,No
104618,Female,44.0,55,Two year,DSL,Credit card,No,91.41,4971.98,No
104619,Female,36.0,28,Month-to-month,Fiber optic,Bank transfer,Yes,47.66,1207.55,No
104620,Female,34.0,61,Two year,Fiber optic,Electronic check,Yes,87.16,5380.89,No
104621,Female,37.0,7,Month-to-month,Fiber optic,Mailed check,Yes,108.12,802.02,No
104622,Female,48.0,59,One year,Fiber optic,Mailed check,Yes,73.68,4431.14,No
104623,Female,50.0,49,Month-to-month,DSL,Bank transfer,No,58.33,2700.47,No
104624,Male,26.0,37,One year,Fiber optic,Electronic check,No,62.73,2439.7,No
104625,Male,49.0,28,Month-to-month,Fiber optic,Mailed check,Yes,134.01,3740.97,No
104626,Male,31.0,27,Month-to-month,Fiber optic,Credit card,Yes,121.33,3345.87,No
104627,Male,45.0,26,One year,Fiber optic,Electronic check,No,76.63,1755.18,No
104628,Male,37.0,69,One year,Fiber optic,Bank transfer,No,113.51,7869.11,No
104629,Female,59.0,2,One year,Fiber optic,Credit card,No,70.85,135.08,Yes
104630,Male,34.0,46,Month-to-month,DSL,Bank transfer,Yes,68.11,3113.2,No
104631,Male,41.0,72,One year,Fiber optic,Credit card,Yes,57.5,4131.15,No
104632,Male,47.0,40,Month-to-month,Fiber optic,Bank transfer,Yes,37.92,1463.15,No
104633,Male,28.0,47,One year,DSL,Mailed check,No,57.5,2575.39,No
104634,Male,38.0,44,Month-to-month,DSL,Mailed check,Yes,61.37,2586.49,No
104635,Male,36.0,37,Month-to-month,DSL,Electronic check,Yes,82.66,3060.83,Yes
104636,Female,32.0,46,Month-to-month,Fiber optic,Electronic check,Yes,100.37,4735.05,No
104637,Female,33.0,66,Two year,DSL,Bank transfer,Yes,68.93,4649.0,No
104638,Male,53.0,52,One year,No,Electronic check,Yes,47.22,2476.17,No
104639,Female,31.0,62,Month-to-month,No,Electronic check,No,55.55,3400.12,No
104640,Female,46.0,40,One year,No,Credit card,No,111.78,4656.88,No
104641,Female,43.0,56,Month-to-month,DSL,Electronic check,Yes,87.73,4974.16,No
104642,Male,21.0,64,Month-to-month,Fiber optic,Electronic check,Yes,119.57,7706.0,No
104643,Female,46.0,16,Month-to-month,No,Bank transfer,Yes,116.42,1742.8,Yes
104644,Male,21.0,62,One year,Fiber optic,Electronic check,No,67.56,4211.72,No
104645,Male,47.0,50,Two year,DSL,Mailed check,No,92.5,4513.59,No
104646,Male,32.0,32,Two year,No,Electronic check,Yes,49.45,1769.75,No
104647,Female,39.0,56,Month-to-month,Fiber optic,Bank transfer,Yes,109.83,6074.79,Yes
104648,Male,22.0,13,Month-to-month,Fiber optic,Bank transfer,No,104.7,1306.49,No
104649,Male,41.0,51,Two year,No,Bank transfer,Yes,20.0,961.57,No
104650,Male,51.0,42,Month-to-month,No,Electronic check,Yes,82.07,3413.63,No
104651,Male,29.0,64,One year,Fiber optic,Bank transfer,Yes,62.59,4066.1,No
104652,Female,31.0,45,Two year,DSL,Electronic check,Yes,63.49,2857.32,No
104653,Male,45.0,38,Month-to-month,Fiber optic,Mailed check,Yes,67.51,2569.19,No
104654,Male,45.0,38,Month-to-month,Fiber optic,Electronic check,Yes,106.7,4119.32,No
104655,Male,18.0,40,Two year,Fiber optic,Electronic check,No,66.91,2539.84,No
104656,Male,65.0,65,One year,Fiber optic,Electronic check,Yes,52.02,3448.63,No
104657,Male,46.0,57,Two year,Fiber optic,Electronic check,Yes,63.81,3649.29,No
104658,Female,48.0,7,One year,Fiber optic,Electronic check,Yes,78.64,487.23,Yes
104659,Male,37.0,39,Month-to-month,No,Electronic check,Yes,82.26,3220.0,No
104660,Male,18.0,21,One year,No,Credit card,Yes,101.9,2150.1,No
104661,Female,48.0,12,One year,Fiber optic,Mailed check,Yes,96.84,925.93,No
104662,Female,32.0,63,Two year,Fiber optic,Bank transfer,No,98.59,6334.9,No
104663,Male,46.0,62,Month-to-month,Fiber optic,Electronic check,Yes,102.46,6461.31,Yes
104664,Male,36.0,68,Month-to-month,Fiber optic,Electronic check,Yes,104.43,6983.69,No
104665,Male,42.0,29,Month-to-month,DSL,Credit card,No,97.83,2769.05,No
104666,Female,29.0,31,Month-to-month,Fiber optic,Electronic check,Yes,146.63,4667.36,Yes
104667,Male,50.0,57,Two year,Fiber optic,Credit card,Yes,104.02,5988.94,No
104668,Male,24.0,14,Two year,Fiber optic,Bank transfer,Yes,91.16,1311.23,No
104669,Female,68.0,4,Month-to-month,No,Mailed check,Yes,60.37,280.71,No
104670,Male,68.0,31,Two year,No,Bank transfer,Yes,79.75,2505.91,No
104671,Male,60.0,46,Month-to-month,Fiber optic,Bank transfer,No,112.85,5095.27,No
104672,Female,56.0,33,Two year,No,Credit card,Yes,41.54,1320.0,No
104673,Male,38.0,16,One year,Fiber optic,Mailed check,Yes,115.46,1937.12,Yes
104674,Female,54.0,38,One year,No,Electronic check,No,61.33,2389.6,No
104675,Female,38.0,68,One year,No,Mailed check,Yes,66.2,4527.16,No
104676,Male,19.0,20,One year,Fiber optic,Electronic check,Yes,97.04,1882.49,Yes
104677,Female,59.0,29,Two year,DSL,Electronic check,Yes,58.83,1795.1,No
104678,Female,54.0,23,Month-to-month,DSL,Bank transfer,Yes,83.47,1832.81,No
104679,Female,39.0,22,Two year,Fiber optic,Electronic check,Yes,55.2,1347.68,Yes
104680,Male,23.0,48,Month-to-month,Fiber optic,Credit card,Yes,105.9,5017.92,No
104681,Male,31.0,27,Month-to-month,Fiber optic,Credit card,Yes,88.9,2321.86,Yes
104682,Male,18.0,45,One year,Fiber optic,Electronic check,Yes,83.91,3778.67,No
104683,Female,51.0,2,One year,Fiber optic,Electronic check,No,90.87,200.88,Yes
104684,Male,18.0,48,Two year,DSL,Mailed check,Yes,71.5,3440.73,No
104685,Female,43.0,8,Month-to-month,DSL,Electronic check,Yes,83.04,545.27,Yes
104686,Female,28.0,28,Month-to-month,Fiber optic,Electronic check,Yes,78.82,2244.9,No
104687,Female,20.0,63,Month-to-month,DSL,Credit card,Yes,64.73,4166.13,No
104688,Male,42.0,25,Two year,No,Electronic check,Yes,27.8,687.7,No
104689,Male,35.0,51,Two year,No,Electronic check,Yes,106.12,5272.97,No
104690,Female,50.0,26,Two year,Fiber optic,Mailed check,Yes,54.92,1408.9,No
104691,Male,23.0,65,Month-to-month,Fiber optic,Electronic check,No,124.39,7983.39,No
104692,Male,29.0,69,Two year,No,Credit card,No,65.94,4376.01,No
104693,Female,18.0,66,Month-to-month,No,Credit card,Yes,102.44,6711.7,Yes
104694,Female,18.0,29,Two year,Fiber optic,Mailed check,No,110.06,3337.91,No
104695,Female,62.0,23,One year,No,Electronic check,Yes,96.06,2201.95,No
104696,Female,66.0,44,Month-to-month,Fiber optic,Credit card,No,85.16,3722.47,Yes
104697,Male,40.0,59,One year,DSL,Bank transfer,Yes,42.13,2549.57,No
104698,Male,28.0,38,One year,Fiber optic,Mailed check,Yes,79.45,3074.1,No
104699,Male,35.0,54,Month-to-month,Fiber optic,Mailed check,Yes,76.14,3979.64,No
104700,Male,50.0,64,Month-to-month,No,Mailed check,No,69.45,4613.02,No
104701,Female,32.0,55,One year,DSL,Electronic check,Yes,41.31,2289.85,No
104702,Male,42.0,27,Two year,Fiber optic,Mailed check,Yes,76.84,2156.28,No
104703,Female,39.0,18,One year,Fiber optic,Bank transfer,Yes,32.0,522.45,Yes
104704,Female,32.0,32,Month-to-month,No,Mailed check,Yes,64.49,1887.71,No
104705,Female,32.0,42,One year,Fiber optic,Bank transfer,Yes,87.14,3649.36,No
104706,Male,43.0,61,Month-to-month,DSL,Bank transfer,Yes,52.45,3100.24,No
104707,Male,26.0,22,Month-to-month,No,Bank transfer,Yes,65.25,1540.9,No
104708,Female,45.0,12,Month-to-month,Fiber optic,Mailed check,Yes,88.06,929.19,No
104709,Female,33.0,23,Month-to-month,No,Electronic check,Yes,97.32,2240.75,No
104710,Male,41.0,43,Month-to-month,No,Bank transfer,Yes,98.37,4283.86,No
104711,Male,57.0,17,Month-to-month,DSL,Credit card,Yes,79.63,1391.97,No
104712,Female,37.0,29,Month-to-month,No,Electronic check,Yes,71.27,2021.74,No
104713,Female,51.0,19,One year,Fiber optic,Credit card,No,92.88,1604.51,No
104714,Male,18.0,71,Month-to-month,No,Credit card,Yes,117.0,8171.37,No
104715,Male,33.0,37,Month-to-month,DSL,Bank transfer,No,84.54,3059.83,No
104716,Female,39.0,52,Month-to-month,Fiber optic,Electronic check,Yes,90.52,4580.13,No
104717,Female,64.0,38,One year,DSL,Bank transfer,Yes,98.82,3748.37,No
104718,Female,18.0,1,Two year,DSL,Electronic check,Yes,73.2,20.0,No
104719,Male,38.0,20,Month-to-month,No,Electronic check,Yes,50.67,897.05,No
104720,Male,58.0,61,One year,DSL,Electronic check,No,83.48,4964.24,No
104721,Female,29.0,37,Two year,DSL,Bank transfer,Yes,76.26,2678.35,Yes
104722,Female,36.0,51,One year,No,Mailed check,Yes,66.54,3388.46,No
104723,Female,43.0,55,Month-to-month,Fiber optic,Mailed check,No,97.59,5301.4,No
104724,Male,41.0,41,Month-to-month,Fiber optic,Mailed check,No,38.69,1588.61,No
104725,Male,59.0,42,Month-to-month,No,Mailed check,Yes,58.48,2449.2,No
104726,Male,45.0,18,Month-to-month,Fiber optic,Mailed check,Yes,62.03,1098.24,Yes
104727,Male,56.0,18,Month-to-month,DSL,Mailed check,No,52.63,1005.6,No
104728,Female,34.0,11,Two year,Fiber optic,Electronic check,Yes,80.15,749.05,No
104729,Male,29.0,22,Month-to-month,Fiber optic,Mailed check,Yes,61.25,1406.24,No
104730,Female,36.0,46,Month-to-month,DSL,Electronic check,No,113.92,5275.65,Yes
104731,Female,24.0,67,Two year,Fiber optic,Bank transfer,No,95.29,6366.63,No
104732,Female,45.0,32,One year,Fiber optic,Mailed check,No,64.14,1979.76,No
104733,Female,34.0,44,Month-to-month,DSL,Bank transfer,Yes,28.49,1257.12,No
104734,Male,30.0,63,Two year,DSL,Mailed check,No,57.41,3657.2,No
104735,Female,45.0,49,Month-to-month,No,Electronic check,Yes,63.76,2998.23,Yes
104736,Male,24.0,19,Month-to-month,DSL,Electronic check,No,56.13,1121.36,No
104737,Male,49.0,21,Month-to-month,DSL,Electronic check,No,135.56,3003.25,No
104738,Male,33.0,46,Month-to-month,No,Mailed check,Yes,30.65,1404.05,No
104739,Male,54.0,21,Two year,Fiber optic,Bank transfer,Yes,85.28,1908.17,No
104740,Female,34.0,18,Month-to-month,No,Electronic check,No,68.75,1280.25,No
104741,Male,47.0,43,Two year,No,Mailed check,Yes,65.77,2851.82,No
104742,Male,41.0,46,Month-to-month,Fiber optic,Electronic check,No,35.52,1570.86,No
104743,Male,49.0,19,Two year,Fiber optic,Mailed check,No,82.93,1544.98,No
104744,Male,40.0,4,Month-to-month,DSL,Mailed check,No,76.51,217.77,No
104745,Female,18.0,56,Two year,DSL,Electronic check,Yes,89.74,5110.33,No
104746,Male,52.0,29,Month-to-month,DSL,Electronic check,No,84.08,2371.31,No
104747,Female,38.0,46,Two year,Fiber optic,Bank transfer,No,114.46,5423.74,No
104748,Male,49.0,13,Two year,Fiber optic,Mailed check,Yes,32.84,466.37,No
104749,Female,48.0,23,One year,Fiber optic,Electronic check,Yes,78.13,1832.45,Yes
104750,Male,29.0,44,Month-to-month,DSL,Bank transfer,No,134.61,5803.72,No
104751,Male,27.0,9,One year,Fiber optic,Electronic check,Yes,110.5,,No
104752,Male,48.0,23,One year,DSL,Credit card,Yes,35.66,800.35,No
104753,Female,35.0,52,Month-to-month,DSL,Bank transfer,Yes,74.2,3807.63,No
104754,Female,51.0,56,One year,Fiber optic,Mailed check,Yes,57.81,3178.33,No
104755,Male,37.0,26,Two year,Fiber optic,Mailed check,Yes,73.21,1791.75,No
104756,Female,52.0,9,Two year,Fiber optic,Mailed check,Yes,133.99,1206.8,Yes
104757,Female,45.0,2,Month-to-month,Fiber optic,Bank transfer,Yes,107.96,200.89,Yes
104758,Male,43.0,41,Month-to-month,Fiber optic,Electronic check,No,46.0,1767.78,No
104759,Male,34.0,50,Month-to-month,No,Bank transfer,Yes,52.87,2689.83,No
104760,Female,42.0,43,One year,Fiber optic,Electronic check,Yes,84.02,3804.42,No
104761,Female,55.0,30,Two year,Fiber optic,Bank transfer,Yes,77.39,2193.54,No
104762,Female,38.0,2,Month-to-month,DSL,Credit card,Yes,79.83,149.47,Yes
104763,Male,46.0,17,Month-to-month,Fiber optic,Electronic check,Yes,64.64,,No
104764,Male,40.0,3,Month-to-month,Fiber optic,Mailed check,No,74.84,154.56,Yes
104765,Male,41.0,34,Month-to-month,DSL,Mailed check,No,52.35,1819.47,No
104766,Male,61.0,23,Two year,Fiber optic,Mailed check,Yes,74.81,1755.96,Yes
104767,Female,55.0,6,One year,Fiber optic,Electronic check,Yes,101.6,668.84,Yes
104768,Male,40.0,44,Month-to-month,DSL,Mailed check,No,79.42,3659.42,No
104769,Male,42.0,27,Month-to-month,No,Bank transfer,No,54.47,1309.6,No
104770,Male,30.0,70,Month-to-month,DSL,Credit card,No,100.31,7038.88,No
104771,Male,37.0,31,One year,No,Bank transfer,No,98.59,3011.2,No
104772,Female,43.0,7,One year,Fiber optic,Bank transfer,Yes,83.97,584.21,Yes
104773,Male,50.0,51,Month-to-month,DSL,Electronic check,No,65.55,3347.1,No
104774,Female,49.0,51,Month-to-month,DSL,Electronic check,Yes,116.06,5892.59,Yes
104775,Male,25.0,67,Two year,Fiber optic,Bank transfer,Yes,124.17,8221.53,Yes
104776,Male,52.0,50,Two year,Fiber optic,Bank transfer,Yes,46.13,2214.77,No
104777,Male,38.0,27,One year,Fiber optic,Credit card,Yes,113.86,3265.53,No
104778,Female,26.0,49,Month-to-month,Fiber optic,Mailed check,Yes,127.09,6103.07,No
104779,Male,56.0,58,Two year,DSL,Electronic check,Yes,88.42,,No
104780,Male,58.0,38,One year,Fiber optic,Electronic check,Yes,72.33,2655.39,No
104781,Female,42.0,58,Two year,No,Mailed check,Yes,63.36,3683.46,No
104782,Female,48.0,70,Month-to-month,Fiber optic,Electronic check,Yes,126.77,9051.04,No
104783,Male,49.0,55,Month-to-month,No,Electronic check,Yes,92.89,5180.49,Yes
104784,Female,57.0,37,Month-to-month,Fiber optic,Electronic check,Yes,97.68,3484.73,Yes
104785,Female,48.0,36,Two year,Fiber optic,Mailed check,Yes,142.32,5093.19,No
104786,Male,22.0,61,One year,Fiber optic,Electronic check,Yes,58.81,3585.08,No
104787,Female,65.0,63,Month-to-month,DSL,Credit card,No,69.73,4485.74,No
104788,Male,53.0,19,Two year,DSL,Credit card,Yes,76.75,1462.5,No
104789,Male,32.0,1,Two year,Fiber optic,Electronic check,No,78.71,64.41,No
104790,Female,26.0,59,Month-to-month,No,Bank transfer,No,25.99,1688.21,No
104791,Male,46.0,17,One year,Fiber optic,Mailed check,No,109.1,1996.93,No
104792,Female,35.0,72,One year,DSL,Credit card,Yes,53.22,3894.72,No
104793,Female,43.0,3,Month-to-month,DSL,Bank transfer,No,52.77,101.96,No
104794,Male,49.0,66,One year,Fiber optic,Electronic check,Yes,75.02,4712.71,No
104795,Male,32.0,49,Month-to-month,Fiber optic,Electronic check,No,78.24,3718.64,Yes
104796,Male,24.0,22,Two year,DSL,Credit card,Yes,68.96,1378.18,No
104797,Female,44.0,3,Two year,DSL,Credit card,Yes,96.09,282.76,No
104798,Male,32.0,61,Two year,Fiber optic,Mailed check,Yes,113.22,6990.83,No
104799,Male,41.0,9,One year,DSL,Mailed check,No,65.52,767.5,No
104800,Female,22.0,7,Month-to-month,Fiber optic,Mailed check,No,69.05,597.97,Yes
104801,Female,36.0,57,Month-to-month,Fiber optic,Bank transfer,Yes,80.79,4541.16,No
104802,Female,48.0,49,One year,DSL,Mailed check,Yes,49.66,2456.2,No
104803,Male,47.0,10,Month-to-month,Fiber optic,Electronic check,No,83.29,869.11,No
104804,Female,29.0,25,One year,DSL,,No,48.35,1068.4,No
104805,Female,24.0,48,Month-to-month,Fiber optic,Mailed check,Yes,137.18,6506.01,Yes
104806,Female,39.0,48,Month-to-month,No,Electronic check,No,75.2,3570.83,No
104807,Male,46.0,27,Month-to-month,Fiber optic,Credit card,Yes,70.55,2096.54,Yes
104808,Female,44.0,30,One year,DSL,Credit card,Yes,89.65,2724.28,No
104809,Male,32.0,6,Month-to-month,DSL,Electronic check,Yes,41.2,128.89,No
104810,Female,43.0,1,One year,DSL,Credit card,No,54.21,20.0,No
104811,Male,,70,Month-to-month,No,Bank transfer,Yes,82.59,5821.69,No
104812,Male,42.0,17,One year,Fiber optic,Mailed check,No,87.38,1462.86,No
104813,Female,18.0,67,One year,Fiber optic,Electronic check,Yes,110.22,7352.69,No
104814,Female,42.0,4,One year,DSL,Mailed check,Yes,20.0,145.88,No
104815,Female,66.0,72,Month-to-month,No,Credit card,Yes,92.45,6782.53,Yes
104816,Male,22.0,31,Month-to-month,Fiber optic,Bank transfer,No,70.42,2292.47,No
104817,Female,39.0,59,Month-to-month,DSL,Mailed check,Yes,42.74,2494.64,No
104818,Male,36.0,61,One year,Fiber optic,Electronic check,Yes,40.92,2481.26,No
104819,Female,40.0,26,Month-to-month,Fiber optic,Electronic check,Yes,70.11,1795.04,Yes
104820,Female,42.0,54,Two year,Fiber optic,Mailed check,Yes,123.75,6777.54,No
104821,Female,54.0,25,Two year,Fiber optic,Bank transfer,Yes,108.23,2670.75,No
104822,Female,40.0,57,Month-to-month,DSL,Credit card,Yes,112.86,6259.91,No
104823,Female,56.0,70,Two year,Fiber optic,Mailed check,Yes,81.15,5723.92,No
104824,Female,37.0,59,One year,Fiber optic,Electronic check,Yes,86.67,5161.17,No
104825,Male,34.0,53,Month-to-month,Fiber optic,Electronic check,Yes,44.52,2323.08,No
104826,Male,30.0,27,One year,Fiber optic,Electronic check,Yes,44.51,1368.56,No
104827,Male,18.0,8,Two year,DSL,Electronic check,Yes,68.34,497.92,No
104828,Female,43.0,37,Month-to-month,Fiber optic,Electronic check,Yes,49.6,1962.79,No
104829,Female,66.0,10,Month-to-month,Fiber optic,Bank transfer,Yes,62.57,505.19,No
104830,Male,45.0,37,One year,Fiber optic,Mailed check,Yes,85.08,3172.83,Yes
104831,Male,48.0,63,Month-to-month,No,Credit card,No,103.81,6467.25,No
104832,Male,34.0,9,One year,Fiber optic,Credit card,No,84.25,751.67,No
104833,Male,36.0,65,One year,Fiber optic,Electronic check,Yes,49.99,3317.89,No
104834,Male,52.0,44,One year,Fiber optic,Bank transfer,Yes,38.45,1640.53,Yes
104835,Female,65.0,4,Month-to-month,DSL,Electronic check,Yes,75.0,237.19,Yes
104836,Female,58.0,52,Month-to-month,No,Electronic check,Yes,56.27,2906.01,No
104837,Male,49.0,1,Two year,Fiber optic,Electronic check,Yes,86.9,425.27,No
104838,Male,39.0,44,Month-to-month,No,Electronic check,No,66.9,2961.8,No
104839,Female,42.0,37,Month-to-month,Fiber optic,Bank transfer,Yes,82.24,3055.76,No
104840,Female,29.0,54,Month-to-month,Fiber optic,Bank transfer,No,114.04,6197.3,No
104841,Female,20.0,28,Month-to-month,DSL,Bank transfer,Yes,98.34,2599.07,No
104842,Male,24.0,9,Month-to-month,Fiber optic,Mailed check,Yes,93.22,921.86,No
104843,Male,40.0,28,Month-to-month,Fiber optic,Bank transfer,Yes,,1789.38,Yes
104844,Male,35.0,55,One year,No,Bank transfer,Yes,58.22,3041.55,No
104845,Female,20.0,69,One year,No,Credit card,Yes,91.08,6500.92,No
104846,Female,39.0,15,Two year,Fiber optic,Bank transfer,No,116.53,1748.22,Yes
104847,Female,35.0,26,Two year,Fiber optic,Electronic check,Yes,52.16,1255.65,No
104848,Male,24.0,64,Month-to-month,DSL,Mailed check,No,110.19,7080.39,No
104849,Male,34.0,23,Month-to-month,Fiber optic,Mailed check,No,64.51,1401.93,No
104850,Female,35.0,18,Two year,No,Electronic check,No,88.72,1452.03,No
104851,Female,31.0,60,Month-to-month,Fiber optic,Credit card,No,154.03,9217.27,No
104852,Female,51.0,36,Month-to-month,Fiber optic,Credit card,Yes,44.26,1572.88,Yes
104853,Male,18.0,42,Month-to-month,No,Credit card,No,84.63,3412.75,No
104854,Male,18.0,36,One year,DSL,Electronic check,Yes,64.15,2239.17,No
104855,Male,39.0,44,Month-to-month,No,Electronic check,Yes,83.18,3566.94,No
104856,Female,40.0,20,Month-to-month,Fiber optic,Electronic check,Yes,68.53,1338.44,Yes
104857,Female,44.0,53,Month-to-month,DSL,Credit card,No,20.0,1118.29,No
104858,Female,32.0,27,One year,Fiber optic,Bank transfer,No,65.15,1771.77,No
104859,Male,27.0,38,Month-to-month,DSL,Bank transfer,Yes,80.68,3062.9,No
104860,Female,39.0,14,One year,Fiber optic,Credit card,Yes,117.73,1483.96,Yes
104861,Male,33.0,1,Month-to-month,DSL,Electronic check,Yes,82.14,79.61,No
104862,Female,59.0,42,Month-to-month,DSL,Electronic check,No,108.82,4472.53,Yes
104863,Female,35.0,10,Month-to-month,Fiber optic,Bank transfer,Yes,71.66,561.99,Yes
104864,Female,38.0,66,Month-to-month,Fiber optic,Electronic check,Yes,69.63,4674.56,No
104865,Female,71.0,70,Month-to-month,DSL,Mailed check,Yes,80.58,5520.81,No
104866,Female,36.0,23,Two year,No,Mailed check,No,62.62,1448.73,No
104867,Male,46.0,21,Month-to-month,DSL,Mailed check,No,100.06,2057.41,Yes
104868,Male,47.0,37,Two year,Fiber optic,Credit card,Yes,48.86,1722.0,No
104869,Female,49.0,15,Month-to-month,Fiber optic,Electronic check,Yes,105.57,1693.34,Yes
104870,Female,43.0,63,Month-to-month,DSL,Mailed check,No,102.2,6384.56,No
104871,Male,42.0,8,One year,No,Credit card,Yes,81.13,601.11,No
104872,Female,40.0,33,Two year,Fiber optic,Electronic check,Yes,106.82,3458.91,Yes
104873,Male,32.0,14,Month-to-month,DSL,Bank transfer,No,55.77,796.61,No
104874,Female,43.0,60,Month-to-month,Fiber optic,Credit card,Yes,63.21,3778.24,No
104875,Male,65.0,11,One year,Fiber optic,Electronic check,No,92.8,957.64,No
104876,Female,55.0,33,Month-to-month,DSL,Electronic check,Yes,53.94,1696.98,No
104877,Male,43.0,61,One year,DSL,Electronic check,Yes,79.51,4846.39,No
104878,Male,50.0,32,Two year,Fiber optic,Electronic check,No,91.54,2870.74,No
104879,Female,28.0,14,Month-to-month,Fiber optic,Electronic check,No,82.31,,Yes
104880,Female,36.0,12,Two year,DSL,Electronic check,No,79.06,901.44,No
104881,Male,51.0,44,Month-to-month,Fiber optic,Mailed check,No,99.87,4424.36,No
104882,Female,58.0,9,Two year,DSL,Bank transfer,Yes,69.5,617.31,No
104883,Male,29.0,26,Two year,DSL,Electronic check,Yes,60.08,1536.06,No
104884,Male,33.0,45,One year,Fiber optic,Mailed check,No,104.57,4786.59,No
104885,Male,67.0,28,Two year,DSL,Electronic check,No,78.83,2259.46,No
104886,Male,40.0,60,Two year,DSL,Bank transfer,No,83.28,5047.29,No
104887,Female,63.0,50,Month-to-month,DSL,Electronic check,Yes,86.56,4377.49,No
104888,Female,42.0,10,Month-to-month,Fiber optic,Electronic check,Yes,87.71,731.81,Yes
104889,Male,42.0,59,Month-to-month,Fiber optic,Credit card,Yes,75.4,4488.26,Yes
104890,Male,35.0,66,Month-to-month,Fiber optic,Bank transfer,Yes,68.58,4504.01,No
104891,Female,51.0,15,One year,Fiber optic,Bank transfer,Yes,81.79,1180.69,No
104892,Female,57.0,26,Month-to-month,Fiber optic,Bank transfer,No,96.04,2808.47,Yes
104893,Male,26.0,29,One year,DSL,Mailed check,Yes,85.21,2338.46,No
104894,Male,34.0,31,Month-to-month,DSL,Electronic check,Yes,75.6,2335.45,No
104895,Male,51.0,34,Month-to-month,DSL,Mailed check,Yes,80.8,2731.79,Yes
104896,Male,37.0,65,Month-to-month,No,Credit card,Yes,44.38,2877.33,No
104897,Female,33.0,47,Two year,DSL,Credit card,No,60.39,2747.07,No
104898,Female,52.0,65,Month-to-month,DSL,Bank transfer,No,88.77,5790.3,No
104899,Female,53.0,26,Month-to-month,Fiber optic,Electronic check,Yes,63.16,1541.02,Yes
104900,Female,33.0,38,Month-to-month,Fiber optic,Bank transfer,No,87.53,3351.66,No
104901,Male,42.0,8,Two year,Fiber optic,Bank transfer,No,85.29,696.42,No
104902,Female,23.0,20,Month-to-month,Fiber optic,Electronic check,Yes,81.15,1601.02,No
104903,Female,27.0,43,One year,DSL,,Yes,88.97,3819.17,No
104904,Female,41.0,13,Month-to-month,Fiber optic,Electronic check,Yes,89.68,1308.41,Yes
104905,Male,39.0,70,Month-to-month,Fiber optic,Mailed check,Yes,54.06,3836.23,No
104906,Female,26.0,20,One year,No,Bank transfer,Yes,84.9,1713.57,No
104907,Male,30.0,12,One year,Fiber optic,Electronic check,No,71.32,894.05,Yes
104908,Female,25.0,57,One year,Fiber optic,Bank transfer,Yes,49.9,2847.92,No
104909,Female,45.0,7,Month-to-month,DSL,Electronic check,Yes,90.56,683.61,No
104910,Female,18.0,24,Two year,No,Electronic check,Yes,42.35,961.87,No
104911,Female,26.0,15,Month-to-month,Fiber optic,Bank transfer,No,75.13,,No
104912,Female,18.0,51,Two year,DSL,Mailed check,Yes,79.34,4063.25,No
104913,Male,44.0,61,Month-to-month,Fiber optic,Credit card,No,82.17,5266.74,No
104914,Female,18.0,15,Month-to-month,Fiber optic,Bank transfer,Yes,68.39,1225.36,Yes
104915,Female,39.0,30,Month-to-month,DSL,Credit card,Yes,47.16,,No
104916,Male,60.0,35,One year,Fiber optic,Electronic check,Yes,65.0,2296.56,No
104917,Male,61.0,50,One year,Fiber optic,Bank transfer,Yes,57.06,2885.9,No
104918,Male,18.0,26,Month-to-month,DSL,Electronic check,Yes,68.84,1873.88,No
104919,Female,43.0,38,Month-to-month,No,Bank transfer,Yes,58.37,2229.87,No
104920,Female,26.0,37,Month-to-month,No,Mailed check,Yes,37.53,1497.23,No
104921,Female,23.0,1,Month-to-month,DSL,Electronic check,Yes,64.77,20.0,No
104922,Female,38.0,42,Two year,Fiber optic,Mailed check,Yes,67.92,2797.74,No
104923,Female,55.0,41,Month-to-month,No,Bank transfer,Yes,78.7,3209.52,No
104924,Female,47.0,72,Month-to-month,Fiber optic,Electronic check,No,93.05,6639.6,No
104925,Male,30.0,37,Month-to-month,No,Bank transfer,Yes,105.55,3749.47,No
104926,Male,48.0,65,Month-to-month,DSL,Credit card,Yes,88.19,5811.9,No
104927,Male,18.0,26,Two year,Fiber optic,Electronic check,No,56.79,1376.91,No
104928,Female,29.0,51,Month-to-month,Fiber optic,Mailed check,Yes,32.0,1571.31,No
104929,Male,28.0,65,Two year,Fiber optic,Credit card,Yes,46.03,3059.89,No
104930,Male,40.0,12,One year,Fiber optic,Electronic check,Yes,71.44,967.47,Yes
104931,Male,36.0,41,One year,DSL,Electronic check,No,31.8,1252.9,Yes
104932,Female,37.0,67,Month-to-month,DSL,Bank transfer,No,56.6,3698.89,No
104933,Female,37.0,41,One year,DSL,Mailed check,Yes,72.81,2912.02,No
104934,Female,39.0,65,One year,DSL,Bank transfer,Yes,57.92,3865.12,No
104935,Male,46.0,31,Month-to-month,DSL,Bank transfer,Yes,78.97,2553.49,Yes
104936,Female,41.0,64,Two year,Fiber optic,Mailed check,Yes,68.79,4432.85,No
104937,Female,35.0,46,Month-to-month,DSL,Mailed check,No,52.95,2457.93,No
104938,Female,44.0,35,Month-to-month,DSL,Electronic check,Yes,114.7,3895.82,No
104939,Male,50.0,16,Month-to-month,DSL,Mailed check,Yes,71.17,1180.58,Yes
104940,Male,32.0,13,One year,No,Electronic check,Yes,74.8,1043.11,No
104941,Female,38.0,21,Month-to-month,DSL,Credit card,No,93.11,1970.2,Yes
104942,Male,54.0,55,Month-to-month,Fiber optic,Electronic check,Yes,105.93,5844.32,Yes
104943,Female,25.0,34,Month-to-month,DSL,Electronic check,Yes,62.85,2044.04,Yes
104944,Female,62.0,28,Month-to-month,DSL,Bank transfer,Yes,98.15,2853.36,No
104945,Male,22.0,34,Month-to-month,Fiber optic,Electronic check,Yes,72.78,2352.19,Yes
104946,Female,35.0,25,Two year,Fiber optic,Mailed check,Yes,109.41,2733.76,Yes
104947,Male,27.0,59,Month-to-month,Fiber optic,Credit card,No,53.15,3177.03,No
104948,Female,67.0,29,Two year,Fiber optic,Bank transfer,No,76.33,2316.26,No
104949,Male,32.0,34,One year,DSL,Electronic check,Yes,77.56,2731.87,No
104950,Male,32.0,41,One year,DSL,Electronic check,Yes,81.02,3424.35,No
104951,Male,34.0,47,Two year,No,Mailed check,Yes,50.91,2365.58,No
104952,Male,40.0,25,Month-to-month,DSL,Mailed check,No,30.78,978.65,No
104953,Female,35.0,6,One year,Fiber optic,Electronic check,Yes,95.51,670.96,Yes
104954,Male,37.0,50,Month-to-month,Fiber optic,Electronic check,Yes,78.83,3909.75,No
104955,Male,18.0,41,Month-to-month,DSL,Credit card,Yes,62.23,2525.48,No
104956,Male,40.0,47,Month-to-month,DSL,Electronic check,Yes,113.36,5396.36,No
104957,Male,39.0,40,One year,Fiber optic,Bank transfer,Yes,76.67,3024.73,No
104958,Male,53.0,37,Two year,Fiber optic,Electronic check,No,71.08,2514.99,No
104959,Female,56.0,69,Month-to-month,No,Mailed check,No,27.0,1870.43,No
104960,Female,37.0,4,One year,DSL,Mailed check,Yes,44.93,20.0,Yes
104961,Male,50.0,7,Month-to-month,No,Electronic check,Yes,93.9,689.55,No
104962,Female,25.0,68,Month-to-month,DSL,Bank transfer,Yes,53.86,3719.9,No
104963,Female,49.0,64,Month-to-month,DSL,Electronic check,No,87.71,5589.5,No
104964,Male,32.0,30,One year,Fiber optic,Credit card,Yes,51.69,1654.2,No
104965,Female,24.0,39,Month-to-month,No,Bank transfer,No,50.27,2037.21,No
104966,Male,37.0,33,Month-to-month,Fiber optic,Electronic check,No,61.63,1942.09,Yes
104967,Male,57.0,72,Month-to-month,Fiber optic,Mailed check,Yes,95.92,6910.22,No
104968,Male,41.0,33,One year,Fiber optic,Credit card,Yes,78.7,2550.36,No
104969,Male,58.0,55,Two year,No,Mailed check,Yes,44.23,2403.57,No
104970,Female,29.0,27,Month-to-month,Fiber optic,Electronic check,No,101.86,2853.39,No
104971,Female,53.0,28,One year,Fiber optic,Bank transfer,Yes,96.36,2754.37,No
104972,Male,31.0,49,One year,Fiber optic,Electronic check,No,92.51,4468.41,No
104973,Female,42.0,29,Month-to-month,Fiber optic,Bank transfer,No,91.38,2670.2,No
104974,Female,42.0,2,Month-to-month,No,Electronic check,No,50.65,33.29,Yes
104975,Female,48.0,13,Two year,Fiber optic,Bank transfer,Yes,115.46,1457.35,No
104976,Female,42.0,63,Month-to-month,DSL,Mailed check,Yes,69.47,4515.14,No
104977,Female,29.0,27,Month-to-month,No,Electronic check,No,78.7,2354.12,Yes
104978,Male,50.0,8,Two year,Fiber optic,Credit card,Yes,93.57,908.67,No
104979,Female,62.0,68,Two year,Fiber optic,Mailed check,No,60.38,4130.81,No
104980,Female,31.0,72,One year,Fiber optic,Electronic check,Yes,131.41,9478.08,No
104981,Female,18.0,36,Two year,Fiber optic,Bank transfer,Yes,83.32,3091.27,No
104982,Female,45.0,46,Month-to-month,Fiber optic,Mailed check,Yes,84.83,3911.32,No
104983,Male,35.0,55,One year,DSL,Electronic check,Yes,61.69,3264.62,No
104984,Male,37.0,5,Month-to-month,No,Bank transfer,Yes,100.75,667.46,No
104985,Male,46.0,22,Two year,Fiber optic,Credit card,No,113.8,2396.7,Yes
104986,Male,33.0,41,Month-to-month,No,Electronic check,Yes,75.96,3223.07,No
104987,Female,36.0,40,Month-to-month,DSL,Credit card,Yes,35.35,1482.38,No
104988,Female,38.0,24,Month-to-month,No,Bank transfer,No,67.89,1796.74,No
104989,Female,58.0,1,One year,Fiber optic,Electronic check,No,,160.01,Yes
104990,Female,39.0,69,Month-to-month,Fiber optic,Bank transfer,No,72.71,4964.08,Yes
104991,Female,23.0,45,One year,No,Mailed check,Yes,47.42,2231.58,No
104992,Female,23.0,55,Month-to-month,Fiber optic,Bank transfer,Yes,45.14,2450.0,No
104993,Female,41.0,32,Month-to-month,No,Bank transfer,Yes,108.78,3392.99,No
104994,Female,24.0,37,One year,Fiber optic,Electronic check,No,102.54,3629.14,Yes
104995,Female,19.0,33,Month-to-month,DSL,Electronic check,No,72.86,2393.25,No
104996,Male,47.0,31,One year,Fiber optic,Electronic check,Yes,67.76,1948.58,No
104997,Female,48.0,49,Two year,No,Mailed check,Yes,81.0,4098.29,No
104998,Female,34.0,72,One year,Fiber optic,Credit card,No,89.1,6273.82,No
104999,Female,43.0,56,Month-to-month,Fiber optic,Credit card,Yes,73.97,4108.11,No
105000,Male,41.0,49,Month-to-month,DSL,Credit card,Yes,81.74,3974.9,No
105001,Male,47.0,1,Two year,Fiber optic,Mailed check,Yes,96.81,112.26,No
105002,Male,47.0,38,One year,No,Electronic check,No,89.18,3310.78,No
105003,Female,18.0,69,One year,No,Bank transfer,Yes,49.8,3538.33,No
105004,Female,36.0,29,Month-to-month,DSL,Electronic check,Yes,82.78,2415.3,No
105005,Female,46.0,40,One year,DSL,Electronic check,No,101.44,4056.01,No
105006,Female,34.0,24,Month-to-month,DSL,Electronic check,Yes,79.41,1847.31,Yes
105007,Male,39.0,14,One year,DSL,Credit card,Yes,127.21,1830.41,No
105008,Female,49.0,51,Two year,No,Bank transfer,Yes,67.49,3567.75,No
105009,Female,40.0,23,Two year,Fiber optic,Electronic check,No,41.06,1186.93,No
105010,Male,59.0,43,Month-to-month,DSL,Credit card,Yes,50.78,2098.84,No
105011,Female,54.0,43,Two year,Fiber optic,Bank transfer,Yes,67.27,2880.33,No
105012,Male,37.0,62,Month-to-month,Fiber optic,Bank transfer,No,97.96,5901.88,No
105013,Female,36.0,68,Month-to-month,Fiber optic,Electronic check,Yes,104.8,7187.59,No
105014,Female,18.0,40,One year,No,Electronic check,Yes,75.4,2893.13,Yes
105015,Female,35.0,4,Month-to-month,Fiber optic,Electronic check,Yes,91.31,390.03,No
105016,Female,21.0,42,Month-to-month,DSL,Bank transfer,Yes,119.88,5146.1,No
105017,Male,42.0,64,One year,No,Mailed check,Yes,51.22,3241.0,No
105018,Female,41.0,35,One year,DSL,Electronic check,Yes,70.18,2372.41,Yes
105019,Female,48.0,41,One year,No,Electronic check,No,60.69,2606.92,No
105020,Female,57.0,55,Month-to-month,Fiber optic,Mailed check,Yes,54.65,3069.71,No
105021,Female,39.0,32,One year,No,Credit card,Yes,21.38,582.48,Yes
105022,Male,69.0,30,Month-to-month,DSL,Electronic check,Yes,104.41,3144.88,Yes
105023,Female,42.0,35,Month-to-month,Fiber optic,Bank transfer,No,64.9,2194.67,Yes
105024,Male,22.0,62,Month-to-month,No,Credit card,No,65.74,4171.33,No
105025,Female,32.0,36,One year,No,Bank transfer,No,82.76,2990.43,No
105026,Male,34.0,24,Month-to-month,No,Mailed check,Yes,42.25,1151.49,No
105027,Male,47.0,43,Month-to-month,DSL,Bank transfer,Yes,51.14,2115.18,No
105028,Male,27.0,50,Two year,Fiber optic,Credit card,No,83.46,4193.44,No
105029,Female,35.0,66,Two year,Fiber optic,Bank transfer,Yes,73.04,4819.54,Yes
105030,Male,37.0,65,One year,DSL,Electronic check,No,40.1,2629.42,No
105031,Male,33.0,57,One year,Fiber optic,Electronic check,Yes,99.18,5602.29,No
105032,Female,50.0,56,Two year,Fiber optic,Electronic check,Yes,72.39,3851.25,No
105033,Male,47.0,33,One year,Fiber optic,Electronic check,No,87.42,2945.98,Yes
105034,Male,54.0,25,Month-to-month,DSL,Bank transfer,No,73.42,1840.33,No
105035,Male,35.0,41,One year,Fiber optic,Electronic check,Yes,108.24,4363.02,No
105036,Male,55.0,51,Two year,No,Bank transfer,Yes,80.83,4077.17,No
105037,Female,21.0,38,One year,Fiber optic,Bank transfer,Yes,62.44,2267.49,No
105038,Female,21.0,15,Month-to-month,No,Mailed check,Yes,101.06,1348.65,Yes
105039,Female,23.0,2,Two year,No,Electronic check,Yes,60.17,213.82,No
105040,Male,39.0,5,One year,DSL,Electronic check,No,51.65,309.69,No
105041,Male,55.0,31,Month-to-month,Fiber optic,Electronic check,Yes,59.95,1736.83,Yes
105042,Male,31.0,57,Two year,No,Credit card,No,20.0,1367.23,No
105043,Male,33.0,57,One year,Fiber optic,Electronic check,Yes,68.79,3819.62,No
105044,Female,36.0,59,Two year,DSL,Electronic check,No,81.92,4897.59,No
105045,Female,46.0,52,Two year,Fiber optic,Electronic check,Yes,49.95,2597.74,No
105046,Male,33.0,2,Month-to-month,Fiber optic,Bank transfer,Yes,126.72,139.77,No
105047,Female,32.0,64,One year,Fiber optic,Bank transfer,Yes,32.0,2079.47,No
105048,Female,22.0,69,Month-to-month,DSL,Credit card,Yes,52.42,3600.38,No
105049,Male,32.0,62,Two year,DSL,Electronic check,Yes,34.81,2100.89,No
105050,Female,54.0,33,Two year,Fiber optic,Electronic check,Yes,106.95,3648.07,Yes
105051,Male,40.0,16,Two year,Fiber optic,Bank transfer,Yes,100.31,1661.11,No
105052,Male,29.0,66,One year,No,Electronic check,No,65.35,4377.83,No
105053,Female,55.0,14,One year,Fiber optic,Electronic check,Yes,48.46,659.07,Yes
105054,Female,31.0,57,Month-to-month,No,Credit card,Yes,42.04,2427.97,No
105055,Male,57.0,70,Month-to-month,DSL,Mailed check,Yes,78.25,5475.08,No
105056,Female,57.0,65,Month-to-month,No,Mailed check,No,55.1,,No
105057,Female,40.0,38,Two year,No,Credit card,Yes,57.95,2114.66,No
105058,Female,20.0,61,One year,Fiber optic,Electronic check,Yes,82.16,4798.08,No
105059,Male,69.0,60,One year,DSL,Electronic check,No,61.69,3823.45,No
105060,Female,44.0,71,Month-to-month,No,Electronic check,Yes,28.26,2005.13,No
105061,Female,35.0,26,One year,Fiber optic,Electronic check,No,50.73,1370.44,No
105062,Female,51.0,46,Month-to-month,Fiber optic,Mailed check,Yes,51.33,2299.58,No
105063,Female,48.0,59,Two year,Fiber optic,Credit card,Yes,65.81,3862.65,No
105064,Female,56.0,17,Two year,No,Credit card,Yes,74.25,1399.08,No
105065,Female,30.0,17,Month-to-month,Fiber optic,Bank transfer,Yes,85.22,1481.49,No
105066,Female,43.0,29,One year,Fiber optic,Credit card,Yes,113.66,3494.56,No
105067,Female,24.0,26,Month-to-month,Fiber optic,Mailed check,Yes,48.82,1349.56,Yes
105068,Male,48.0,55,Month-to-month,DSL,Electronic check,Yes,79.66,4321.17,No
105069,Male,39.0,68,One year,Fiber optic,Electronic check,No,64.33,4414.19,No
105070,Female,43.0,12,One year,No,Mailed check,No,121.39,1608.09,No
105071,Female,37.0,24,Month-to-month,Fiber optic,Electronic check,Yes,81.35,1972.22,Yes
105072,Female,36.0,67,Month-to-month,DSL,Electronic check,Yes,57.96,3941.41,No
105073,Male,28.0,43,Month-to-month,DSL,Credit card,No,78.86,3518.13,No
105074,Female,49.0,15,Month-to-month,DSL,Electronic check,Yes,76.93,942.86,No
105075,Male,58.0,44,Month-to-month,No,Bank transfer,Yes,62.5,2813.12,No
105076,Male,32.0,64,Month-to-month,Fiber optic,Electronic check,No,98.85,6447.61,Yes
105077,Male,46.0,27,Two year,Fiber optic,Mailed check,Yes,121.76,3218.44,Yes
105078,Male,45.0,35,Month-to-month,DSL,Bank transfer,Yes,94.95,3417.33,No
105079,Female,39.0,45,Month-to-month,DSL,Electronic check,No,68.28,3072.13,No
105080,Female,19.0,61,Month-to-month,Fiber optic,Electronic check,Yes,128.42,7681.33,Yes
105081,Male,22.0,41,Month-to-month,DSL,Mailed check,No,84.05,3517.21,No
105082,Female,29.0,69,One year,Fiber optic,Bank transfer,No,56.56,3901.78,No
105083,Male,18.0,55,Month-to-month,No,Electronic check,Yes,73.37,4028.66,No
105084,Male,57.0,31,Month-to-month,Fiber optic,Electronic check,No,78.58,2494.13,No
105085,Female,44.0,36,Two year,Fiber optic,Electronic check,Yes,70.47,2451.49,No
105086,Male,39.0,51,One year,DSL,Electronic check,No,79.86,4142.32,No
105087,Female,18.0,6,Month-to-month,DSL,Credit card,Yes,25.02,68.02,No
105088,Male,18.0,17,Month-to-month,No,Electronic check,Yes,112.08,2041.52,Yes
105089,Male,39.0,18,Two year,Fiber optic,Mailed check,No,99.3,1889.91,No
105090,Female,65.0,58,One year,Fiber optic,Bank transfer,No,37.97,2340.66,No
105091,Female,30.0,60,Two year,Fiber optic,Credit card,No,99.0,5981.78,No
105092,Male,50.0,60,Month-to-month,DSL,Electronic check,No,83.08,,No
105093,Male,33.0,8,One year,Fiber optic,Mailed check,No,120.63,900.16,Yes
105094,Female,40.0,22,Month-to-month,DSL,Bank transfer,Yes,115.1,2461.95,No
105095,Male,55.0,23,Month-to-month,DSL,Electronic check,No,119.31,2728.6,Yes
105096,Male,35.0,2,One year,Fiber optic,Electronic check,Yes,77.06,92.35,Yes
105097,Female,30.0,19,One year,DSL,Credit card,Yes,85.52,1654.12,Yes
105098,Male,57.0,32,Month-to-month,DSL,Mailed check,Yes,59.99,1847.2,Yes
105099,Female,40.0,64,Month-to-month,DSL,Electronic check,No,96.46,6117.44,No
105100,Male,53.0,13,One year,Fiber optic,Mailed check,Yes,32.0,381.72,No
105101,Female,30.0,62,Month-to-month,No,Electronic check,Yes,40.11,2416.97,No
105102,Female,57.0,59,Month-to-month,No,Electronic check,Yes,61.15,3577.05,No
105103,Male,43.0,12,Month-to-month,DSL,Electronic check,Yes,70.49,898.43,Yes
105104,Male,45.0,19,Month-to-month,DSL,Electronic check,Yes,76.09,1366.16,Yes
105105,Male,41.0,33,Two year,No,Mailed check,Yes,103.86,3319.04,No
105106,Female,32.0,68,Month-to-month,DSL,Mailed check,No,55.75,3774.96,No
105107,Female,39.0,57,Month-to-month,Fiber optic,Electronic check,No,51.7,2844.37,No
105108,Female,33.0,70,One year,DSL,Bank transfer,Yes,62.31,4481.99,No
105109,Male,51.0,23,Month-to-month,Fiber optic,Bank transfer,Yes,68.85,1520.67,No
105110,Male,36.0,66,One year,DSL,Mailed check,No,85.83,5669.11,No
105111,Female,20.0,69,Month-to-month,Fiber optic,Electronic check,Yes,122.13,8467.83,No
105112,Female,18.0,44,Two year,Fiber optic,Electronic check,Yes,119.88,5161.13,Yes
105113,Female,18.0,12,One year,DSL,Credit card,Yes,99.24,1114.86,No
105114,Male,47.0,20,One year,Fiber optic,Electronic check,Yes,69.76,1338.5,No
105115,Male,24.0,10,Month-to-month,Fiber optic,Electronic check,Yes,79.96,870.02,No
105116,Male,43.0,59,Two year,No,Bank transfer,Yes,82.62,5039.42,No
105117,Male,41.0,23,One year,Fiber optic,Bank transfer,No,64.73,1655.82,No
105118,Male,38.0,51,Month-to-month,DSL,Credit card,Yes,55.06,2922.66,No
105119,Female,45.0,20,Month-to-month,Fiber optic,Mailed check,Yes,93.36,1755.6,Yes
105120,Male,41.0,71,Month-to-month,DSL,Credit card,Yes,37.89,2611.31,No
105121,Female,18.0,56,Month-to-month,No,Electronic check,No,99.32,5686.79,No
105122,Female,35.0,28,Month-to-month,No,Credit card,Yes,61.96,1872.18,No
105123,Female,45.0,35,Two year,DSL,Electronic check,Yes,85.51,3064.46,No
105124,Female,60.0,5,Two year,Fiber optic,Credit card,No,89.17,518.37,No
105125,Male,61.0,10,Month-to-month,Fiber optic,Credit card,Yes,,1114.88,Yes
105126,Female,21.0,72,Two year,DSL,Bank transfer,Yes,20.0,1594.45,No
105127,Male,34.0,59,One year,Fiber optic,Bank transfer,Yes,115.51,6749.3,No
105128,Female,19.0,61,Month-to-month,Fiber optic,Electronic check,Yes,114.95,6867.0,No
105129,Female,59.0,47,Two year,Fiber optic,Mailed check,Yes,91.03,4350.53,No
105130,Female,52.0,16,One year,Fiber optic,Electronic check,No,97.03,1500.03,No
105131,Male,44.0,8,One year,Fiber optic,Bank transfer,Yes,98.91,674.41,No
105132,Male,41.0,53,Month-to-month,Fiber optic,Electronic check,Yes,61.47,3336.93,No
105133,Male,57.0,24,Month-to-month,Fiber optic,Electronic check,No,85.35,1883.85,Yes
105134,Male,55.0,1,Two year,Fiber optic,Electronic check,Yes,106.25,147.14,Yes
105135,Female,54.0,2,Month-to-month,Fiber optic,Bank transfer,No,39.31,38.42,Yes
105136,Male,45.0,41,Month-to-month,Fiber optic,Mailed check,Yes,95.78,4071.1,Yes
105137,Male,34.0,61,Month-to-month,DSL,Mailed check,Yes,74.18,4566.14,No
105138,Female,49.0,27,Month-to-month,Fiber optic,Electronic check,Yes,99.68,2788.01,Yes
105139,Male,50.0,72,Month-to-month,Fiber optic,Electronic check,No,52.2,3660.81,No
105140,Female,37.0,28,Two year,DSL,Mailed check,No,53.41,1343.01,No
105141,Male,34.0,53,Month-to-month,DSL,Electronic check,Yes,37.1,1933.69,No
105142,Male,54.0,18,Two year,Fiber optic,Bank transfer,No,48.83,934.0,No
105143,Female,61.0,44,One year,DSL,Mailed check,Yes,92.77,4088.3,No
105144,Female,29.0,20,Month-to-month,Fiber optic,Credit card,No,69.28,1489.17,No
105145,Female,36.0,57,Month-to-month,Fiber optic,Electronic check,Yes,67.44,3893.26,No
105146,Female,44.0,33,Month-to-month,Fiber optic,Mailed check,Yes,111.27,3577.46,Yes
105147,Male,45.0,4,Two year,No,Credit card,Yes,63.41,295.46,No
105148,Female,32.0,18,One year,No,Credit card,Yes,96.09,1745.09,No
105149,Male,63.0,26,Month-to-month,No,Mailed check,Yes,45.77,1304.39,No
105150,Female,44.0,34,Two year,No,Electronic check,Yes,63.34,2070.22,No
105151,Male,46.0,20,Two year,DSL,Mailed check,Yes,49.36,927.51,No
105152,Female,62.0,42,Month-to-month,DSL,Mailed check,Yes,85.7,3635.12,Yes
105153,Male,33.0,70,One year,DSL,Electronic check,Yes,66.83,4805.34,No
105154,Female,38.0,52,One year,DSL,Electronic check,Yes,90.28,4676.62,No
105155,Female,23.0,23,One year,No,Mailed check,No,75.82,1797.55,No
105156,Female,37.0,49,Month-to-month,No,Electronic check,Yes,23.35,1147.32,No
105157,Female,20.0,70,Month-to-month,Fiber optic,Credit card,Yes,77.4,5414.18,No
105158,Male,49.0,18,Month-to-month,No,Electronic check,No,33.61,708.65,Yes
105159,Male,44.0,17,Month-to-month,Fiber optic,Credit card,No,92.66,1585.11,Yes
105160,Female,35.0,3,Month-to-month,Fiber optic,Mailed check,Yes,97.88,253.81,Yes
105161,Male,38.0,61,One year,DSL,Credit card,Yes,88.47,5351.52,No
105162,Male,49.0,60,Month-to-month,No,Bank transfer,Yes,68.93,4108.16,No
105163,Male,24.0,30,Month-to-month,Fiber optic,Electronic check,Yes,43.2,1233.72,No
105164,Female,42.0,63,One year,Fiber optic,Electronic check,Yes,89.24,5600.71,No
105165,Male,48.0,47,Month-to-month,DSL,Electronic check,Yes,82.18,3867.76,No
105166,Male,18.0,71,Month-to-month,Fiber optic,Bank transfer,No,79.44,5666.05,No
105167,Female,48.0,67,One year,Fiber optic,Electronic check,No,86.14,5682.71,No
105168,Male,18.0,70,Two year,Fiber optic,Bank transfer,Yes,36.8,2538.15,No
105169,Male,37.0,29,Month-to-month,No,Credit card,No,73.66,2102.69,No
105170,Male,24.0,46,Two year,Fiber optic,Mailed check,No,81.29,3670.64,No
105171,Female,58.0,13,Two year,No,Bank transfer,Yes,41.68,489.69,No
105172,Male,24.0,65,One year,Fiber optic,Credit card,No,97.21,6399.72,No
105173,Female,18.0,23,Two year,Fiber optic,Bank transfer,Yes,71.64,1770.48,No
105174,Male,41.0,33,Month-to-month,No,Electronic check,No,77.73,2536.92,Yes
105175,Male,34.0,43,Month-to-month,No,Electronic check,Yes,84.2,3556.61,No
105176,Male,19.0,57,Two year,DSL,Mailed check,Yes,80.22,4565.23,No
105177,Male,46.0,53,Month-to-month,No,Electronic check,Yes,38.48,2047.03,No
105178,Male,18.0,69,Month-to-month,Fiber optic,Mailed check,Yes,74.4,5195.89,No
105179,Male,26.0,52,Month-to-month,DSL,Credit card,Yes,125.24,6476.81,Yes
105180,Male,32.0,58,Month-to-month,Fiber optic,Mailed check,No,118.89,6846.84,No
105181,Female,49.0,42,Month-to-month,Fiber optic,Electronic check,No,104.86,4624.76,No
105182,Female,56.0,30,Month-to-month,Fiber optic,Electronic check,Yes,90.86,2609.38,Yes
105183,Female,53.0,66,Two year,Fiber optic,Credit card,Yes,59.3,3994.9,No
105184,Female,37.0,28,Month-to-month,DSL,Electronic check,Yes,67.94,2036.39,Yes
105185,Female,18.0,45,Two year,DSL,Electronic check,Yes,61.44,2741.96,No
105186,Female,44.0,21,Month-to-month,Fiber optic,Mailed check,Yes,81.88,1759.07,No
105187,Female,58.0,35,Month-to-month,DSL,Mailed check,Yes,35.84,1103.49,No
105188,Male,55.0,27,Two year,Fiber optic,Mailed check,Yes,107.86,2914.46,No
105189,Female,45.0,19,Month-to-month,Fiber optic,Mailed check,Yes,32.0,712.36,No
105190,Male,24.0,60,Month-to-month,DSL,Mailed check,Yes,93.43,5616.64,No
105191,Female,32.0,56,Two year,DSL,Electronic check,No,93.91,5262.4,No
105192,Female,64.0,51,Month-to-month,Fiber optic,Mailed check,No,142.17,7406.75,Yes
105193,Male,21.0,6,Month-to-month,No,Bank transfer,No,65.76,468.28,No
105194,Male,24.0,18,Two year,No,Mailed check,Yes,59.0,1125.74,No
105195,Male,51.0,16,Month-to-month,Fiber optic,Credit card,Yes,87.01,1319.21,Yes
105196,Male,33.0,52,One year,DSL,Electronic check,Yes,86.0,4251.96,Yes
105197,Female,24.0,65,Month-to-month,Fiber optic,Mailed check,No,81.74,5346.67,No
105198,Female,59.0,28,Month-to-month,Fiber optic,Bank transfer,Yes,54.42,1524.26,Yes
105199,Female,45.0,24,Month-to-month,Fiber optic,Mailed check,No,97.96,2419.67,No
105200,Female,34.0,41,One year,Fiber optic,Electronic check,Yes,83.98,3454.4,No
105201,Male,24.0,72,Month-to-month,Fiber optic,Mailed check,No,,4237.59,No
105202,Male,66.0,27,Two year,DSL,Credit card,No,31.38,850.02,No
105203,Female,39.0,21,One year,No,Mailed check,Yes,133.72,2708.25,No
105204,Female,57.0,38,Month-to-month,Fiber optic,Electronic check,Yes,104.8,3816.35,Yes
105205,Female,51.0,66,Month-to-month,Fiber optic,Electronic check,Yes,97.98,6386.97,Yes
105206,Male,32.0,53,One year,No,Mailed check,Yes,69.13,3564.65,No
105207,Female,32.0,38,One year,Fiber optic,Electronic check,Yes,101.25,3843.38,Yes
105208,Female,58.0,53,Month-to-month,DSL,Credit card,Yes,45.69,2274.6,No
105209,Male,58.0,2,Two year,DSL,,Yes,76.98,111.13,No
105210,Male,18.0,55,Month-to-month,Fiber optic,Credit card,No,90.07,5127.5,No
105211,Male,46.0,8,Two year,Fiber optic,Electronic check,Yes,58.31,459.77,No
105212,Male,37.0,29,Two year,Fiber optic,Mailed check,No,81.39,2364.64,Yes
105213,Male,26.0,26,Month-to-month,DSL,Electronic check,Yes,61.68,1605.08,No
105214,Female,42.0,50,Month-to-month,DSL,Electronic check,No,52.9,,No
105215,Female,21.0,18,Month-to-month,Fiber optic,Mailed check,Yes,70.53,1222.16,Yes
105216,Male,33.0,18,Month-to-month,Fiber optic,Electronic check,Yes,41.33,729.08,No
105217,Female,29.0,64,Two year,Fiber optic,Electronic check,No,110.57,7027.7,No
105218,Female,33.0,35,Month-to-month,Fiber optic,Credit card,Yes,123.06,4172.74,No
105219,Male,38.0,54,One year,Fiber optic,Bank transfer,No,60.84,3390.93,No
105220,Male,26.0,42,Two year,Fiber optic,Credit card,Yes,111.75,4614.11,No
105221,Male,59.0,45,Two year,Fiber optic,Electronic check,Yes,83.2,3888.05,No
105222,Female,45.0,50,Month-to-month,Fiber optic,Credit card,Yes,83.75,4118.67,No
105223,Female,62.0,49,Two year,DSL,Mailed check,Yes,,1819.11,No
105224,Female,37.0,66,Month-to-month,Fiber optic,Electronic check,Yes,70.06,4798.19,No
105225,Female,32.0,57,Month-to-month,DSL,Mailed check,Yes,85.32,4730.07,No
105226,Male,62.0,22,Month-to-month,Fiber optic,Mailed check,No,59.62,1107.82,No
105227,Male,31.0,13,One year,Fiber optic,Mailed check,Yes,65.46,720.81,Yes
105228,Female,37.0,61,Month-to-month,Fiber optic,Bank transfer,Yes,71.3,4336.89,No
105229,Male,48.0,27,Month-to-month,No,Electronic check,Yes,20.0,419.6,No
105230,Male,23.0,23,Month-to-month,Fiber optic,Credit card,Yes,92.21,2070.2,Yes
105231,Male,48.0,8,Two year,DSL,Electronic check,Yes,87.92,520.35,No
105232,Male,47.0,40,One year,No,Bank transfer,Yes,81.11,3342.27,No
105233,Male,56.0,37,One year,Fiber optic,Credit card,No,107.57,4017.88,No
105234,Male,51.0,60,One year,Fiber optic,Mailed check,Yes,72.9,4260.07,No
105235,Male,56.0,54,Month-to-month,DSL,Credit card,Yes,117.28,6124.72,No
105236,Female,38.0,53,Month-to-month,Fiber optic,Bank transfer,No,62.88,3251.3,No
105237,Female,28.0,39,Month-to-month,Fiber optic,Electronic check,No,78.39,3115.73,No
105238,Female,66.0,63,Month-to-month,No,Bank transfer,Yes,63.92,4123.86,No
105239,Female,19.0,71,Two year,Fiber optic,Bank transfer,No,88.66,6273.66,No
105240,Female,20.0,59,Month-to-month,Fiber optic,Electronic check,Yes,78.01,4557.46,No
105241,Male,46.0,26,One year,Fiber optic,Mailed check,No,81.43,2065.11,Yes
105242,Female,60.0,20,Two year,No,Electronic check,Yes,55.04,1128.19,No
105243,Female,41.0,1,Two year,DSL,Electronic check,Yes,61.04,140.38,No
105244,Female,52.0,72,Month-to-month,Fiber optic,Credit card,Yes,32.0,2291.12,No
105245,Male,18.0,53,Two year,DSL,Credit card,Yes,92.06,4845.53,No
105246,Male,33.0,68,One year,DSL,Bank transfer,Yes,46.45,3228.87,No
105247,Female,18.0,57,Month-to-month,Fiber optic,Electronic check,Yes,71.73,4223.1,No
105248,Female,,31,One year,Fiber optic,Mailed check,No,57.51,1757.01,No
105249,Female,19.0,11,Month-to-month,No,Electronic check,Yes,86.24,956.28,Yes
105250,Female,22.0,4,Two year,Fiber optic,Electronic check,No,70.42,214.05,No
105251,Male,46.0,58,One year,DSL,Bank transfer,Yes,20.0,1167.23,No
105252,Male,53.0,22,One year,DSL,Mailed check,No,79.02,1655.05,No
105253,Female,37.0,28,Two year,DSL,Mailed check,Yes,53.32,1620.93,No
105254,Female,46.0,61,One year,Fiber optic,Electronic check,Yes,83.42,5168.37,No
105255,Male,46.0,35,Month-to-month,Fiber optic,Credit card,Yes,104.8,3824.33,No
105256,Male,36.0,69,Month-to-month,Fiber optic,Electronic check,Yes,59.31,4041.99,No
105257,Male,25.0,40,Two year,DSL,Mailed check,Yes,70.73,3015.53,No
105258,Male,46.0,60,One year,DSL,Electronic check,Yes,52.71,3184.61,No
105259,Female,47.0,10,Two year,DSL,Electronic check,Yes,96.67,954.66,No
105260,Male,51.0,29,Month-to-month,Fiber optic,Mailed check,Yes,85.97,2606.36,Yes
105261,Female,43.0,14,Month-to-month,DSL,Bank transfer,No,71.42,908.03,No
105262,Male,24.0,5,Two year,DSL,Mailed check,Yes,40.98,207.92,No
105263,Female,48.0,72,One year,Fiber optic,Electronic check,Yes,102.75,7383.93,No
105264,Male,39.0,38,Month-to-month,DSL,Credit card,Yes,93.93,3606.92,No
105265,Female,33.0,26,Month-to-month,Fiber optic,Bank transfer,Yes,64.85,1646.17,No
105266,Female,35.0,28,Two year,No,Credit card,Yes,75.85,2075.25,No
105267,Female,30.0,18,One year,DSL,Electronic check,Yes,86.7,1526.34,No
105268,Female,51.0,9,Month-to-month,DSL,Credit card,Yes,127.45,1120.91,No
105269,Female,21.0,66,Month-to-month,DSL,Bank transfer,No,81.78,5404.56,No
105270,Female,26.0,8,Month-to-month,DSL,Mailed check,Yes,71.99,691.84,Yes
105271,Male,35.0,28,Month-to-month,No,Electronic check,Yes,68.11,1713.0,No
105272,Male,60.0,12,Month-to-month,Fiber optic,Electronic check,Yes,81.6,1048.18,Yes
105273,Male,53.0,67,Month-to-month,Fiber optic,Credit card,Yes,103.18,6870.56,No
105274,Male,18.0,15,Two year,Fiber optic,Electronic check,Yes,61.95,913.15,No
105275,Female,57.0,29,Month-to-month,DSL,Bank transfer,No,95.32,2666.48,No
105276,Male,57.0,55,Two year,Fiber optic,Bank transfer,Yes,45.47,2505.0,No
105277,Male,24.0,42,Month-to-month,DSL,Bank transfer,Yes,88.66,3688.5,No
105278,Female,18.0,28,Month-to-month,No,Mailed check,Yes,95.62,2657.11,No
105279,Male,38.0,41,Month-to-month,Fiber optic,Credit card,No,104.15,4322.63,Yes
105280,Male,54.0,32,Month-to-month,DSL,Electronic check,Yes,78.76,2577.5,No
105281,Female,60.0,21,One year,Fiber optic,Credit card,No,93.87,2099.07,No
105282,Female,28.0,44,Two year,DSL,Mailed check,Yes,61.99,2674.25,No
105283,Female,62.0,27,One year,DSL,Electronic check,Yes,43.88,1246.17,No
105284,Female,18.0,70,One year,DSL,Electronic check,Yes,78.24,5533.82,No
105285,Female,34.0,34,Two year,DSL,Bank transfer,Yes,73.72,2514.38,No
105286,Female,34.0,55,One year,DSL,Bank transfer,No,95.09,5381.64,No
105287,Male,54.0,17,One year,No,Electronic check,Yes,68.47,1106.55,No
105288,Female,56.0,47,One year,DSL,Electronic check,Yes,75.97,3584.17,Yes
105289,Male,51.0,41,Month-to-month,Fiber optic,Bank transfer,No,91.19,3766.24,Yes
105290,Male,21.0,54,Month-to-month,DSL,Electronic check,No,86.31,4552.93,No
105291,Female,50.0,34,One year,DSL,Electronic check,Yes,95.71,3367.98,No
105292,Female,46.0,52,One year,DSL,Bank transfer,Yes,48.16,2494.73,Yes
105293,Male,18.0,5,Month-to-month,DSL,Electronic check,Yes,89.54,487.05,Yes
105294,Female,18.0,50,Two year,Fiber optic,Electronic check,No,79.49,4116.68,No
105295,Female,52.0,55,Month-to-month,DSL,Mailed check,Yes,88.07,4863.2,No
105296,Female,37.0,36,One year,DSL,Mailed check,Yes,108.96,3926.19,No
105297,Male,22.0,3,Two year,Fiber optic,Bank transfer,Yes,32.0,101.98,No
105298,Female,36.0,41,Month-to-month,No,Electronic check,No,102.36,4106.32,No
105299,Male,44.0,57,Two year,DSL,Mailed check,Yes,69.04,3901.03,No
105300,Female,38.0,34,Two year,Fiber optic,Electronic check,Yes,62.61,2115.11,No
105301,Male,19.0,7,One year,Fiber optic,Mailed check,No,73.06,520.26,No
105302,Female,64.0,29,Two year,Fiber optic,Electronic check,Yes,58.21,1812.17,Yes
105303,Male,52.0,72,One year,Fiber optic,Electronic check,Yes,96.69,7045.3,No
105304,Male,35.0,20,Month-to-month,Fiber optic,Bank transfer,Yes,58.13,1109.71,No
105305,Male,35.0,39,One year,No,Electronic check,No,102.11,3980.18,No
105306,Female,44.0,26,Month-to-month,DSL,Credit card,Yes,89.3,2447.87,No
105307,Male,24.0,52,Month-to-month,Fiber optic,Credit card,No,89.68,4508.2,No
105308,Female,43.0,31,Month-to-month,Fiber optic,Electronic check,Yes,33.1,1005.63,No
105309,Male,22.0,28,Month-to-month,No,Bank transfer,Yes,38.94,972.77,No
105310,Male,38.0,42,One year,Fiber optic,Bank transfer,Yes,82.0,3663.91,No
105311,Female,24.0,42,Two year,No,Electronic check,Yes,71.36,3066.63,No
105312,Female,24.0,36,Two year,Fiber optic,Mailed check,Yes,107.5,3825.34,Yes
105313,Male,60.0,19,Month-to-month,Fiber optic,Credit card,No,32.0,604.78,Yes
105314,Male,40.0,8,One year,Fiber optic,Electronic check,Yes,65.02,446.2,Yes
105315,Male,42.0,50,One year,Fiber optic,Mailed check,Yes,104.93,5425.72,No
105316,Female,18.0,25,Month-to-month,Fiber optic,Mailed check,Yes,75.57,1682.86,No
105317,Female,31.0,45,One year,Fiber optic,Electronic check,Yes,72.32,3283.87,No
105318,Male,45.0,28,Month-to-month,DSL,Mailed check,No,31.69,880.91,No
105319,Female,42.0,62,Two year,No,Credit card,No,98.46,6011.93,Yes
105320,Male,18.0,51,Month-to-month,No,Electronic check,No,59.88,3031.26,No
105321,Male,42.0,30,Two year,Fiber optic,Electronic check,No,111.34,3194.33,Yes
105322,Female,44.0,24,Two year,DSL,Electronic check,Yes,108.64,2748.64,No
105323,Female,56.0,54,One year,DSL,Bank transfer,No,104.93,5668.53,No
105324,Male,30.0,1,Month-to-month,DSL,Mailed check,No,71.19,153.54,Yes
105325,Female,18.0,5,Month-to-month,DSL,Mailed check,Yes,59.9,255.89,No
105326,Male,26.0,7,Two year,Fiber optic,Bank transfer,Yes,70.19,612.34,No
105327,Female,25.0,25,Month-to-month,No,Credit card,No,121.21,3033.38,Yes
105328,Male,49.0,36,Month-to-month,Fiber optic,Electronic check,No,78.7,,No
105329,Male,18.0,22,Two year,Fiber optic,Credit card,Yes,110.33,2478.33,No
105330,Male,33.0,14,One year,No,Electronic check,Yes,84.06,1173.81,No
105331,Female,58.0,23,One year,No,Electronic check,Yes,61.71,1509.3,No
105332,Female,39.0,36,Month-to-month,Fiber optic,Electronic check,Yes,77.67,3172.81,Yes
105333,Male,51.0,22,Month-to-month,Fiber optic,Mailed check,No,113.58,2396.95,Yes
105334,Female,18.0,42,Two year,Fiber optic,Credit card,Yes,84.78,3549.88,No
105335,Female,18.0,28,Month-to-month,Fiber optic,Mailed check,Yes,72.65,1917.77,No
105336,Male,58.0,68,Month-to-month,DSL,Bank transfer,Yes,51.83,3561.76,No
105337,Female,40.0,72,Month-to-month,Fiber optic,Electronic check,Yes,92.0,6644.32,No
105338,Female,40.0,48,One year,Fiber optic,Electronic check,No,71.09,3587.16,No
105339,Male,24.0,40,Month-to-month,Fiber optic,Credit card,No,98.85,3930.9,No
105340,Male,40.0,3,Two year,No,Credit card,Yes,135.6,492.47,Yes
105341,Male,24.0,45,Month-to-month,No,Mailed check,Yes,84.95,3635.58,Yes
105342,Female,54.0,28,Month-to-month,Fiber optic,Electronic check,Yes,129.1,3628.46,Yes
105343,Female,74.0,21,Two year,DSL,Electronic check,No,54.13,1058.45,No
105344,Male,45.0,58,Two year,DSL,Credit card,No,89.1,5221.1,No
105345,Male,31.0,4,One year,Fiber optic,Electronic check,Yes,115.39,565.18,No
105346,Male,18.0,19,Two year,Fiber optic,Electronic check,Yes,118.5,2197.51,Yes
105347,Male,18.0,56,Month-to-month,Fiber optic,Bank transfer,Yes,115.98,6543.53,No
105348,Male,59.0,67,Month-to-month,DSL,Credit card,No,72.41,4819.35,No
105349,Male,26.0,38,Month-to-month,DSL,Electronic check,No,94.25,3585.76,No
105350,Female,34.0,39,Month-to-month,DSL,Bank transfer,Yes,46.56,1852.86,No
105351,Male,48.0,70,One year,Fiber optic,Electronic check,No,124.18,8602.24,No
105352,Female,58.0,7,Two year,Fiber optic,Bank transfer,Yes,60.2,331.48,No
105353,Male,36.0,35,Month-to-month,DSL,Electronic check,Yes,103.35,3695.3,No
105354,Male,34.0,18,Month-to-month,Fiber optic,Credit card,Yes,110.09,1920.66,Yes
105355,Female,40.0,35,Two year,No,Bank transfer,Yes,97.93,3542.72,No
105356,Female,31.0,66,One year,Fiber optic,Credit card,Yes,135.64,8792.48,No
105357,Female,32.0,43,Month-to-month,DSL,Mailed check,Yes,98.31,4311.51,No
105358,Female,44.0,72,Month-to-month,Fiber optic,Credit card,No,50.84,3661.22,No
105359,Male,41.0,37,Month-to-month,No,Mailed check,No,86.75,3201.33,No
105360,Male,67.0,63,Month-to-month,DSL,Mailed check,No,24.77,1573.77,No
105361,Female,45.0,13,Month-to-month,DSL,Electronic check,Yes,69.72,776.23,No
105362,Female,54.0,24,Month-to-month,Fiber optic,Credit card,Yes,73.44,1863.55,No
105363,Female,25.0,20,Month-to-month,DSL,Mailed check,No,87.95,1720.27,Yes
105364,Female,46.0,56,Month-to-month,No,Bank transfer,Yes,51.42,2804.44,No
105365,Male,30.0,37,Month-to-month,Fiber optic,Bank transfer,No,64.18,2569.47,No
105366,Male,44.0,17,Month-to-month,DSL,Bank transfer,Yes,84.53,1405.61,Yes
105367,Male,48.0,13,Month-to-month,No,Mailed check,Yes,101.37,1240.08,Yes
105368,Female,40.0,28,Two year,Fiber optic,Bank transfer,No,84.07,2427.12,No
105369,Female,70.0,12,One year,Fiber optic,Mailed check,No,142.08,1728.67,Yes
105370,Male,58.0,51,Month-to-month,DSL,Bank transfer,Yes,63.42,3325.31,No
105371,Female,54.0,62,Month-to-month,Fiber optic,Mailed check,Yes,100.99,6268.89,No
105372,Female,49.0,70,One year,No,Bank transfer,Yes,80.53,5723.06,No
105373,Male,62.0,17,Month-to-month,DSL,Credit card,No,63.43,1263.03,No
105374,Male,20.0,32,One year,Fiber optic,Mailed check,Yes,116.78,3668.75,No
105375,Female,57.0,37,Two year,No,Electronic check,No,49.74,1799.08,No
105376,Female,26.0,36,Month-to-month,Fiber optic,Electronic check,Yes,32.1,1011.36,No
105377,Male,32.0,33,Month-to-month,DSL,Credit card,Yes,68.85,2306.25,No
105378,Male,46.0,16,Month-to-month,DSL,Credit card,Yes,65.58,1060.54,No
105379,Male,55.0,9,One year,Fiber optic,Electronic check,Yes,110.57,1108.78,No
105380,Female,24.0,30,Month-to-month,Fiber optic,Credit card,Yes,52.76,1580.22,Yes
105381,Male,32.0,7,One year,DSL,Electronic check,No,85.09,588.05,No
105382,Female,40.0,5,Month-to-month,DSL,Credit card,Yes,82.07,427.97,Yes
105383,Male,37.0,38,One year,Fiber optic,Credit card,Yes,92.07,3477.59,No
105384,Male,50.0,62,One year,Fiber optic,Mailed check,No,110.1,6859.32,No
105385,Male,75.0,39,Month-to-month,DSL,Credit card,Yes,71.41,2805.37,No
105386,Female,44.0,2,Two year,Fiber optic,Mailed check,Yes,85.3,219.11,No
105387,Male,29.0,61,Two year,Fiber optic,Electronic check,No,95.26,5790.35,No
105388,Female,22.0,50,Month-to-month,DSL,Credit card,Yes,69.45,3522.01,No
105389,Male,35.0,22,Two year,DSL,Electronic check,Yes,38.17,895.28,No
105390,Female,27.0,20,Two year,No,Electronic check,Yes,61.74,1205.43,No
105391,Male,45.0,65,Month-to-month,No,Electronic check,Yes,65.53,4252.1,No
105392,Male,45.0,35,One year,DSL,Bank transfer,Yes,57.94,2012.07,No
105393,Female,33.0,11,One year,No,Bank transfer,No,64.09,594.56,No
105394,Female,65.0,21,One year,Fiber optic,Credit card,Yes,88.49,1814.57,No
105395,Female,29.0,20,Two year,No,Credit card,No,65.15,1371.46,No
105396,Male,37.0,29,Month-to-month,No,Credit card,No,93.35,2783.31,Yes
105397,Female,47.0,25,Month-to-month,Fiber optic,Bank transfer,Yes,105.74,2673.97,Yes
105398,Male,51.0,40,Month-to-month,Fiber optic,Credit card,Yes,32.0,1188.81,No
105399,Female,56.0,24,One year,DSL,Electronic check,Yes,36.17,956.17,Yes
105400,Female,45.0,47,Month-to-month,Fiber optic,Bank transfer,Yes,32.0,1670.68,No
105401,Female,53.0,36,Month-to-month,Fiber optic,Electronic check,No,77.15,2830.8,No
105402,Female,30.0,68,Month-to-month,Fiber optic,Electronic check,Yes,75.6,5140.55,No
105403,Female,51.0,60,One year,DSL,Electronic check,Yes,75.77,4468.45,No
105404,Female,51.0,24,Month-to-month,No,Electronic check,Yes,93.06,2232.18,Yes
105405,Male,59.0,4,Month-to-month,No,Credit card,No,70.93,239.18,No
105406,Male,18.0,43,Month-to-month,DSL,Mailed check,Yes,56.93,2430.07,No
105407,Female,27.0,25,Month-to-month,Fiber optic,Credit card,Yes,83.89,2213.28,No
105408,Female,50.0,65,Month-to-month,Fiber optic,Mailed check,Yes,71.65,4736.73,No
105409,Female,18.0,30,Month-to-month,Fiber optic,Bank transfer,No,47.07,1381.24,No
105410,Female,45.0,21,One year,No,Electronic check,Yes,95.95,2022.86,Yes
105411,Male,53.0,25,Month-to-month,Fiber optic,Credit card,Yes,94.61,2364.81,Yes
105412,Male,32.0,63,Month-to-month,DSL,Electronic check,No,108.22,6778.86,No
105413,Female,33.0,9,One year,Fiber optic,Bank transfer,No,53.07,356.72,No
105414,Female,25.0,69,Month-to-month,Fiber optic,Credit card,Yes,43.63,3084.99,No
105415,Male,32.0,17,Month-to-month,DSL,Bank transfer,No,48.6,932.57,No
105416,Male,33.0,62,Month-to-month,Fiber optic,Credit card,Yes,93.97,5771.47,No
105417,Male,30.0,40,Month-to-month,Fiber optic,Electronic check,No,105.47,4160.02,No
105418,Male,29.0,42,Month-to-month,Fiber optic,Mailed check,No,91.16,3910.42,No
105419,Female,35.0,15,Two year,Fiber optic,Electronic check,Yes,87.59,1253.92,Yes
105420,Female,35.0,52,Month-to-month,Fiber optic,Electronic check,Yes,105.36,5353.92,No
105421,Female,63.0,47,One year,Fiber optic,Electronic check,Yes,72.51,3368.01,No
105422,Female,34.0,35,Two year,Fiber optic,Bank transfer,Yes,110.41,3986.39,Yes
105423,Male,43.0,33,Month-to-month,DSL,Credit card,Yes,121.63,3966.68,Yes
105424,Male,32.0,44,One year,Fiber optic,Bank transfer,No,57.43,2468.57,No
105425,Male,31.0,34,Month-to-month,No,Credit card,Yes,65.65,2189.71,No
105426,Male,18.0,71,One year,Fiber optic,Mailed check,Yes,49.25,3393.18,No
105427,Female,19.0,3,Two year,Fiber optic,Electronic check,Yes,59.87,61.03,No
105428,Male,23.0,19,Month-to-month,No,Bank transfer,Yes,81.81,1530.78,No
105429,Male,41.0,62,Two year,DSL,Electronic check,Yes,29.86,1725.07,No
105430,Female,53.0,58,Month-to-month,DSL,Mailed check,No,52.51,3009.72,No
105431,Female,18.0,26,One year,DSL,Credit card,Yes,98.34,2580.55,No
105432,Male,32.0,37,Month-to-month,Fiber optic,Electronic check,Yes,89.59,3348.74,No
105433,Male,21.0,2,Month-to-month,DSL,Electronic check,Yes,91.2,169.74,Yes
105434,Female,36.0,13,Month-to-month,Fiber optic,Electronic check,Yes,51.66,563.73,No
105435,Female,53.0,69,Two year,Fiber optic,Bank transfer,Yes,85.69,5875.59,No
105436,Female,33.0,47,One year,DSL,Electronic check,Yes,119.17,5632.06,No
105437,Male,38.0,3,Two year,Fiber optic,Bank transfer,Yes,67.45,258.21,No
105438,Male,58.0,58,Month-to-month,DSL,Electronic check,Yes,59.8,3443.83,No
105439,Male,45.0,30,Month-to-month,Fiber optic,Bank transfer,Yes,98.54,2892.85,No
105440,Female,29.0,41,Month-to-month,DSL,Credit card,No,49.5,2036.98,No
105441,Female,41.0,62,Month-to-month,DSL,Electronic check,No,89.93,5543.82,No
105442,Female,28.0,61,Month-to-month,DSL,Bank transfer,Yes,27.08,1560.22,No
105443,Female,44.0,10,Two year,Fiber optic,Electronic check,Yes,32.0,347.63,No
105444,Female,46.0,27,Two year,DSL,Electronic check,Yes,79.86,2157.88,No
105445,Male,21.0,20,Month-to-month,Fiber optic,Mailed check,Yes,59.5,1090.32,No
105446,Male,41.0,66,Month-to-month,Fiber optic,Electronic check,Yes,69.86,4553.95,No
105447,Female,37.0,57,One year,Fiber optic,Credit card,No,105.92,6020.37,No
105448,Male,46.0,47,One year,DSL,Credit card,Yes,87.61,3980.51,No
105449,Male,50.0,5,One year,Fiber optic,Credit card,Yes,53.32,201.18,Yes
105450,Male,45.0,58,Month-to-month,DSL,Electronic check,Yes,84.99,4986.28,No
105451,Male,35.0,41,Month-to-month,Fiber optic,Bank transfer,Yes,76.49,3092.0,No
105452,Female,51.0,20,Month-to-month,Fiber optic,Bank transfer,Yes,94.43,1816.74,No
105453,Female,28.0,32,Two year,Fiber optic,Electronic check,No,83.5,2769.44,Yes
105454,Female,22.0,33,One year,DSL,Bank transfer,Yes,34.41,1166.99,No
105455,Male,18.0,22,Two year,Fiber optic,Credit card,No,66.17,1518.32,No
105456,Male,38.0,66,Month-to-month,Fiber optic,Credit card,No,32.0,2041.32,No
105457,Male,28.0,67,Month-to-month,DSL,,Yes,76.63,5108.61,No
105458,Male,44.0,4,Month-to-month,Fiber optic,Electronic check,Yes,93.92,374.71,Yes
105459,Female,18.0,68,Two year,DSL,Credit card,Yes,54.39,3718.93,No
105460,Female,31.0,30,Month-to-month,No,Credit card,Yes,69.11,2279.02,No
105461,Female,45.0,58,One year,No,Bank transfer,No,47.65,2771.27,No
105462,Male,26.0,57,Month-to-month,DSL,Electronic check,No,103.41,5991.91,No
105463,Female,44.0,44,Month-to-month,DSL,Mailed check,Yes,39.85,1959.35,Yes
105464,Male,32.0,54,Month-to-month,Fiber optic,Electronic check,No,76.22,4270.33,No
105465,Male,39.0,50,Month-to-month,Fiber optic,Electronic check,Yes,51.54,2591.17,No
105466,Female,47.0,62,Two year,DSL,Credit card,No,77.87,4931.23,No
105467,Male,51.0,31,Two year,DSL,Credit card,No,97.96,3048.24,No
105468,Male,40.0,54,One year,Fiber optic,Credit card,No,32.1,1729.89,No
105469,Female,28.0,71,Month-to-month,DSL,Electronic check,Yes,88.35,6348.54,No
105470,Male,33.0,69,One year,DSL,Bank transfer,Yes,112.79,7862.03,No
105471,Female,47.0,11,Month-to-month,Fiber optic,Mailed check,No,87.22,1005.06,Yes
105472,Male,26.0,36,One year,Fiber optic,Mailed check,Yes,67.13,2401.6,No
105473,Female,37.0,37,One year,Fiber optic,Mailed check,Yes,83.05,3029.39,Yes
105474,Male,34.0,45,Month-to-month,DSL,Credit card,Yes,58.36,2517.59,Yes
105475,Male,38.0,47,Month-to-month,Fiber optic,Bank transfer,No,133.11,6270.78,No
105476,Female,26.0,62,Month-to-month,Fiber optic,Credit card,No,104.87,6523.23,Yes
105477,Male,18.0,39,Month-to-month,Fiber optic,Electronic check,Yes,106.51,4228.63,No
105478,Female,46.0,51,Two year,No,Mailed check,Yes,125.88,6288.55,No
105479,Male,52.0,65,One year,DSL,Mailed check,No,105.61,6874.02,Yes
105480,Female,18.0,8,Month-to-month,Fiber optic,Bank transfer,Yes,80.97,629.54,Yes
105481,Female,44.0,47,Month-to-month,No,Credit card,Yes,72.63,3408.43,Yes
105482,Male,53.0,27,One year,DSL,Electronic check,Yes,130.99,3648.8,No
105483,Male,47.0,66,Month-to-month,No,Electronic check,Yes,53.52,3647.67,No
105484,Female,34.0,40,Month-to-month,Fiber optic,Credit card,Yes,79.71,3279.81,No
105485,Female,27.0,44,One year,DSL,Mailed check,Yes,46.68,2062.36,No
105486,Male,40.0,55,Month-to-month,DSL,Mailed check,No,26.54,1442.65,No
105487,Male,42.0,18,Month-to-month,DSL,Credit card,Yes,50.01,1008.54,Yes
105488,Female,40.0,40,Month-to-month,No,Bank transfer,Yes,50.5,2173.92,No
105489,Female,37.0,56,Month-to-month,No,Bank transfer,Yes,56.37,3300.61,No
105490,Male,25.0,56,Two year,Fiber optic,Electronic check,Yes,99.31,5605.39,No
105491,Male,44.0,17,Two year,DSL,Bank transfer,Yes,71.7,1222.5,No
105492,Female,45.0,61,Two year,Fiber optic,Mailed check,Yes,109.28,6728.33,No
105493,Male,42.0,12,Two year,Fiber optic,Bank transfer,Yes,87.77,1121.2,Yes
105494,Male,40.0,20,Month-to-month,DSL,Mailed check,Yes,76.48,1493.59,No
105495,Female,61.0,62,Month-to-month,DSL,Electronic check,Yes,64.72,3995.33,No
105496,Male,31.0,45,One year,Fiber optic,Electronic check,Yes,132.67,6244.42,Yes
105497,Female,56.0,40,Month-to-month,Fiber optic,Mailed check,Yes,73.42,2900.76,Yes
105498,Male,29.0,41,Two year,Fiber optic,Mailed check,Yes,106.92,4460.39,Yes
105499,Female,53.0,70,Month-to-month,Fiber optic,Electronic check,Yes,54.44,3764.5,No
105500,Male,55.0,17,Month-to-month,DSL,Credit card,Yes,65.91,1109.28,No
105501,Female,35.0,22,One year,DSL,Electronic check,Yes,122.19,2605.21,Yes
105502,Male,61.0,36,Two year,Fiber optic,Mailed check,Yes,101.13,3557.93,Yes
105503,Male,45.0,61,One year,Fiber optic,Bank transfer,Yes,49.01,3045.18,No
105504,Female,28.0,40,One year,DSL,Bank transfer,No,46.2,1892.85,No
105505,Female,34.0,53,Month-to-month,No,Electronic check,Yes,112.05,,No
105506,Female,54.0,59,One year,Fiber optic,Electronic check,No,86.21,5088.73,No
105507,Male,51.0,65,One year,DSL,Electronic check,Yes,65.12,4246.8,No
105508,Male,25.0,34,Month-to-month,DSL,Electronic check,Yes,52.52,1781.82,No
105509,Female,37.0,33,One year,No,Electronic check,Yes,64.06,2026.44,No
105510,Female,42.0,6,Month-to-month,Fiber optic,Bank transfer,Yes,119.35,769.14,Yes
105511,Male,32.0,6,Month-to-month,DSL,Mailed check,Yes,54.5,311.77,Yes
105512,Female,70.0,36,Two year,Fiber optic,Electronic check,Yes,68.95,2353.0,Yes
105513,Female,42.0,54,Month-to-month,DSL,Bank transfer,No,86.99,4797.12,No
105514,Female,38.0,61,One year,Fiber optic,Electronic check,Yes,58.01,3486.91,No
105515,Female,54.0,30,Month-to-month,Fiber optic,Credit card,No,60.63,1848.65,No
105516,Female,34.0,42,Two year,Fiber optic,Mailed check,Yes,84.16,3567.67,No
105517,Female,52.0,59,Month-to-month,Fiber optic,Mailed check,Yes,84.78,5020.94,Yes
105518,Female,18.0,23,Month-to-month,Fiber optic,Electronic check,No,63.77,1376.32,Yes
105519,Female,33.0,12,Two year,DSL,Mailed check,Yes,83.83,1131.62,No
105520,Female,53.0,67,One year,No,Mailed check,Yes,77.47,5124.91,No
105521,Male,59.0,40,Month-to-month,DSL,Credit card,Yes,22.66,685.34,No
105522,Female,29.0,12,Month-to-month,DSL,Electronic check,Yes,91.51,1174.49,No
105523,Female,27.0,19,Month-to-month,No,Mailed check,Yes,57.76,1170.86,No
105524,Female,46.0,24,Two year,No,Bank transfer,Yes,92.15,2104.06,No
105525,Female,31.0,15,One year,Fiber optic,Mailed check,No,135.99,2039.34,Yes
105526,Male,36.0,32,Two year,Fiber optic,Mailed check,No,82.32,2731.44,No
105527,Female,50.0,59,Two year,DSL,Credit card,Yes,55.88,3423.99,No
105528,Male,32.0,54,Month-to-month,Fiber optic,Electronic check,Yes,118.47,6452.5,No
105529,Male,18.0,67,One year,DSL,Electronic check,No,51.02,3492.76,No
105530,Male,22.0,61,One year,DSL,Credit card,Yes,119.31,7342.43,No
105531,Female,39.0,23,Two year,Fiber optic,Electronic check,No,72.41,1653.08,No
105532,Female,18.0,5,One year,No,Bank transfer,Yes,56.33,183.64,No
105533,Female,35.0,11,Month-to-month,No,Electronic check,Yes,131.15,1419.14,No
105534,Male,21.0,58,Two year,No,Electronic check,Yes,81.08,4803.82,No
105535,Male,60.0,25,One year,Fiber optic,Electronic check,Yes,124.55,3214.08,No
105536,Female,67.0,52,Two year,DSL,Credit card,Yes,71.34,3727.99,No
105537,Male,25.0,33,Month-to-month,DSL,Electronic check,No,69.57,2265.8,No
105538,Female,42.0,65,Month-to-month,Fiber optic,Electronic check,No,32.0,2236.12,No
105539,Female,27.0,37,One year,DSL,Electronic check,No,97.29,3610.89,No
105540,Female,35.0,65,One year,Fiber optic,Electronic check,No,93.63,6143.31,No
105541,Male,62.0,19,Month-to-month,Fiber optic,Electronic check,Yes,81.2,1434.21,Yes
105542,Male,33.0,56,Month-to-month,No,Credit card,Yes,86.8,4855.76,No
105543,Male,35.0,38,One year,Fiber optic,Bank transfer,Yes,84.96,3326.24,No
105544,Female,27.0,14,Two year,Fiber optic,Electronic check,Yes,60.42,722.63,Yes
105545,Male,54.0,17,Month-to-month,Fiber optic,Electronic check,No,93.07,1578.71,Yes
105546,Female,18.0,23,Month-to-month,Fiber optic,Electronic check,Yes,79.23,1859.09,Yes
105547,Male,33.0,12,Month-to-month,DSL,Electronic check,No,90.53,1214.92,Yes
105548,Male,38.0,68,Month-to-month,Fiber optic,Electronic check,Yes,76.99,5323.16,No
105549,Male,30.0,16,Month-to-month,Fiber optic,Credit card,Yes,72.28,1308.86,No
105550,Female,50.0,44,Month-to-month,DSL,Electronic check,Yes,58.4,2644.46,No
105551,Female,55.0,42,One year,Fiber optic,Mailed check,Yes,61.9,2679.87,No
105552,Male,21.0,39,Month-to-month,No,Bank transfer,Yes,58.94,2212.68,No
105553,Female,66.0,46,Month-to-month,DSL,Electronic check,Yes,82.8,3720.23,Yes
105554,Female,20.0,66,Two year,Fiber optic,Bank transfer,Yes,65.26,4458.42,No
105555,Female,56.0,70,Month-to-month,DSL,Bank transfer,Yes,42.61,2941.89,No
105556,Female,41.0,63,One year,Fiber optic,Electronic check,Yes,103.73,6486.22,Yes
105557,Male,32.0,34,Month-to-month,No,Credit card,No,68.55,2123.02,Yes
105558,Male,34.0,53,Two year,DSL,Electronic check,Yes,91.2,4929.02,No
105559,Female,39.0,14,Two year,No,Electronic check,Yes,66.49,830.15,No
105560,Male,42.0,64,Month-to-month,No,Bank transfer,No,57.71,3619.61,No
105561,Male,27.0,15,One year,DSL,Bank transfer,Yes,28.42,524.79,No
105562,Male,36.0,9,One year,Fiber optic,Electronic check,No,55.75,302.96,No
105563,Female,29.0,60,Month-to-month,No,Electronic check,No,50.18,3133.09,No
105564,Male,23.0,55,One year,No,Credit card,No,79.02,4271.47,No
105565,Male,28.0,10,Month-to-month,Fiber optic,Bank transfer,Yes,81.28,799.58,No
105566,Female,24.0,70,Month-to-month,DSL,Mailed check,No,46.36,3175.37,No
105567,Male,34.0,9,Two year,DSL,Mailed check,Yes,20.0,60.31,No
105568,Male,45.0,4,Month-to-month,DSL,Bank transfer,Yes,83.57,265.98,Yes
105569,Male,41.0,69,Month-to-month,Fiber optic,Bank transfer,Yes,105.93,7234.71,No
105570,Male,65.0,17,Month-to-month,Fiber optic,Electronic check,Yes,108.12,1727.25,Yes
105571,Female,18.0,17,Two year,Fiber optic,Electronic check,Yes,59.88,1156.78,No
105572,Female,45.0,58,Month-to-month,Fiber optic,Mailed check,No,109.67,6273.6,Yes
105573,Male,39.0,44,Month-to-month,DSL,Bank transfer,Yes,86.15,3620.77,No
105574,Female,50.0,38,One year,No,Bank transfer,Yes,86.03,3083.34,No
105575,Female,48.0,72,One year,DSL,Bank transfer,Yes,56.77,4126.65,No
105576,Female,37.0,7,Month-to-month,DSL,Mailed check,Yes,68.68,324.69,No
105577,Female,41.0,67,Two year,Fiber optic,Electronic check,No,129.79,8679.89,No
105578,Female,29.0,20,Month-to-month,DSL,Credit card,No,113.93,2455.86,No
105579,Male,47.0,45,One year,DSL,Credit card,Yes,70.79,3201.92,No
105580,Male,18.0,24,One year,No,Credit card,No,76.79,1872.13,No
105581,Female,49.0,22,Month-to-month,No,Credit card,No,20.0,392.33,No
105582,Female,39.0,24,Two year,Fiber optic,Credit card,Yes,114.1,2737.2,No
105583,Female,,41,Month-to-month,DSL,Electronic check,Yes,90.64,3696.82,No
105584,Male,36.0,64,Month-to-month,DSL,Mailed check,Yes,80.63,5188.1,No
105585,Male,37.0,9,Month-to-month,DSL,Mailed check,Yes,56.94,661.6,Yes
105586,Female,56.0,48,Month-to-month,DSL,Mailed check,No,73.66,3497.25,Yes
105587,Male,75.0,62,Two year,No,Credit card,No,108.64,6664.77,No
105588,Female,55.0,53,Month-to-month,DSL,Electronic check,Yes,81.05,4288.85,Yes
105589,Female,32.0,71,Two year,Fiber optic,Electronic check,Yes,149.79,10721.5,Yes
105590,Female,47.0,1,Month-to-month,DSL,Electronic check,No,92.29,61.83,No
105591,Male,48.0,27,Two year,Fiber optic,Electronic check,No,61.03,1671.8,No
105592,Female,27.0,31,Two year,DSL,Mailed check,No,61.73,1959.65,No
105593,Female,23.0,39,Month-to-month,DSL,Electronic check,No,54.25,2309.48,No
105594,Female,38.0,23,Month-to-month,DSL,Electronic check,Yes,93.44,2232.15,Yes
105595,Female,50.0,19,One year,No,Mailed check,Yes,100.84,1837.42,Yes
105596,Male,18.0,62,Month-to-month,Fiber optic,Bank transfer,Yes,126.91,7671.21,Yes
105597,Female,30.0,17,Month-to-month,Fiber optic,Bank transfer,Yes,75.69,1300.26,No
105598,Female,46.0,69,One year,DSL,Electronic check,Yes,83.7,5711.84,No
105599,Female,40.0,3,Two year,Fiber optic,Credit card,No,116.01,304.31,Yes
105600,Female,57.0,31,One year,Fiber optic,Electronic check,No,122.75,3715.61,No
105601,Male,21.0,44,Two year,Fiber optic,Bank transfer,Yes,53.24,2297.09,No
105602,Female,70.0,71,Month-to-month,Fiber optic,Credit card,Yes,99.5,7017.23,Yes
105603,Male,19.0,56,One year,No,Credit card,Yes,42.17,2351.11,No
105604,Male,18.0,2,Month-to-month,No,Mailed check,Yes,56.96,53.37,Yes
105605,Female,38.0,54,One year,No,Electronic check,No,39.33,2059.28,No
105606,Male,24.0,24,One year,Fiber optic,Credit card,No,68.48,1691.22,No
105607,Male,38.0,62,One year,DSL,Bank transfer,No,35.76,2216.89,No
105608,Female,38.0,56,Two year,DSL,Bank transfer,Yes,42.45,2377.6,No
105609,Female,,14,Month-to-month,DSL,Mailed check,Yes,49.39,687.02,Yes
105610,Male,28.0,26,One year,DSL,Credit card,No,79.58,1988.53,Yes
105611,Male,45.0,60,Month-to-month,Fiber optic,Credit card,Yes,84.85,5220.31,No
105612,Male,35.0,67,Month-to-month,Fiber optic,Bank transfer,Yes,42.9,3057.21,No
105613,Female,53.0,44,Month-to-month,Fiber optic,Credit card,Yes,152.53,6822.79,Yes
105614,Male,37.0,16,Two year,Fiber optic,Mailed check,Yes,71.79,989.86,No
105615,Female,26.0,29,Month-to-month,No,Electronic check,Yes,38.77,1064.78,No
105616,Female,18.0,58,One year,DSL,Bank transfer,Yes,86.56,5084.2,No
105617,Female,37.0,44,One year,DSL,Bank transfer,No,71.89,3095.65,No
105618,Male,23.0,15,Two year,Fiber optic,Mailed check,Yes,63.68,892.1,No
105619,Female,21.0,21,One year,Fiber optic,Electronic check,Yes,93.77,1845.75,Yes
105620,Male,46.0,15,Month-to-month,Fiber optic,Bank transfer,Yes,67.19,975.24,Yes
105621,Male,18.0,34,Month-to-month,No,Electronic check,No,64.61,2122.8,No
105622,Male,57.0,33,One year,DSL,Bank transfer,Yes,108.64,3369.93,Yes
105623,Male,41.0,40,Month-to-month,Fiber optic,Credit card,Yes,87.09,3587.23,No
105624,Female,38.0,69,Month-to-month,No,Electronic check,Yes,87.35,6064.65,No
105625,Male,26.0,47,Month-to-month,Fiber optic,Credit card,Yes,70.95,3214.44,No
105626,Female,49.0,43,Month-to-month,Fiber optic,Electronic check,Yes,87.83,3854.8,Yes
105627,Male,39.0,27,Two year,DSL,Mailed check,No,52.73,1435.13,No
105628,Male,30.0,46,Two year,Fiber optic,Credit card,Yes,63.62,3030.85,No
105629,Male,42.0,69,One year,DSL,Electronic check,Yes,61.69,4322.69,No
105630,Male,18.0,1,Month-to-month,Fiber optic,Electronic check,Yes,66.64,20.0,Yes
105631,Male,18.0,26,Two year,Fiber optic,Credit card,Yes,109.95,2918.9,No
105632,Female,24.0,5,One year,No,Electronic check,Yes,86.48,496.41,No
105633,Female,44.0,15,Two year,Fiber optic,Electronic check,Yes,32.0,575.0,Yes
105634,Male,39.0,5,Month-to-month,DSL,Mailed check,Yes,115.1,665.27,No
105635,Female,53.0,43,Month-to-month,No,Electronic check,Yes,88.03,3972.34,No
105636,Female,27.0,60,One year,DSL,Electronic check,Yes,100.62,6122.93,No
105637,Male,46.0,68,Two year,Fiber optic,Credit card,Yes,79.73,5351.03,No
105638,Male,38.0,18,Month-to-month,DSL,Mailed check,No,34.65,639.66,Yes
105639,Male,27.0,51,Month-to-month,Fiber optic,Mailed check,Yes,50.9,2501.49,No
105640,Female,44.0,24,One year,No,Bank transfer,No,114.68,2861.17,Yes
105641,Female,38.0,23,Two year,DSL,Electronic check,Yes,31.32,643.29,No
105642,Male,31.0,44,One year,Fiber optic,Mailed check,Yes,47.86,2306.64,No
105643,Female,40.0,49,Two year,Fiber optic,Credit card,Yes,73.18,3559.5,No
105644,Female,37.0,43,One year,DSL,Bank transfer,Yes,37.38,1603.39,No
105645,Female,37.0,8,Two year,Fiber optic,Mailed check,Yes,97.33,736.82,No
105646,Male,34.0,30,Month-to-month,Fiber optic,Mailed check,Yes,99.27,2913.58,Yes
105647,Female,22.0,21,Month-to-month,DSL,Credit card,No,82.34,1681.41,Yes
105648,Female,40.0,1,One year,DSL,Bank transfer,Yes,56.65,77.5,No
105649,Female,29.0,3,One year,Fiber optic,Electronic check,Yes,91.22,275.25,Yes
105650,Female,26.0,33,Month-to-month,Fiber optic,Mailed check,No,128.59,4205.04,Yes
105651,Female,36.0,8,Month-to-month,DSL,Electronic check,Yes,36.15,316.78,No
105652,Female,49.0,54,One year,No,Credit card,No,99.92,5346.82,No
105653,Male,41.0,5,Two year,No,Bank transfer,No,92.2,460.55,No
105654,Male,32.0,17,Month-to-month,No,Mailed check,Yes,69.37,1338.21,No
105655,Male,32.0,71,Two year,Fiber optic,Electronic check,Yes,88.16,6207.78,No
105656,Male,47.0,52,Month-to-month,DSL,Credit card,No,80.92,4180.54,No
105657,Female,18.0,41,Month-to-month,DSL,Electronic check,No,47.59,,No
105658,Female,49.0,2,Month-to-month,No,Bank transfer,No,31.19,31.93,Yes
105659,Female,18.0,4,Month-to-month,No,Credit card,Yes,94.66,412.35,No
105660,Female,21.0,66,Month-to-month,Fiber optic,Credit card,Yes,52.88,3442.51,No
105661,Male,32.0,58,One year,Fiber optic,Electronic check,Yes,56.67,3184.78,No
105662,Male,67.0,69,One year,Fiber optic,Bank transfer,Yes,71.11,4939.12,No
105663,Female,61.0,59,Month-to-month,Fiber optic,Electronic check,Yes,91.11,5417.55,Yes
105664,Male,48.0,1,Two year,DSL,Credit card,No,59.52,114.78,Yes
105665,Female,44.0,59,Two year,Fiber optic,Electronic check,Yes,65.9,3776.58,No
105666,Male,18.0,33,Month-to-month,Fiber optic,Mailed check,No,107.82,3681.41,No
105667,Male,,50,Month-to-month,Fiber optic,Mailed check,Yes,75.67,3739.59,No
105668,Female,32.0,30,Month-to-month,Fiber optic,Credit card,No,64.04,1830.51,Yes
105669,Female,28.0,52,One year,Fiber optic,Electronic check,Yes,93.87,4973.45,No
105670,Female,41.0,61,Month-to-month,DSL,Electronic check,No,73.46,4601.23,No
105671,Male,33.0,71,One year,DSL,Credit card,Yes,72.72,5134.74,No
105672,Female,50.0,39,One year,DSL,Electronic check,Yes,83.09,3165.57,Yes
105673,Female,18.0,21,One year,DSL,Electronic check,No,68.56,1479.57,No
105674,Female,40.0,45,Month-to-month,Fiber optic,Electronic check,Yes,105.12,4610.48,Yes
105675,Male,28.0,36,Month-to-month,Fiber optic,Credit card,Yes,48.29,1968.08,No
105676,Male,34.0,15,Month-to-month,Fiber optic,Bank transfer,Yes,115.03,1632.56,Yes
105677,Female,43.0,53,Two year,Fiber optic,Bank transfer,No,61.17,3274.06,No
105678,Male,24.0,6,One year,Fiber optic,Credit card,No,43.08,244.01,No
105679,Female,41.0,30,One year,Fiber optic,Credit card,Yes,64.29,1845.92,No
105680,Male,36.0,50,One year,DSL,Mailed check,Yes,63.26,3078.78,No
105681,Male,30.0,67,Month-to-month,Fiber optic,Electronic check,Yes,65.63,4498.71,Yes
105682,Female,33.0,45,Month-to-month,DSL,Bank transfer,Yes,47.87,2187.2,No
105683,Male,37.0,71,Month-to-month,DSL,Bank transfer,Yes,97.26,6842.81,No
105684,Male,29.0,60,Month-to-month,Fiber optic,Electronic check,Yes,62.23,3683.41,No
105685,Female,39.0,18,Month-to-month,No,Credit card,Yes,20.0,286.77,No
105686,Male,35.0,61,Month-to-month,DSL,Electronic check,No,63.24,3936.93,No
105687,Female,31.0,25,One year,Fiber optic,Mailed check,No,135.13,3461.26,No
105688,Male,60.0,46,Month-to-month,DSL,Mailed check,Yes,45.4,2135.86,No
105689,Female,44.0,15,Month-to-month,DSL,Credit card,Yes,49.51,765.49,Yes
105690,Male,34.0,39,Month-to-month,No,Electronic check,Yes,61.91,2470.89,Yes
105691,Male,41.0,49,Month-to-month,Fiber optic,Electronic check,Yes,122.61,5859.48,Yes
105692,Female,26.0,66,Month-to-month,Fiber optic,Mailed check,Yes,75.01,4975.42,No
105693,Female,33.0,68,Month-to-month,No,Credit card,Yes,46.42,3252.72,Yes
105694,Male,35.0,58,Month-to-month,Fiber optic,Mailed check,Yes,93.08,5419.43,No
105695,Female,23.0,41,Two year,DSL,Mailed check,No,79.22,3252.79,Yes
105696,Male,44.0,64,Month-to-month,Fiber optic,Credit card,Yes,96.17,6097.64,No
105697,Male,32.0,8,Month-to-month,Fiber optic,Bank transfer,No,57.44,408.27,Yes
105698,Female,34.0,72,Month-to-month,Fiber optic,Electronic check,Yes,69.89,4984.98,No
105699,Female,32.0,15,Month-to-month,Fiber optic,Electronic check,Yes,112.14,1702.17,No
105700,Male,75.0,30,Month-to-month,Fiber optic,Bank transfer,Yes,94.23,2783.24,No
105701,Female,30.0,66,Month-to-month,DSL,Mailed check,No,92.22,5922.41,No
105702,Male,18.0,52,Two year,Fiber optic,Electronic check,Yes,82.65,4369.6,No
105703,Male,18.0,62,Two year,DSL,Mailed check,Yes,98.41,6148.42,No
105704,Male,49.0,50,One year,DSL,Credit card,No,79.33,3998.47,No
105705,Male,56.0,44,Month-to-month,Fiber optic,Bank transfer,Yes,70.91,3035.72,No
105706,Female,30.0,13,Month-to-month,Fiber optic,Mailed check,Yes,102.64,1290.02,Yes
105707,Male,56.0,72,Month-to-month,No,Electronic check,Yes,50.12,3655.35,No
105708,Male,49.0,46,One year,Fiber optic,Electronic check,No,122.59,5641.52,Yes
105709,Female,37.0,49,Month-to-month,Fiber optic,Credit card,Yes,109.2,5287.99,Yes
105710,Female,36.0,31,One year,DSL,Bank transfer,Yes,64.68,2122.05,No
105711,Male,41.0,69,Month-to-month,Fiber optic,Electronic check,No,79.38,5400.98,No
105712,Female,50.0,33,Month-to-month,DSL,Bank transfer,Yes,75.31,2216.58,No
105713,Male,44.0,14,Month-to-month,Fiber optic,Electronic check,Yes,79.68,1123.38,Yes
105714,Female,30.0,13,Month-to-month,Fiber optic,Electronic check,Yes,116.97,1532.3,No
105715,Female,37.0,51,One year,DSL,Electronic check,Yes,58.53,2990.25,No
105716,Male,65.0,54,One year,No,Credit card,Yes,34.44,1895.92,No
105717,Male,42.0,15,Month-to-month,Fiber optic,Bank transfer,Yes,77.53,1112.82,No
105718,Female,50.0,51,Month-to-month,Fiber optic,Mailed check,Yes,102.81,5335.66,No
105719,Male,46.0,72,Two year,Fiber optic,Mailed check,Yes,109.37,7751.68,No
105720,Male,43.0,39,Month-to-month,Fiber optic,Credit card,Yes,86.85,3385.22,No
105721,Female,40.0,70,One year,Fiber optic,Electronic check,Yes,68.15,4714.18,No
105722,Male,51.0,12,Month-to-month,DSL,Electronic check,No,70.9,941.41,Yes
105723,Female,48.0,30,One year,No,Credit card,Yes,55.62,1597.09,No
105724,Female,42.0,41,One year,Fiber optic,Credit card,No,32.0,1318.38,No
105725,Male,30.0,26,Month-to-month,Fiber optic,Electronic check,No,62.7,1637.86,Yes
105726,Male,44.0,8,Month-to-month,Fiber optic,Electronic check,Yes,96.76,791.7,Yes
105727,Female,38.0,33,Month-to-month,DSL,Bank transfer,Yes,65.23,2086.9,Yes
105728,Male,35.0,25,Month-to-month,Fiber optic,Electronic check,No,76.29,1940.16,No
105729,Male,74.0,15,One year,Fiber optic,Bank transfer,No,111.67,1677.63,No
105730,Male,19.0,27,Month-to-month,Fiber optic,Bank transfer,No,59.9,1648.21,No
105731,Female,51.0,31,Month-to-month,DSL,Bank transfer,Yes,50.34,1702.24,No
105732,Male,28.0,64,One year,Fiber optic,Mailed check,No,92.27,5915.72,No
105733,Female,41.0,36,Two year,No,Credit card,Yes,54.2,1861.64,No
105734,Male,72.0,30,Month-to-month,No,Credit card,Yes,54.08,1798.89,No
105735,Female,26.0,29,One year,Fiber optic,Bank transfer,No,122.73,3647.29,Yes
105736,Female,30.0,44,Month-to-month,Fiber optic,Mailed check,Yes,57.2,2575.66,No
105737,Male,39.0,20,One year,Fiber optic,Credit card,Yes,65.69,1297.36,Yes
105738,Female,28.0,63,Month-to-month,DSL,Mailed check,No,82.97,5293.68,No
105739,Male,50.0,31,One year,Fiber optic,Electronic check,No,82.78,2381.02,Yes
105740,Male,32.0,31,Month-to-month,Fiber optic,Electronic check,Yes,49.66,1678.62,No
105741,Female,48.0,5,Month-to-month,DSL,Electronic check,Yes,116.6,663.67,No
105742,Female,22.0,64,Two year,Fiber optic,Electronic check,Yes,64.14,4089.02,No
105743,Female,18.0,34,Month-to-month,DSL,Bank transfer,Yes,65.86,2317.62,No
105744,Male,36.0,10,Month-to-month,Fiber optic,Electronic check,Yes,94.92,1004.9,Yes
105745,Male,19.0,13,Month-to-month,Fiber optic,Mailed check,Yes,138.06,1703.94,Yes
105746,Male,59.0,27,One year,No,Credit card,Yes,61.76,1683.62,Yes
105747,Male,19.0,57,Month-to-month,DSL,Electronic check,Yes,49.01,2827.32,Yes
105748,Male,26.0,7,One year,DSL,Mailed check,Yes,84.44,579.03,No
105749,Female,44.0,9,Month-to-month,Fiber optic,Credit card,Yes,136.2,1206.07,No
105750,Male,31.0,41,One year,Fiber optic,Electronic check,No,87.4,3664.51,No
105751,Female,19.0,36,Two year,DSL,Electronic check,Yes,64.86,2350.8,No
105752,Male,66.0,69,Month-to-month,Fiber optic,Electronic check,Yes,93.78,6639.82,Yes
105753,Male,26.0,55,Month-to-month,No,Bank transfer,No,20.12,1047.81,No
105754,Male,36.0,48,Month-to-month,Fiber optic,Mailed check,No,68.62,3330.61,No
105755,Male,36.0,25,Month-to-month,DSL,Credit card,No,26.37,576.41,No
105756,Male,48.0,46,One year,DSL,Bank transfer,Yes,63.0,2958.97,No
105757,Male,45.0,43,Two year,Fiber optic,Bank transfer,Yes,71.18,2960.45,No
105758,Female,28.0,21,Two year,Fiber optic,Credit card,Yes,32.0,697.94,No
105759,Female,35.0,27,Two year,No,Electronic check,No,76.48,2171.22,No
105760,Male,36.0,68,Month-to-month,DSL,Bank transfer,Yes,87.45,5951.28,No
105761,Male,49.0,39,One year,Fiber optic,Bank transfer,Yes,79.16,2998.08,No
105762,Male,24.0,34,Month-to-month,No,Bank transfer,Yes,33.79,1233.92,No
105763,Male,65.0,58,Two year,DSL,Bank transfer,Yes,103.63,6042.96,No
105764,Male,29.0,20,One year,No,Electronic check,Yes,119.43,2380.93,No
105765,Male,39.0,16,Month-to-month,Fiber optic,Credit card,Yes,94.0,1416.9,Yes
105766,Female,24.0,72,One year,Fiber optic,Bank transfer,Yes,75.15,5265.87,No
105767,Male,22.0,58,One year,Fiber optic,Bank transfer,Yes,75.47,4579.9,No
105768,Male,28.0,31,Two year,No,Credit card,Yes,82.83,2516.14,No
105769,Male,26.0,69,One year,No,Mailed check,Yes,74.25,5033.89,No
105770,Female,34.0,27,Two year,DSL,Credit card,Yes,82.89,2266.35,No
105771,Male,26.0,49,Month-to-month,Fiber optic,Electronic check,Yes,95.25,4575.62,No
105772,Male,48.0,3,Month-to-month,DSL,Electronic check,Yes,53.55,205.48,Yes
105773,Male,29.0,51,One year,DSL,Electronic check,Yes,51.43,2744.53,No
105774,Male,27.0,13,Month-to-month,Fiber optic,Electronic check,Yes,76.99,905.66,Yes
105775,Male,34.0,18,Month-to-month,Fiber optic,Mailed check,Yes,95.69,1695.53,Yes
105776,Female,52.0,59,Two year,Fiber optic,Electronic check,Yes,45.01,2694.37,No
105777,Male,42.0,15,Two year,DSL,Bank transfer,No,66.28,884.57,No
105778,Male,38.0,35,Two year,DSL,Credit card,Yes,71.1,2406.52,No
105779,Female,20.0,67,Month-to-month,DSL,Bank transfer,Yes,59.83,3998.1,No
105780,Male,24.0,69,Month-to-month,DSL,Mailed check,Yes,107.07,7564.3,No
105781,Male,22.0,32,Two year,DSL,Credit card,Yes,102.8,3212.85,No
105782,Male,56.0,7,Month-to-month,No,Bank transfer,Yes,82.39,551.28,Yes
105783,Female,46.0,21,Month-to-month,DSL,Credit card,No,116.26,2664.62,Yes
105784,Female,28.0,45,Month-to-month,No,Electronic check,Yes,93.96,4299.76,No
105785,Female,32.0,25,Two year,DSL,Bank transfer,Yes,75.35,1731.27,No
105786,Female,28.0,52,Month-to-month,Fiber optic,Electronic check,No,72.08,3727.14,No
105787,Female,27.0,72,Month-to-month,DSL,Electronic check,Yes,62.12,4525.29,No
105788,Female,45.0,45,Month-to-month,DSL,Electronic check,Yes,81.51,3798.15,No
105789,Female,35.0,45,Month-to-month,Fiber optic,Bank transfer,No,74.71,3487.31,No
105790,Female,66.0,39,One year,DSL,Electronic check,No,34.08,1379.53,Yes
105791,Female,55.0,14,One year,Fiber optic,Mailed check,Yes,74.48,1107.24,Yes
105792,Male,56.0,42,One year,Fiber optic,Bank transfer,Yes,109.69,4490.07,Yes
105793,Male,48.0,68,Month-to-month,Fiber optic,Electronic check,Yes,32.0,2113.67,Yes
105794,Female,34.0,50,Month-to-month,Fiber optic,Electronic check,Yes,119.08,5837.24,Yes
105795,Male,47.0,55,Month-to-month,DSL,Credit card,No,86.35,4842.0,No
105796,Male,34.0,63,Two year,DSL,Credit card,Yes,66.14,4200.72,No
105797,Female,60.0,28,Month-to-month,Fiber optic,Credit card,Yes,91.19,2562.89,No
105798,Female,44.0,25,Month-to-month,No,Bank transfer,Yes,96.03,2539.67,No
105799,Female,42.0,70,Month-to-month,DSL,Electronic check,Yes,72.83,5146.54,Yes
105800,Male,41.0,34,Two year,DSL,Electronic check,Yes,95.72,3356.91,No
105801,Male,62.0,53,One year,Fiber optic,Mailed check,Yes,105.27,5647.38,Yes
105802,Male,20.0,46,Month-to-month,No,Credit card,Yes,76.38,3590.33,No
105803,Male,63.0,9,One year,DSL,Electronic check,Yes,44.23,304.23,Yes
105804,Female,37.0,23,Month-to-month,Fiber optic,Electronic check,No,81.56,1963.56,No
105805,Male,21.0,24,One year,Fiber optic,Bank transfer,Yes,32.97,833.86,No
105806,Male,29.0,13,Two year,DSL,Mailed check,No,83.14,1044.02,No
105807,Male,18.0,57,One year,Fiber optic,Mailed check,Yes,73.51,4251.67,No
105808,Female,47.0,70,Two year,Fiber optic,Credit card,No,68.62,4919.13,No
105809,Male,26.0,70,Month-to-month,DSL,Mailed check,Yes,88.39,6178.46,No
105810,Male,41.0,15,Month-to-month,DSL,Credit card,Yes,40.24,536.14,No
105811,Female,54.0,33,One year,DSL,Electronic check,No,74.8,2405.09,Yes
105812,Female,30.0,17,One year,DSL,Mailed check,Yes,63.5,953.93,No
105813,Male,36.0,5,Month-to-month,Fiber optic,Electronic check,Yes,79.49,382.28,Yes
105814,Female,22.0,45,Month-to-month,Fiber optic,Electronic check,No,91.11,4153.07,No
105815,Female,34.0,62,Month-to-month,Fiber optic,Electronic check,Yes,129.59,8190.61,Yes
105816,Male,72.0,6,Month-to-month,Fiber optic,Electronic check,No,93.96,491.24,Yes
105817,Male,49.0,47,Two year,Fiber optic,Electronic check,Yes,117.96,,No
105818,Female,36.0,3,Month-to-month,DSL,Mailed check,No,106.89,322.71,No
105819,Male,31.0,61,Two year,Fiber optic,Electronic check,No,103.24,6296.87,No
105820,Female,38.0,5,Month-to-month,DSL,Electronic check,Yes,25.9,20.0,Yes
105821,Female,41.0,32,One year,DSL,Mailed check,Yes,66.01,2021.34,No
105822,Female,34.0,9,Two year,Fiber optic,Electronic check,Yes,56.73,673.89,No
105823,Female,46.0,30,One year,Fiber optic,Electronic check,Yes,155.59,4758.53,No
105824,Male,27.0,31,Two year,DSL,Credit card,Yes,46.91,1479.67,No
105825,Female,27.0,39,Month-to-month,Fiber optic,Mailed check,Yes,46.57,1857.8,No
105826,Female,44.0,60,Month-to-month,DSL,Credit card,Yes,20.0,1266.91,No
105827,Male,24.0,72,One year,Fiber optic,Electronic check,No,58.09,4142.14,No
105828,Female,48.0,25,One year,Fiber optic,Mailed check,No,87.07,2140.11,Yes
105829,Male,39.0,67,One year,Fiber optic,Electronic check,Yes,111.18,7393.63,No
105830,Male,18.0,31,One year,DSL,Mailed check,Yes,45.25,1417.95,No
105831,Male,40.0,9,Month-to-month,Fiber optic,Credit card,No,113.29,916.06,Yes
105832,Male,18.0,44,Month-to-month,DSL,Credit card,Yes,70.41,3038.28,No
105833,Female,48.0,53,Two year,Fiber optic,Mailed check,No,71.86,3854.13,No
105834,Male,36.0,22,Month-to-month,No,Electronic check,Yes,76.32,1647.28,No
105835,Male,63.0,43,One year,DSL,Bank transfer,Yes,107.44,4462.37,No
105836,Female,53.0,32,One year,Fiber optic,Bank transfer,Yes,85.28,2694.83,No
105837,Female,25.0,11,Two year,DSL,Mailed check,Yes,44.29,536.28,No
105838,Male,18.0,28,Two year,Fiber optic,Mailed check,Yes,94.6,2659.24,No
105839,Male,29.0,31,Month-to-month,Fiber optic,Mailed check,Yes,94.2,2768.12,No
105840,Female,23.0,25,Two year,Fiber optic,Electronic check,Yes,79.24,2073.91,No
105841,Female,63.0,66,Month-to-month,Fiber optic,Mailed check,Yes,109.54,7207.46,No
105842,Female,39.0,28,Month-to-month,No,Electronic check,Yes,20.0,590.51,Yes
105843,Female,51.0,46,Two year,Fiber optic,Mailed check,Yes,92.93,4368.8,No
105844,Male,35.0,1,Month-to-month,No,Mailed check,Yes,91.61,80.47,Yes
105845,Female,37.0,23,Month-to-month,DSL,Mailed check,Yes,35.78,651.12,No
105846,Male,39.0,64,One year,No,Electronic check,No,34.92,2392.88,No
105847,Male,53.0,65,Two year,DSL,Bank transfer,Yes,96.95,6103.06,No
105848,Female,43.0,71,Month-to-month,DSL,Mailed check,Yes,101.36,7166.63,No
105849,Female,25.0,5,One year,Fiber optic,Electronic check,No,117.99,706.56,Yes
105850,Male,60.0,63,Month-to-month,DSL,Electronic check,No,54.68,3382.09,No
105851,Male,35.0,20,Month-to-month,Fiber optic,Electronic check,Yes,89.03,1723.17,Yes
105852,Female,33.0,1,One year,DSL,Electronic check,No,80.33,60.82,No
105853,Male,18.0,7,Month-to-month,Fiber optic,Mailed check,No,41.32,272.98,No
105854,Female,47.0,55,One year,DSL,Mailed check,No,75.93,4098.73,No
105855,Male,40.0,43,One year,DSL,Electronic check,Yes,75.47,3187.98,No
105856,Female,40.0,42,Two year,No,Electronic check,Yes,90.63,3903.19,No
105857,Male,34.0,64,Two year,Fiber optic,Mailed check,No,69.71,4413.63,No
105858,Male,32.0,7,Month-to-month,DSL,Electronic check,Yes,103.26,768.04,Yes
105859,Male,34.0,6,One year,Fiber optic,Credit card,No,86.01,433.91,No
105860,Female,45.0,68,One year,No,Mailed check,Yes,114.74,7926.92,No
105861,Female,47.0,44,Month-to-month,Fiber optic,Bank transfer,No,102.67,4601.87,No
105862,Female,36.0,56,One year,DSL,Electronic check,No,78.94,4412.57,No
105863,Female,51.0,38,One year,No,Credit card,Yes,42.45,1670.82,No
105864,Male,38.0,11,Month-to-month,Fiber optic,Mailed check,Yes,51.0,697.97,No
105865,Female,32.0,38,Month-to-month,DSL,Mailed check,No,112.02,4166.6,No
105866,Female,42.0,70,Month-to-month,DSL,Bank transfer,No,93.94,6480.77,No
105867,Female,21.0,9,Month-to-month,DSL,Electronic check,No,64.87,617.48,No
105868,Female,42.0,10,Two year,No,Credit card,No,61.58,499.45,No
105869,Female,19.0,25,Month-to-month,No,Electronic check,Yes,77.55,1799.05,No
105870,Female,26.0,33,One year,Fiber optic,Credit card,Yes,50.37,1517.92,No
105871,Female,18.0,46,One year,Fiber optic,Credit card,Yes,72.31,3339.62,No
105872,Male,37.0,12,Month-to-month,No,Mailed check,Yes,87.31,864.53,Yes
105873,Female,60.0,68,Month-to-month,Fiber optic,Credit card,Yes,102.66,6944.58,No
105874,Male,37.0,11,Month-to-month,Fiber optic,Electronic check,Yes,74.8,514.07,Yes
105875,Female,47.0,15,Month-to-month,No,Bank transfer,Yes,112.01,1719.56,Yes
105876,Male,70.0,70,Month-to-month,DSL,Electronic check,Yes,98.12,6913.84,No
105877,Female,44.0,28,Month-to-month,DSL,Electronic check,Yes,52.78,1458.72,No
105878,Male,29.0,42,One year,Fiber optic,Mailed check,No,52.1,2294.55,No
105879,Female,31.0,32,One year,Fiber optic,Mailed check,Yes,98.86,3235.11,No
105880,Male,39.0,19,Month-to-month,DSL,Bank transfer,Yes,60.75,1083.02,Yes
105881,Male,31.0,37,Month-to-month,DSL,Electronic check,Yes,56.0,1993.03,Yes
105882,Female,32.0,56,Two year,Fiber optic,Mailed check,Yes,89.57,5095.45,No
105883,Female,52.0,1,Month-to-month,Fiber optic,Electronic check,No,101.98,163.61,Yes
105884,Male,52.0,64,One year,No,Bank transfer,Yes,91.8,5850.99,No
105885,Male,18.0,14,Month-to-month,No,Electronic check,No,73.38,868.96,No
105886,Female,28.0,67,Two year,Fiber optic,Mailed check,No,32.0,2227.63,No
105887,Female,33.0,70,Month-to-month,Fiber optic,Credit card,Yes,107.86,7556.21,No
105888,Male,47.0,68,Month-to-month,Fiber optic,Credit card,Yes,63.85,4336.58,No
105889,Female,54.0,47,One year,DSL,Mailed check,No,79.71,3490.85,Yes
105890,Male,74.0,66,Month-to-month,Fiber optic,Electronic check,Yes,80.95,5390.65,Yes
105891,Female,33.0,62,One year,Fiber optic,Mailed check,No,140.1,8680.71,No
105892,Male,34.0,47,Month-to-month,No,Mailed check,Yes,123.45,5753.54,Yes
105893,Male,47.0,65,Month-to-month,No,Electronic check,Yes,60.51,3857.86,No
105894,Male,30.0,25,Month-to-month,DSL,Credit card,No,38.38,969.48,No
105895,Female,37.0,61,One year,No,Electronic check,Yes,40.34,2502.86,No
105896,Female,34.0,67,Two year,Fiber optic,Mailed check,Yes,90.79,6048.54,No
105897,Male,18.0,46,Month-to-month,DSL,Mailed check,Yes,58.51,2741.8,No
105898,Female,41.0,9,Two year,Fiber optic,Credit card,No,56.22,402.27,No
105899,Female,37.0,16,Two year,No,Bank transfer,Yes,58.91,883.85,No
105900,Female,56.0,13,Month-to-month,Fiber optic,Electronic check,No,95.28,1300.4,Yes
105901,Female,39.0,39,Month-to-month,Fiber optic,Bank transfer,Yes,82.04,3163.16,Yes
105902,Male,23.0,32,Month-to-month,Fiber optic,Credit card,Yes,71.94,2456.59,No
105903,Male,36.0,60,Month-to-month,Fiber optic,Bank transfer,Yes,75.08,4529.72,No
105904,Female,18.0,21,One year,Fiber optic,Electronic check,Yes,79.95,1573.83,Yes
105905,Male,23.0,12,Month-to-month,Fiber optic,Mailed check,Yes,89.57,933.63,No
105906,Male,47.0,45,Month-to-month,No,Credit card,Yes,79.03,,No
105907,Male,36.0,11,One year,Fiber optic,Electronic check,Yes,42.79,416.05,No
105908,Female,51.0,66,Month-to-month,DSL,Mailed check,Yes,76.17,5109.73,No
105909,Female,18.0,6,Two year,Fiber optic,Bank transfer,Yes,74.95,401.08,No
105910,Female,36.0,36,One year,Fiber optic,Bank transfer,Yes,58.66,2133.54,No
105911,Male,33.0,69,Month-to-month,Fiber optic,Electronic check,Yes,74.68,5122.73,No
105912,Male,51.0,40,Month-to-month,Fiber optic,Electronic check,Yes,112.9,4538.99,No
105913,Female,48.0,59,Month-to-month,DSL,Mailed check,No,92.22,5506.62,No
105914,Male,47.0,31,Two year,Fiber optic,Electronic check,Yes,86.43,2681.05,No
105915,Female,59.0,55,Month-to-month,No,Electronic check,No,49.57,2785.84,No
105916,Male,34.0,51,Two year,Fiber optic,Mailed check,Yes,50.01,2397.63,No
105917,Male,56.0,37,Two year,Fiber optic,Electronic check,No,60.45,2274.06,Yes
105918,Male,25.0,8,Month-to-month,Fiber optic,Mailed check,Yes,84.31,676.55,No
105919,Female,,70,One year,Fiber optic,Credit card,Yes,84.83,5914.51,No
105920,Female,49.0,4,One year,Fiber optic,Mailed check,Yes,67.72,55.68,Yes
105921,Male,19.0,26,Month-to-month,Fiber optic,Electronic check,No,105.95,2604.52,No
105922,Female,46.0,47,Two year,Fiber optic,Electronic check,No,93.61,4420.13,No
105923,Female,40.0,56,Month-to-month,Fiber optic,Mailed check,No,32.0,1823.82,No
105924,Female,53.0,39,Two year,Fiber optic,Mailed check,Yes,86.73,3419.31,No
105925,Female,38.0,29,One year,Fiber optic,Credit card,Yes,102.89,2983.16,No
105926,Male,40.0,30,Month-to-month,DSL,Bank transfer,No,77.06,2203.93,No
105927,Female,46.0,71,Month-to-month,Fiber optic,Mailed check,Yes,98.54,6903.82,Yes
105928,Female,30.0,25,Month-to-month,Fiber optic,Mailed check,Yes,77.41,1745.43,No
105929,Male,30.0,62,Month-to-month,DSL,Mailed check,No,70.37,4374.16,Yes
105930,Male,45.0,4,One year,DSL,Electronic check,Yes,70.89,455.07,No
105931,Female,39.0,48,Month-to-month,Fiber optic,Mailed check,Yes,88.6,4244.53,No
105932,Female,34.0,50,Two year,Fiber optic,Electronic check,No,69.52,3407.58,No
105933,Male,38.0,49,Month-to-month,Fiber optic,Mailed check,No,111.31,5456.5,Yes
105934,Male,60.0,31,Month-to-month,Fiber optic,Mailed check,Yes,119.57,3694.46,No
105935,Female,33.0,50,Month-to-month,No,Credit card,No,58.72,2779.73,No
105936,Male,33.0,33,Month-to-month,DSL,Electronic check,No,42.78,1434.61,No
105937,Male,18.0,43,One year,Fiber optic,Credit card,Yes,50.37,2156.14,No
105938,Female,38.0,65,Month-to-month,Fiber optic,Mailed check,No,94.12,6102.45,Yes
105939,Female,48.0,49,One year,DSL,Bank transfer,No,86.7,4427.25,No
105940,Male,50.0,54,Month-to-month,No,Bank transfer,No,82.23,4431.31,No
105941,Male,40.0,70,Month-to-month,No,Credit card,Yes,84.38,6070.63,No
105942,Male,51.0,16,Month-to-month,DSL,Bank transfer,Yes,57.79,850.2,No
105943,Male,49.0,43,Month-to-month,DSL,Electronic check,Yes,22.25,820.84,Yes
105944,Female,53.0,48,Month-to-month,No,Mailed check,Yes,59.57,2786.47,No
105945,Male,52.0,51,One year,DSL,Credit card,Yes,113.35,5886.45,Yes
105946,Male,59.0,10,Month-to-month,No,Mailed check,Yes,78.62,717.93,No
105947,Male,37.0,55,Month-to-month,DSL,Credit card,Yes,82.61,4415.2,No
105948,Female,22.0,14,Month-to-month,Fiber optic,Credit card,Yes,106.62,1523.3,Yes
105949,Female,48.0,30,Month-to-month,DSL,Electronic check,No,51.0,1495.49,No
105950,Female,49.0,52,Two year,Fiber optic,Credit card,Yes,89.59,4710.38,No
105951,Male,59.0,19,Two year,DSL,Electronic check,Yes,84.81,1550.95,Yes
105952,Female,56.0,10,One year,Fiber optic,Electronic check,Yes,60.69,523.8,No
105953,Male,64.0,49,Month-to-month,No,Bank transfer,No,81.1,4123.24,No
105954,Female,47.0,21,Month-to-month,DSL,Credit card,Yes,104.38,2117.04,No
105955,Female,42.0,60,Month-to-month,Fiber optic,Mailed check,Yes,73.98,4363.61,No
105956,Female,21.0,65,Two year,DSL,Electronic check,Yes,28.94,1922.65,No
105957,Male,43.0,26,Month-to-month,Fiber optic,Bank transfer,Yes,88.31,2045.26,No
105958,Female,32.0,54,Month-to-month,DSL,Bank transfer,No,55.59,3067.81,No
105959,Female,42.0,17,One year,Fiber optic,Bank transfer,Yes,88.53,1665.97,Yes
105960,Female,40.0,67,One year,Fiber optic,Electronic check,Yes,62.95,4295.52,No
105961,Male,45.0,18,Month-to-month,No,Electronic check,Yes,73.52,1229.66,No
105962,Female,38.0,64,Month-to-month,No,Mailed check,No,102.68,6506.42,No
105963,Female,51.0,57,Two year,DSL,Electronic check,Yes,71.3,4069.89,No
105964,Male,18.0,23,Month-to-month,DSL,Credit card,Yes,30.77,740.57,No
105965,Female,41.0,60,Two year,DSL,Electronic check,Yes,81.39,5028.66,No
105966,Male,55.0,46,Month-to-month,Fiber optic,Mailed check,Yes,84.5,4028.2,No
105967,Female,63.0,49,Two year,DSL,Credit card,Yes,77.33,3769.8,Yes
105968,Female,49.0,28,Two year,Fiber optic,Mailed check,Yes,108.33,2985.42,No
105969,Male,61.0,17,Month-to-month,No,Bank transfer,No,58.87,930.44,No
105970,Male,41.0,51,One year,DSL,Electronic check,Yes,64.8,3362.8,No
105971,Female,39.0,4,Month-to-month,DSL,Mailed check,Yes,46.26,282.23,No
105972,Male,46.0,26,Month-to-month,Fiber optic,Bank transfer,Yes,88.83,2315.72,Yes
105973,Male,39.0,11,Month-to-month,Fiber optic,Credit card,No,88.18,969.87,Yes
105974,Male,29.0,1,One year,Fiber optic,Bank transfer,Yes,77.51,267.69,No
105975,Female,32.0,1,Month-to-month,DSL,Electronic check,Yes,90.68,151.88,Yes
105976,Female,25.0,7,Month-to-month,No,Electronic check,No,46.08,137.8,No
105977,Female,46.0,68,Two year,Fiber optic,Credit card,Yes,87.17,5924.48,No
105978,Male,39.0,56,Two year,DSL,Mailed check,No,87.03,4891.81,No
105979,Male,34.0,72,Month-to-month,DSL,Electronic check,No,58.45,4184.15,No
105980,Female,32.0,7,Month-to-month,Fiber optic,Mailed check,No,49.66,461.18,No
105981,Female,46.0,72,Month-to-month,DSL,Electronic check,Yes,29.62,2102.96,No
105982,Female,49.0,44,Month-to-month,No,Electronic check,Yes,75.88,3250.1,No
105983,Female,24.0,58,Two year,Fiber optic,Credit card,No,126.35,7264.38,No
105984,Female,22.0,62,Two year,No,Mailed check,Yes,56.76,3579.82,No
105985,Male,51.0,19,Month-to-month,Fiber optic,Electronic check,Yes,95.28,,Yes
105986,Male,21.0,54,Month-to-month,No,Credit card,Yes,20.0,1035.63,No
105987,Female,46.0,47,Month-to-month,Fiber optic,Credit card,Yes,93.33,4462.76,Yes
105988,Female,60.0,30,Month-to-month,Fiber optic,Credit card,Yes,56.79,1581.27,No
105989,Female,60.0,36,Month-to-month,DSL,Bank transfer,Yes,62.17,2144.77,No
105990,Female,49.0,16,Month-to-month,Fiber optic,Credit card,Yes,85.97,1222.96,No
105991,Male,48.0,14,Month-to-month,Fiber optic,Electronic check,No,42.48,514.12,No
105992,Male,68.0,67,Month-to-month,Fiber optic,Credit card,Yes,162.0,10806.98,Yes
105993,Female,18.0,53,Two year,Fiber optic,Electronic check,Yes,68.87,3628.76,No
105994,Female,33.0,41,One year,DSL,Electronic check,Yes,87.18,3491.87,No
105995,Male,50.0,50,Month-to-month,Fiber optic,Electronic check,No,121.32,6031.6,Yes
105996,Male,35.0,30,Month-to-month,DSL,Electronic check,No,79.33,2468.07,No
105997,Female,55.0,18,Two year,Fiber optic,Bank transfer,Yes,53.31,989.63,No
105998,Female,38.0,68,Month-to-month,Fiber optic,Credit card,No,86.57,6078.86,No
105999,Female,41.0,72,Two year,No,Electronic check,Yes,26.06,1815.75,Yes
106000,Male,35.0,16,Month-to-month,Fiber optic,Credit card,Yes,75.73,1171.25,No
106001,Female,32.0,58,Two year,No,Bank transfer,Yes,113.92,6621.24,No
106002,Female,32.0,32,Month-to-month,No,Electronic check,No,36.72,1128.74,No
106003,Female,43.0,51,Two year,DSL,Bank transfer,No,51.4,2619.01,No
106004,Female,29.0,8,Month-to-month,Fiber optic,Electronic check,Yes,130.34,870.13,Yes
106005,Male,51.0,35,Two year,DSL,Electronic check,Yes,67.64,2334.04,No
106006,Male,47.0,9,One year,No,Mailed check,Yes,49.66,525.94,No
106007,Male,53.0,59,Month-to-month,Fiber optic,,Yes,93.73,5701.4,Yes
106008,Female,24.0,29,One year,DSL,Electronic check,Yes,60.28,1878.51,No
106009,Male,18.0,19,Month-to-month,DSL,Electronic check,No,20.0,,No
106010,Male,39.0,51,Month-to-month,Fiber optic,Mailed check,No,49.99,2592.8,No
106011,Male,75.0,69,Month-to-month,DSL,Bank transfer,Yes,123.42,8545.73,No
106012,Female,55.0,25,One year,Fiber optic,Credit card,No,92.2,2255.11,No
106013,Female,32.0,52,Two year,No,Mailed check,Yes,108.59,5560.36,No
106014,Female,45.0,50,Month-to-month,DSL,Credit card,Yes,46.27,2335.85,No
106015,Female,48.0,36,One year,Fiber optic,Bank transfer,Yes,82.62,2964.41,No
106016,Male,21.0,58,Two year,Fiber optic,Electronic check,No,79.78,4702.78,No
106017,Male,57.0,10,One year,DSL,Mailed check,Yes,58.32,368.95,No
106018,Male,37.0,64,Month-to-month,DSL,Electronic check,Yes,77.26,4929.02,No
106019,Female,38.0,30,Month-to-month,DSL,Bank transfer,Yes,44.13,1432.73,No
106020,Female,39.0,4,Month-to-month,No,Electronic check,No,102.24,460.84,Yes
106021,Male,54.0,72,Month-to-month,Fiber optic,Electronic check,Yes,95.68,6800.49,No
106022,Male,29.0,56,Month-to-month,Fiber optic,Credit card,Yes,79.65,4342.59,No
106023,Male,18.0,59,One year,No,Credit card,No,75.33,,No
106024,Female,43.0,11,One year,DSL,Mailed check,Yes,64.44,779.51,No
106025,Male,18.0,55,One year,DSL,Bank transfer,Yes,28.91,1636.52,No
106026,Female,35.0,51,Month-to-month,DSL,Credit card,Yes,47.23,2419.12,No
106027,Male,54.0,65,Month-to-month,Fiber optic,Electronic check,Yes,79.5,5225.28,No
106028,Female,47.0,27,One year,Fiber optic,Bank transfer,No,75.18,2053.03,No
106029,Female,53.0,67,Month-to-month,Fiber optic,Electronic check,No,100.19,6766.67,No
106030,Male,47.0,51,Two year,DSL,Credit card,Yes,86.01,4470.88,No
106031,Female,70.0,19,Month-to-month,Fiber optic,Electronic check,Yes,70.0,1289.96,Yes
106032,Female,31.0,16,Month-to-month,Fiber optic,Bank transfer,Yes,60.08,881.56,No
106033,Female,44.0,66,One year,Fiber optic,Electronic check,Yes,102.87,6855.02,No
106034,Female,33.0,47,One year,DSL,Mailed check,Yes,76.73,3560.34,No
106035,Male,,9,Month-to-month,Fiber optic,Credit card,No,68.46,440.96,Yes
106036,Male,38.0,10,One year,DSL,Electronic check,Yes,43.45,562.96,Yes
106037,Female,61.0,60,Month-to-month,DSL,Credit card,Yes,55.1,3328.86,No
106038,Male,32.0,13,Month-to-month,Fiber optic,Electronic check,Yes,93.8,1238.25,Yes
106039,Male,57.0,16,Month-to-month,Fiber optic,Mailed check,No,126.17,2002.08,No
106040,Male,47.0,45,One year,Fiber optic,Bank transfer,Yes,78.7,3616.85,No
106041,Male,39.0,63,One year,DSL,Electronic check,No,51.18,3108.85,No
106042,Male,46.0,25,Month-to-month,DSL,Bank transfer,Yes,125.93,3148.57,No
106043,Male,42.0,48,One year,Fiber optic,Mailed check,Yes,74.7,3611.0,No
106044,Female,44.0,51,One year,Fiber optic,Mailed check,Yes,64.15,3321.24,No
106045,Female,36.0,44,Month-to-month,Fiber optic,Bank transfer,No,73.82,3094.31,Yes
106046,Male,30.0,50,Month-to-month,Fiber optic,Mailed check,Yes,72.57,3681.95,No
106047,Male,35.0,17,Month-to-month,DSL,Electronic check,Yes,103.76,1726.24,No
106048,Female,18.0,45,Month-to-month,Fiber optic,Electronic check,No,42.16,1838.56,No
106049,Male,50.0,1,Two year,No,Credit card,Yes,86.86,20.0,No
106050,Male,23.0,53,Two year,DSL,Mailed check,Yes,71.73,4002.62,No
106051,Male,36.0,58,Month-to-month,Fiber optic,Electronic check,Yes,70.08,4053.11,No
106052,Male,47.0,58,Month-to-month,DSL,Electronic check,Yes,63.6,3710.91,No
106053,Male,50.0,3,Month-to-month,DSL,Bank transfer,No,65.73,102.53,No
106054,Male,18.0,66,Month-to-month,Fiber optic,Mailed check,Yes,86.2,5551.56,Yes
106055,Female,38.0,32,Month-to-month,Fiber optic,Electronic check,Yes,72.72,2400.36,Yes
106056,Female,45.0,6,Month-to-month,DSL,Credit card,Yes,70.36,300.66,No
106057,Male,40.0,39,Month-to-month,Fiber optic,Credit card,No,64.57,2635.55,No
106058,Female,56.0,42,Month-to-month,DSL,Credit card,Yes,126.55,5477.15,No
106059,Female,28.0,29,Month-to-month,Fiber optic,Mailed check,Yes,109.23,3097.88,Yes
106060,Male,18.0,54,Month-to-month,Fiber optic,Electronic check,No,96.21,5153.83,No
106061,Male,50.0,40,Month-to-month,DSL,Electronic check,No,60.9,2207.12,No
106062,Female,32.0,16,Month-to-month,Fiber optic,Electronic check,Yes,104.54,1515.77,No
106063,Male,18.0,45,Month-to-month,Fiber optic,Bank transfer,Yes,91.48,4173.47,No
106064,Male,37.0,19,Month-to-month,No,Electronic check,No,74.98,1537.53,Yes
106065,Male,55.0,9,Two year,DSL,Mailed check,Yes,58.67,457.67,No
106066,Male,23.0,20,Month-to-month,Fiber optic,Mailed check,No,90.86,1760.46,Yes
106067,Male,69.0,66,One year,DSL,Bank transfer,Yes,114.09,7387.63,No
106068,Male,28.0,42,Month-to-month,DSL,Electronic check,Yes,74.02,3007.12,No
106069,Male,40.0,23,Month-to-month,DSL,Credit card,Yes,65.41,1624.01,No
106070,Female,23.0,27,Month-to-month,Fiber optic,Mailed check,Yes,86.48,2362.86,No
106071,Male,40.0,62,One year,DSL,Mailed check,Yes,73.09,4370.02,No
106072,Female,37.0,48,Two year,No,Credit card,Yes,58.32,2850.34,No
106073,Female,20.0,56,Month-to-month,Fiber optic,Electronic check,No,65.47,3879.73,No
106074,Female,75.0,44,Month-to-month,No,Credit card,Yes,91.83,4005.06,No
106075,Female,33.0,72,One year,DSL,Credit card,Yes,102.13,7293.39,No
106076,Male,33.0,48,Month-to-month,DSL,Credit card,Yes,128.65,,Yes
106077,Male,52.0,29,Month-to-month,Fiber optic,Mailed check,Yes,95.46,2858.92,Yes
106078,Male,63.0,19,Two year,Fiber optic,Electronic check,Yes,86.92,1725.42,No
106079,Female,54.0,4,Month-to-month,Fiber optic,Electronic check,Yes,106.54,397.62,Yes
106080,Female,23.0,56,Month-to-month,Fiber optic,Bank transfer,Yes,61.3,3394.95,No
106081,Female,42.0,68,Month-to-month,Fiber optic,Electronic check,No,100.06,6648.89,No
106082,Male,18.0,48,Month-to-month,No,Electronic check,Yes,97.97,4591.88,Yes
106083,Male,51.0,36,Two year,DSL,Credit card,No,97.61,3546.42,No
106084,Female,18.0,10,Month-to-month,Fiber optic,Mailed check,Yes,125.68,1208.69,Yes
106085,Female,29.0,47,Month-to-month,Fiber optic,Electronic check,Yes,69.04,3267.06,No
106086,Female,39.0,15,Month-to-month,Fiber optic,Bank transfer,Yes,71.69,1053.87,Yes
106087,Male,45.0,45,Month-to-month,Fiber optic,Electronic check,Yes,78.62,3543.46,No
106088,Male,,22,Month-to-month,Fiber optic,Mailed check,No,56.11,1236.17,No
106089,Male,59.0,63,Month-to-month,No,Electronic check,No,85.46,5451.13,Yes
106090,Female,48.0,68,Month-to-month,DSL,Mailed check,No,88.88,6120.22,No
106091,Male,47.0,17,Month-to-month,DSL,Electronic check,No,86.04,1461.13,Yes
106092,Female,23.0,24,One year,DSL,Bank transfer,No,75.73,1799.14,No
106093,Male,61.0,67,Month-to-month,DSL,Electronic check,Yes,97.15,6505.82,No
106094,Male,29.0,2,Two year,Fiber optic,Electronic check,Yes,98.38,126.2,No
106095,Male,62.0,38,Month-to-month,Fiber optic,Credit card,Yes,68.94,2717.48,Yes
106096,Female,65.0,11,Month-to-month,Fiber optic,Credit card,No,32.0,301.41,No
106097,Female,46.0,32,Two year,No,Mailed check,No,63.73,2024.97,No
106098,Female,52.0,3,Two year,No,Credit card,No,72.98,234.8,No
106099,Female,18.0,11,Month-to-month,Fiber optic,Electronic check,No,85.18,964.88,Yes
106100,Male,36.0,30,Month-to-month,Fiber optic,Mailed check,No,79.52,2409.8,Yes
106101,Male,53.0,5,Two year,DSL,Credit card,Yes,58.58,280.6,No
106102,Female,51.0,58,Month-to-month,Fiber optic,Mailed check,Yes,62.83,3792.17,No
106103,Male,23.0,42,Month-to-month,Fiber optic,Electronic check,No,58.18,2450.34,No
106104,Male,,33,Month-to-month,DSL,Credit card,Yes,82.87,2712.1,No
106105,Female,18.0,35,Two year,Fiber optic,Electronic check,Yes,111.21,4054.13,No
106106,Female,44.0,61,One year,Fiber optic,Electronic check,Yes,52.72,3145.92,No
106107,Male,18.0,61,Month-to-month,DSL,Bank transfer,Yes,70.47,4460.21,No
106108,Female,54.0,4,Two year,Fiber optic,Electronic check,No,103.72,235.29,Yes
106109,Female,54.0,50,Month-to-month,Fiber optic,Electronic check,No,79.28,3927.85,No
106110,Female,33.0,34,One year,DSL,Electronic check,Yes,89.9,2906.33,No
106111,Female,46.0,57,Month-to-month,DSL,Mailed check,Yes,98.96,5518.13,No
106112,Male,36.0,57,One year,DSL,Mailed check,Yes,81.86,4706.78,No
106113,Male,42.0,51,Month-to-month,Fiber optic,Bank transfer,Yes,71.61,3677.81,No
106114,Female,24.0,49,Month-to-month,Fiber optic,Mailed check,Yes,116.88,5672.37,Yes
106115,Male,47.0,16,Month-to-month,DSL,Bank transfer,Yes,65.31,1191.99,No
106116,Male,18.0,62,Two year,Fiber optic,Electronic check,Yes,77.31,4895.31,No
106117,Female,18.0,51,Month-to-month,Fiber optic,Electronic check,Yes,96.87,4935.73,Yes
106118,Male,37.0,20,Month-to-month,Fiber optic,Credit card,Yes,76.46,1366.43,No
106119,Female,36.0,17,Month-to-month,No,Mailed check,No,66.4,1215.1,Yes
106120,Male,43.0,37,One year,Fiber optic,Electronic check,Yes,74.66,2718.98,No
106121,Male,31.0,25,One year,DSL,Credit card,Yes,67.48,1713.3,No
106122,Female,64.0,49,Month-to-month,Fiber optic,Mailed check,No,88.92,4428.87,No
106123,Female,41.0,30,Month-to-month,DSL,Mailed check,Yes,22.68,644.29,No
106124,Male,42.0,13,One year,Fiber optic,Electronic check,No,81.55,1175.24,Yes
106125,Male,42.0,29,Month-to-month,No,Bank transfer,Yes,27.88,774.36,Yes
106126,Male,52.0,59,Month-to-month,Fiber optic,Electronic check,Yes,73.84,4405.05,Yes
106127,Male,46.0,60,Month-to-month,DSL,Bank transfer,Yes,80.45,4894.96,No
106128,Female,45.0,23,Month-to-month,DSL,Bank transfer,No,63.81,1549.74,No
106129,Male,49.0,58,Two year,No,Bank transfer,No,89.57,5352.04,No
106130,Male,18.0,7,One year,DSL,Electronic check,Yes,80.69,490.83,No
106131,Male,18.0,71,Month-to-month,No,Electronic check,No,20.0,1318.05,No
106132,Male,38.0,56,Two year,DSL,Credit card,Yes,101.95,5680.27,No
106133,Female,36.0,3,Month-to-month,Fiber optic,Credit card,Yes,90.24,544.65,Yes
106134,Male,47.0,51,Two year,DSL,Electronic check,Yes,57.77,3067.82,No
106135,Female,39.0,36,Month-to-month,DSL,Electronic check,Yes,60.26,2119.85,Yes
106136,Male,47.0,64,Two year,DSL,Bank transfer,Yes,20.0,1248.71,No
106137,Male,23.0,18,Two year,DSL,Credit card,Yes,77.44,1392.56,No
106138,Female,39.0,65,Two year,DSL,Credit card,Yes,88.28,5762.77,No
106139,Male,22.0,63,Month-to-month,DSL,Bank transfer,Yes,55.0,3522.71,No
106140,Male,44.0,21,Two year,Fiber optic,Electronic check,Yes,61.38,1350.44,No
106141,Male,18.0,32,One year,Fiber optic,Bank transfer,Yes,87.51,2908.02,No
106142,Male,44.0,47,Month-to-month,DSL,Credit card,Yes,101.87,4968.15,Yes
106143,Female,20.0,18,Month-to-month,Fiber optic,Electronic check,Yes,111.27,1990.84,Yes
106144,Female,34.0,72,One year,Fiber optic,Mailed check,Yes,104.72,7520.61,No
106145,Male,51.0,14,Two year,No,Electronic check,Yes,122.5,1682.22,Yes
106146,Female,42.0,18,One year,Fiber optic,Electronic check,Yes,107.11,1903.06,Yes
106147,Female,18.0,37,Month-to-month,Fiber optic,Credit card,Yes,112.92,4211.24,Yes
106148,Female,30.0,35,One year,No,Electronic check,Yes,74.18,2653.5,No
106149,Male,19.0,4,Month-to-month,No,Bank transfer,Yes,63.33,408.68,No
106150,Female,18.0,66,Month-to-month,No,Electronic check,Yes,100.37,6560.61,Yes
106151,Male,41.0,18,One year,Fiber optic,Electronic check,Yes,59.47,1102.74,No
106152,Female,46.0,8,One year,Fiber optic,Mailed check,Yes,94.59,681.06,Yes
106153,Female,45.0,38,One year,No,Electronic check,No,56.8,2194.84,No
106154,Male,47.0,67,Month-to-month,Fiber optic,Bank transfer,Yes,92.48,6436.69,No
106155,Male,39.0,1,Month-to-month,DSL,Electronic check,Yes,78.7,66.39,Yes
106156,Female,35.0,36,One year,No,Bank transfer,No,76.07,2959.24,No
106157,Male,25.0,66,Month-to-month,No,Credit card,Yes,71.56,4647.63,No
106158,Female,33.0,65,Two year,DSL,Mailed check,Yes,85.31,5503.72,No
106159,Female,22.0,13,Two year,DSL,Electronic check,Yes,89.32,1130.32,Yes
106160,Male,28.0,45,Two year,No,Credit card,No,37.03,1682.09,No
106161,Male,40.0,61,Two year,DSL,Electronic check,Yes,70.87,4309.2,Yes
106162,Male,37.0,49,Month-to-month,Fiber optic,Electronic check,Yes,73.55,3672.71,Yes
106163,Male,75.0,48,Month-to-month,DSL,Credit card,Yes,76.85,3441.51,No
106164,Male,22.0,56,Two year,DSL,Electronic check,Yes,61.6,3361.41,No
106165,Male,37.0,33,Month-to-month,Fiber optic,Bank transfer,Yes,115.88,3994.54,Yes
106166,Female,20.0,5,Two year,No,Electronic check,No,70.29,224.76,No
106167,Male,34.0,47,Month-to-month,Fiber optic,Bank transfer,Yes,108.66,5074.92,Yes
106168,Female,34.0,46,Two year,DSL,Bank transfer,No,48.2,2272.32,No
106169,Female,50.0,62,Month-to-month,DSL,Mailed check,No,64.98,4024.67,No
106170,Female,33.0,67,Two year,DSL,Mailed check,Yes,56.63,3717.72,No
106171,Female,37.0,25,Month-to-month,No,Electronic check,Yes,81.84,2086.06,Yes
106172,Male,33.0,69,One year,Fiber optic,Electronic check,Yes,54.38,3827.45,No
106173,Female,21.0,1,Two year,No,Credit card,No,29.28,20.0,No
106174,Male,31.0,70,Month-to-month,No,Credit card,Yes,56.36,3981.87,No
106175,Male,34.0,10,Month-to-month,Fiber optic,Bank transfer,Yes,98.03,1057.77,Yes
106176,Male,40.0,47,Month-to-month,DSL,Bank transfer,Yes,51.76,2529.96,No
106177,Female,46.0,50,One year,No,Mailed check,Yes,78.64,3965.31,No
106178,Female,36.0,46,One year,DSL,Mailed check,Yes,55.82,2721.57,No
106179,Female,36.0,72,One year,No,Bank transfer,Yes,28.18,2033.22,No
106180,Female,18.0,40,Month-to-month,Fiber optic,Electronic check,No,105.3,4123.53,Yes
106181,Male,46.0,10,Month-to-month,DSL,Mailed check,No,88.23,862.64,No
106182,Female,30.0,44,Two year,Fiber optic,Electronic check,No,83.0,3761.09,No
106183,Male,49.0,21,One year,Fiber optic,Electronic check,Yes,85.07,1706.06,Yes
106184,Female,56.0,45,Month-to-month,Fiber optic,Bank transfer,Yes,78.81,3344.68,No
106185,Male,37.0,28,Month-to-month,Fiber optic,Electronic check,Yes,58.19,1670.7,No
106186,Female,26.0,4,Month-to-month,DSL,Bank transfer,Yes,104.65,378.65,No
106187,Male,39.0,46,One year,Fiber optic,Credit card,No,81.48,3950.41,No
106188,Female,44.0,7,One year,Fiber optic,Credit card,Yes,93.04,675.26,Yes
106189,Male,35.0,24,One year,No,Credit card,Yes,59.53,1540.07,No
106190,Male,32.0,45,One year,No,Credit card,No,83.07,3694.0,No
106191,Female,46.0,64,Two year,Fiber optic,Mailed check,Yes,112.63,7261.77,No
106192,Male,45.0,23,Month-to-month,No,Bank transfer,No,76.17,1785.35,No
106193,Male,34.0,22,Month-to-month,Fiber optic,Bank transfer,Yes,93.01,2170.37,No
106194,Male,18.0,22,Month-to-month,DSL,Credit card,No,93.95,2084.12,No
106195,Male,45.0,42,Two year,DSL,Mailed check,No,89.68,3719.43,No
106196,Male,29.0,14,Month-to-month,No,Mailed check,Yes,98.1,1466.88,Yes
106197,Female,42.0,38,Month-to-month,Fiber optic,Credit card,Yes,92.02,3432.48,Yes
106198,Male,41.0,58,One year,No,Bank transfer,Yes,80.01,4567.02,No
106199,Male,18.0,6,Month-to-month,Fiber optic,Electronic check,No,89.98,535.92,No
106200,Male,40.0,70,Month-to-month,DSL,Mailed check,Yes,93.62,6524.05,No
106201,Female,46.0,39,One year,Fiber optic,Mailed check,No,73.21,2856.69,No
106202,Female,47.0,46,Two year,Fiber optic,Bank transfer,No,97.26,4413.85,No
106203,Male,41.0,45,Month-to-month,Fiber optic,Credit card,Yes,141.44,6465.6,Yes
106204,Male,18.0,69,Month-to-month,No,Bank transfer,Yes,80.97,5686.43,No
106205,Male,56.0,48,Two year,Fiber optic,Credit card,Yes,54.07,2670.12,No
106206,Female,44.0,64,One year,Fiber optic,Electronic check,Yes,76.75,4977.87,No
106207,Female,23.0,21,One year,Fiber optic,Electronic check,Yes,99.52,1923.6,Yes
106208,Female,29.0,16,Month-to-month,DSL,Electronic check,Yes,55.24,894.31,No
106209,Male,42.0,47,Month-to-month,No,Mailed check,Yes,47.55,2312.05,Yes
106210,Female,48.0,12,Month-to-month,DSL,Credit card,Yes,37.52,570.9,Yes
106211,Male,33.0,9,Month-to-month,Fiber optic,Bank transfer,Yes,78.79,690.76,Yes
106212,Female,50.0,16,One year,Fiber optic,Mailed check,Yes,124.29,2105.96,Yes
106213,Female,18.0,20,One year,DSL,Mailed check,Yes,58.72,1202.06,Yes
106214,Male,25.0,7,Two year,Fiber optic,Credit card,No,105.9,508.83,No
106215,Female,18.0,53,Month-to-month,Fiber optic,Electronic check,Yes,77.02,4073.13,Yes
106216,Female,,42,Month-to-month,Fiber optic,Electronic check,Yes,74.32,3045.83,Yes
106217,Male,59.0,15,One year,Fiber optic,Bank transfer,No,96.92,1398.71,Yes
106218,Male,66.0,21,Month-to-month,DSL,Bank transfer,No,33.66,801.54,No
106219,Male,42.0,67,Month-to-month,DSL,Mailed check,Yes,113.73,7646.68,No
106220,Female,31.0,66,Month-to-month,Fiber optic,Electronic check,No,97.43,6383.72,No
106221,Male,36.0,9,Month-to-month,Fiber optic,Mailed check,Yes,110.29,931.71,No
106222,Male,45.0,45,Month-to-month,Fiber optic,Electronic check,No,77.55,3529.17,No
106223,Female,19.0,24,Month-to-month,DSL,Electronic check,Yes,84.41,2009.25,No
106224,Male,32.0,26,Two year,DSL,Electronic check,Yes,95.32,2541.01,No
106225,Male,58.0,44,Month-to-month,Fiber optic,Electronic check,No,81.73,3521.75,No
106226,Female,25.0,71,One year,No,Mailed check,Yes,50.17,3527.82,No
106227,Female,29.0,42,One year,Fiber optic,Bank transfer,Yes,60.42,2436.88,No
106228,Female,39.0,69,Month-to-month,Fiber optic,Electronic check,No,73.43,5016.85,No
106229,Male,43.0,60,Month-to-month,Fiber optic,Mailed check,Yes,89.67,5576.2,No
106230,Male,31.0,57,Month-to-month,Fiber optic,Mailed check,Yes,79.93,4489.73,No
106231,Male,40.0,57,Month-to-month,Fiber optic,Electronic check,Yes,71.76,4047.71,No
106232,Female,47.0,58,Month-to-month,DSL,Bank transfer,No,88.95,5084.93,Yes
106233,Male,64.0,19,Two year,Fiber optic,Electronic check,Yes,72.47,1360.44,No
106234,Male,37.0,71,Month-to-month,DSL,Credit card,Yes,57.06,4044.75,No
106235,Female,38.0,67,Month-to-month,DSL,Bank transfer,Yes,95.48,6506.81,No
106236,Female,59.0,44,Two year,DSL,Electronic check,Yes,85.76,3736.93,No
106237,Female,32.0,52,One year,DSL,Credit card,Yes,41.37,2161.52,No
106238,Male,22.0,64,One year,DSL,Mailed check,Yes,38.73,2310.05,No
106239,Female,42.0,11,Month-to-month,DSL,Electronic check,Yes,44.31,409.58,No
106240,Male,53.0,5,Two year,DSL,Mailed check,No,71.23,453.87,No
106241,Female,44.0,72,One year,DSL,Bank transfer,No,101.46,7228.1,No
106242,Male,38.0,40,One year,DSL,Bank transfer,Yes,108.18,4396.28,No
106243,Female,20.0,52,One year,Fiber optic,Bank transfer,Yes,102.76,5260.21,No
106244,Male,38.0,37,Month-to-month,No,Credit card,Yes,119.82,4417.78,No
106245,Female,55.0,38,Two year,Fiber optic,Credit card,Yes,89.04,3537.86,No
106246,Male,23.0,3,Two year,DSL,Electronic check,Yes,99.73,366.25,Yes
106247,Female,36.0,21,One year,Fiber optic,Credit card,Yes,69.72,1288.43,Yes
106248,Male,34.0,7,Month-to-month,Fiber optic,Electronic check,Yes,45.1,605.62,Yes
106249,Male,30.0,32,One year,DSL,Credit card,Yes,64.28,1963.49,No
106250,Male,42.0,2,Month-to-month,Fiber optic,Electronic check,No,80.87,329.71,Yes
106251,Female,45.0,58,One year,DSL,Electronic check,Yes,136.62,7883.8,No
106252,Male,45.0,22,Month-to-month,Fiber optic,Mailed check,Yes,83.99,1737.19,Yes
106253,Male,26.0,54,One year,Fiber optic,Electronic check,Yes,58.55,3121.1,No
106254,Female,18.0,4,Two year,Fiber optic,Credit card,No,108.12,373.68,No
106255,Male,42.0,3,Month-to-month,DSL,Electronic check,No,53.01,,No
106256,Male,32.0,31,One year,DSL,Mailed check,Yes,75.59,2348.67,No
106257,Female,63.0,57,Two year,No,Credit card,Yes,93.93,5397.03,No
106258,Female,63.0,59,Month-to-month,Fiber optic,Bank transfer,Yes,60.71,3709.73,Yes
106259,Female,65.0,40,Month-to-month,Fiber optic,Bank transfer,Yes,121.94,4896.9,No
106260,Female,27.0,45,Month-to-month,No,Credit card,Yes,100.17,4514.62,No
106261,Male,46.0,50,Two year,Fiber optic,Electronic check,Yes,92.83,4576.47,No
106262,Male,50.0,49,Month-to-month,DSL,Electronic check,Yes,115.79,5648.49,No
106263,Male,49.0,54,Month-to-month,Fiber optic,Electronic check,Yes,74.44,3974.39,Yes
106264,Female,34.0,3,Month-to-month,DSL,Electronic check,No,91.85,151.96,No
106265,Female,56.0,31,Month-to-month,Fiber optic,Electronic check,Yes,90.97,3049.65,No
106266,Male,39.0,61,Month-to-month,Fiber optic,Bank transfer,Yes,68.05,4172.87,No
106267,Female,41.0,32,One year,DSL,Electronic check,No,56.81,1840.87,No
106268,Male,19.0,11,Month-to-month,DSL,Bank transfer,Yes,122.78,1460.17,No
106269,Male,47.0,48,One year,Fiber optic,Bank transfer,Yes,110.48,5070.7,No
106270,Female,36.0,22,One year,Fiber optic,Mailed check,No,106.24,2538.77,No
106271,Female,45.0,37,Two year,DSL,Mailed check,Yes,56.37,2008.39,No
106272,Female,42.0,38,Month-to-month,DSL,Electronic check,No,89.7,3329.1,No
106273,Female,41.0,51,One year,Fiber optic,Bank transfer,Yes,74.8,3765.94,No
106274,Female,38.0,67,One year,Fiber optic,Mailed check,No,126.45,8560.74,No
106275,Female,49.0,50,Month-to-month,Fiber optic,Credit card,Yes,114.32,5908.99,Yes
106276,Male,36.0,72,Month-to-month,Fiber optic,Mailed check,No,106.98,7850.12,No
106277,Male,20.0,2,Month-to-month,Fiber optic,Bank transfer,Yes,104.44,165.51,Yes
106278,Female,46.0,57,One year,Fiber optic,Electronic check,Yes,81.81,4501.33,No
106279,Male,28.0,31,Month-to-month,DSL,Electronic check,Yes,84.18,2572.29,No
106280,Male,22.0,53,Two year,DSL,Mailed check,Yes,110.53,5800.53,No
106281,Male,26.0,7,Two year,DSL,Bank transfer,Yes,83.67,437.65,No
106282,Male,43.0,38,One year,No,Mailed check,Yes,50.98,1989.7,No
106283,Female,38.0,3,Two year,Fiber optic,Credit card,Yes,115.37,346.51,No
106284,Male,18.0,48,One year,DSL,Electronic check,Yes,55.01,2685.53,No
106285,Male,34.0,16,Month-to-month,Fiber optic,Credit card,Yes,83.26,1398.01,Yes
106286,Female,54.0,11,Month-to-month,DSL,Credit card,Yes,60.16,723.39,No
106287,Male,33.0,6,Two year,Fiber optic,Electronic check,No,32.0,186.2,No
106288,Male,37.0,20,Month-to-month,Fiber optic,Electronic check,No,88.38,1915.2,Yes
106289,Male,53.0,70,Two year,Fiber optic,Mailed check,Yes,138.32,9638.3,No
106290,Female,49.0,71,Month-to-month,Fiber optic,Electronic check,No,92.0,6474.53,Yes
106291,Male,52.0,6,Month-to-month,No,Electronic check,No,146.08,855.62,No
106292,Female,18.0,71,One year,DSL,Mailed check,Yes,68.17,4888.49,No
106293,Male,62.0,43,Two year,Fiber optic,Bank transfer,Yes,89.54,3911.62,No
106294,Female,47.0,24,Two year,No,Electronic check,Yes,69.39,1634.73,Yes
106295,Male,71.0,68,Month-to-month,DSL,Credit card,Yes,73.51,4969.93,No
106296,Female,29.0,18,Month-to-month,Fiber optic,Electronic check,No,93.25,1795.93,No
106297,Male,18.0,14,One year,No,Electronic check,Yes,109.76,1418.95,No
106298,Female,39.0,17,Two year,Fiber optic,Electronic check,Yes,63.03,1318.75,No
106299,Male,35.0,11,Month-to-month,DSL,Credit card,Yes,72.22,767.36,No
106300,Male,47.0,35,One year,DSL,Credit card,Yes,87.39,3040.25,No
106301,Male,53.0,11,Month-to-month,Fiber optic,Electronic check,No,116.0,1309.28,Yes
106302,Male,38.0,17,One year,No,Bank transfer,No,20.0,387.88,No
106303,Male,36.0,27,Month-to-month,DSL,Electronic check,No,37.04,941.14,No
106304,Female,46.0,47,Two year,DSL,Electronic check,Yes,73.02,,No
106305,Male,36.0,62,Month-to-month,DSL,Electronic check,Yes,99.98,6114.73,No
106306,Male,35.0,6,One year,Fiber optic,Credit card,No,71.98,377.98,No
106307,Female,52.0,46,One year,Fiber optic,Mailed check,No,100.72,4488.69,Yes
106308,Male,55.0,8,Month-to-month,Fiber optic,Mailed check,No,133.45,1080.27,No
106309,Male,53.0,72,Month-to-month,Fiber optic,Electronic check,Yes,84.26,6050.85,Yes
106310,Male,37.0,20,One year,Fiber optic,Credit card,Yes,78.3,1384.76,No
106311,Male,18.0,62,One year,Fiber optic,,Yes,95.8,5878.31,No
106312,Male,37.0,56,One year,Fiber optic,Electronic check,No,88.5,4953.41,Yes
106313,Male,29.0,24,One year,DSL,Bank transfer,Yes,78.38,1958.46,No
106314,Male,37.0,24,Month-to-month,DSL,Bank transfer,No,67.48,1504.15,No
106315,Female,30.0,23,Two year,No,Credit card,Yes,65.57,1481.02,No
106316,Male,39.0,34,Month-to-month,Fiber optic,Mailed check,No,58.89,1903.24,No
106317,Female,25.0,32,One year,DSL,Electronic check,No,87.33,2859.82,No
106318,Female,22.0,48,Two year,Fiber optic,Electronic check,Yes,58.01,2724.33,No
106319,Male,55.0,34,Two year,Fiber optic,Bank transfer,Yes,63.57,2208.07,No
106320,Male,26.0,57,Month-to-month,DSL,Mailed check,Yes,42.05,2364.6,No
106321,Female,39.0,34,Month-to-month,Fiber optic,Electronic check,No,75.85,2425.55,No
106322,Female,51.0,23,One year,DSL,Credit card,Yes,72.65,1664.65,No
106323,Male,51.0,24,Month-to-month,No,Credit card,Yes,44.51,961.64,No
106324,Female,49.0,53,One year,Fiber optic,Mailed check,No,77.34,4199.77,No
106325,Female,43.0,11,Month-to-month,Fiber optic,Mailed check,Yes,88.04,1132.08,No
106326,Male,48.0,21,Month-to-month,Fiber optic,Mailed check,Yes,44.77,997.56,No
106327,Male,57.0,23,Month-to-month,Fiber optic,Mailed check,No,65.01,1437.57,No
106328,Female,45.0,47,One year,Fiber optic,Electronic check,No,129.12,6070.65,Yes
106329,Male,18.0,10,One year,DSL,Mailed check,Yes,54.28,568.91,No
106330,Female,32.0,33,Month-to-month,No,Mailed check,No,89.71,3058.05,No
106331,Male,48.0,49,Month-to-month,No,Credit card,No,59.31,2889.24,No
106332,Female,31.0,67,Month-to-month,No,Electronic check,Yes,77.0,5195.74,No
106333,Male,60.0,32,One year,No,Electronic check,Yes,52.07,1515.12,No
106334,Male,38.0,71,One year,Fiber optic,Mailed check,No,36.46,2610.42,No
106335,Male,40.0,44,Two year,Fiber optic,Credit card,Yes,72.98,3133.69,No
106336,Male,54.0,56,Two year,Fiber optic,Mailed check,Yes,95.05,5326.65,No
106337,Female,37.0,18,Month-to-month,DSL,Electronic check,Yes,88.96,1507.85,No
106338,Male,41.0,66,Two year,Fiber optic,,Yes,87.58,5817.31,No
106339,Female,51.0,19,Month-to-month,Fiber optic,Electronic check,Yes,64.57,1284.25,Yes
106340,Female,20.0,10,Month-to-month,Fiber optic,Mailed check,Yes,107.01,1049.13,No
106341,Male,35.0,6,Month-to-month,Fiber optic,Bank transfer,No,65.95,317.76,No
106342,Female,50.0,48,One year,Fiber optic,Mailed check,Yes,67.48,3290.69,No
106343,Female,40.0,46,One year,No,Bank transfer,Yes,47.49,2324.69,No
106344,Female,58.0,15,Month-to-month,DSL,Electronic check,Yes,61.42,1094.25,No
106345,Male,19.0,64,Two year,DSL,Bank transfer,No,64.61,4170.67,No
106346,Female,18.0,20,Two year,Fiber optic,Credit card,Yes,91.33,1851.64,No
106347,Female,49.0,44,Two year,No,Mailed check,Yes,38.18,1561.55,No
106348,Female,50.0,38,Month-to-month,Fiber optic,Credit card,Yes,72.49,2872.87,No
106349,Male,36.0,43,Two year,Fiber optic,Mailed check,Yes,63.99,2542.52,No
106350,Female,44.0,54,One year,DSL,Bank transfer,No,82.69,4572.51,No
106351,Male,49.0,67,One year,Fiber optic,Electronic check,Yes,91.56,6136.92,No
106352,Male,28.0,52,Month-to-month,No,Credit card,Yes,46.26,2186.64,No
106353,Male,30.0,66,Two year,Fiber optic,Electronic check,No,96.31,6386.76,No
106354,Female,41.0,63,One year,Fiber optic,Electronic check,Yes,82.69,5195.39,No
106355,Female,51.0,26,One year,Fiber optic,Electronic check,Yes,103.83,2659.19,Yes
106356,Male,24.0,41,Two year,Fiber optic,Mailed check,Yes,67.85,2757.56,No
106357,Female,36.0,15,Month-to-month,Fiber optic,Bank transfer,No,98.76,1479.69,Yes
106358,Male,36.0,67,One year,Fiber optic,Bank transfer,No,105.62,7074.57,No
106359,Male,44.0,70,Month-to-month,Fiber optic,Electronic check,Yes,85.72,5867.59,Yes
106360,Female,39.0,64,Month-to-month,Fiber optic,Bank transfer,Yes,136.45,8769.06,No
106361,Female,32.0,54,Month-to-month,Fiber optic,Electronic check,Yes,96.29,5165.49,No
106362,Female,55.0,62,Month-to-month,No,Bank transfer,Yes,116.07,7339.16,No
106363,Female,32.0,58,Month-to-month,DSL,Electronic check,Yes,135.05,7910.31,Yes
106364,Male,35.0,17,Month-to-month,DSL,Mailed check,Yes,30.18,600.59,No
106365,Female,18.0,19,Month-to-month,Fiber optic,Electronic check,Yes,112.79,2310.55,Yes
106366,Male,30.0,39,One year,No,Electronic check,Yes,84.91,3377.73,No
106367,Female,46.0,31,Month-to-month,Fiber optic,Bank transfer,Yes,90.09,2779.62,No
106368,Male,43.0,54,Month-to-month,Fiber optic,Credit card,No,67.48,3413.65,No
106369,Male,47.0,53,Month-to-month,Fiber optic,Mailed check,Yes,61.72,3292.84,No
106370,Male,46.0,71,Month-to-month,DSL,Mailed check,No,45.67,3398.34,No
106371,Female,66.0,57,Month-to-month,No,Electronic check,Yes,127.58,7352.58,Yes
106372,Male,29.0,1,Two year,Fiber optic,Bank transfer,Yes,96.18,50.5,No
106373,Female,18.0,25,One year,Fiber optic,Mailed check,Yes,50.02,1255.89,No
106374,Female,25.0,24,Month-to-month,Fiber optic,Bank transfer,No,57.68,1334.29,Yes
106375,Male,30.0,46,Month-to-month,Fiber optic,Bank transfer,No,33.37,1562.54,No
106376,Female,26.0,25,Month-to-month,DSL,Mailed check,Yes,101.78,2498.56,No
106377,Male,40.0,71,One year,DSL,Credit card,Yes,73.13,5321.77,No
106378,Male,55.0,21,Two year,DSL,Electronic check,Yes,84.73,1790.16,No
106379,Female,59.0,32,Month-to-month,No,Bank transfer,Yes,72.06,2329.1,No
106380,Male,46.0,59,Month-to-month,No,Mailed check,Yes,95.7,5571.76,No
106381,Male,67.0,27,One year,Fiber optic,Electronic check,No,74.08,1962.57,No
106382,Male,34.0,4,Month-to-month,No,Electronic check,Yes,79.39,213.56,No
106383,Female,18.0,24,Month-to-month,DSL,Bank transfer,No,78.85,2019.94,Yes
106384,Male,53.0,26,One year,DSL,Electronic check,Yes,42.99,1071.54,Yes
106385,Male,18.0,45,One year,DSL,Credit card,Yes,53.92,2440.77,No
106386,Female,29.0,52,Month-to-month,No,Electronic check,Yes,64.43,3210.95,Yes
106387,Male,46.0,40,Two year,DSL,Electronic check,No,80.02,3089.93,No
106388,Female,38.0,30,Month-to-month,DSL,Bank transfer,Yes,106.71,3178.77,No
106389,Male,37.0,37,Month-to-month,DSL,Electronic check,Yes,74.89,2742.91,Yes
106390,Female,24.0,11,One year,Fiber optic,Electronic check,Yes,81.81,921.94,Yes
106391,Female,39.0,14,One year,Fiber optic,Mailed check,Yes,91.75,1465.5,No
106392,Male,52.0,44,One year,DSL,Mailed check,Yes,68.07,2813.53,No
106393,Male,39.0,63,One year,Fiber optic,Mailed check,Yes,83.43,5344.15,No
106394,Female,28.0,38,One year,No,Mailed check,No,109.9,4221.04,No
106395,Female,23.0,5,Two year,DSL,Bank transfer,No,66.42,276.47,No
106396,Male,28.0,71,One year,No,Credit card,No,78.55,5538.02,No
106397,Female,44.0,24,Month-to-month,Fiber optic,Electronic check,No,67.88,1729.93,Yes
106398,Male,43.0,54,One year,No,Bank transfer,Yes,103.52,5584.47,No
106399,Female,29.0,65,Month-to-month,DSL,Electronic check,Yes,49.22,3170.32,No
106400,Female,18.0,72,One year,No,Mailed check,Yes,70.2,4960.02,No
106401,Female,44.0,9,Month-to-month,Fiber optic,Electronic check,Yes,108.56,901.79,Yes
106402,Female,27.0,14,Month-to-month,DSL,,No,50.35,595.43,No
106403,Male,48.0,47,One year,Fiber optic,,No,105.7,5047.51,No
106404,Female,29.0,55,One year,DSL,Electronic check,Yes,20.77,1071.77,No
106405,Female,26.0,61,Month-to-month,Fiber optic,Electronic check,Yes,56.7,3351.24,No
106406,Female,41.0,40,Month-to-month,Fiber optic,Electronic check,Yes,81.65,3281.72,Yes
106407,Female,70.0,12,Two year,Fiber optic,Mailed check,Yes,144.24,1657.42,Yes
106408,Female,49.0,52,Two year,DSL,Mailed check,Yes,75.64,4072.49,No
106409,Female,41.0,49,Month-to-month,No,Electronic check,No,76.17,3736.03,No
106410,Female,44.0,34,Month-to-month,DSL,Bank transfer,Yes,100.69,3441.92,No
106411,Female,18.0,46,Month-to-month,No,Electronic check,No,44.84,2081.34,No
106412,Male,24.0,16,Month-to-month,Fiber optic,Electronic check,Yes,32.0,563.38,Yes
106413,Male,18.0,59,Month-to-month,DSL,Electronic check,Yes,115.35,6869.59,No
106414,Male,61.0,4,Two year,Fiber optic,Mailed check,Yes,99.12,399.12,Yes
106415,Male,59.0,61,Month-to-month,No,Bank transfer,Yes,60.87,3621.64,No
106416,Male,44.0,61,Month-to-month,No,Bank transfer,Yes,73.43,4465.4,No
106417,Male,41.0,50,Month-to-month,DSL,Electronic check,Yes,,4920.34,No
106418,Male,19.0,59,Month-to-month,DSL,Mailed check,Yes,68.77,3910.54,No
106419,Female,36.0,66,Month-to-month,DSL,Mailed check,Yes,75.62,4801.49,No
106420,Male,62.0,12,Month-to-month,Fiber optic,Credit card,Yes,134.88,1509.42,Yes
106421,Female,41.0,40,Month-to-month,DSL,Bank transfer,Yes,40.91,1460.81,No
106422,Male,32.0,47,One year,DSL,Electronic check,No,84.93,3947.93,No
106423,Male,18.0,68,Month-to-month,Fiber optic,Credit card,Yes,53.45,3565.04,No
106424,Female,57.0,54,One year,No,Electronic check,Yes,111.08,6006.3,No
106425,Female,38.0,43,Two year,DSL,Credit card,No,79.33,3475.02,No
106426,Female,18.0,41,Month-to-month,Fiber optic,Electronic check,Yes,66.83,2766.07,No
106427,Female,27.0,11,Month-to-month,DSL,Mailed check,No,34.49,418.49,No
106428,Female,22.0,23,Two year,Fiber optic,Mailed check,Yes,75.25,1815.89,No
106429,Female,37.0,32,Month-to-month,Fiber optic,Electronic check,No,88.64,2807.13,No
106430,Male,42.0,64,Month-to-month,No,Bank transfer,Yes,100.96,6226.83,No
106431,Female,32.0,63,One year,Fiber optic,Electronic check,No,56.66,3412.58,No
106432,Female,49.0,47,One year,DSL,Electronic check,No,51.38,2459.72,No
106433,Male,40.0,8,Two year,Fiber optic,Electronic check,Yes,71.57,590.22,No
106434,Male,53.0,52,Month-to-month,DSL,Credit card,Yes,52.62,2798.8,No
106435,Female,34.0,34,Month-to-month,DSL,Credit card,No,59.14,2266.58,No
106436,Male,75.0,47,Month-to-month,No,Mailed check,Yes,48.37,2293.14,No
106437,Female,32.0,32,Month-to-month,Fiber optic,Mailed check,Yes,94.43,3013.16,No
106438,Male,27.0,52,Month-to-month,No,Electronic check,Yes,59.93,3147.51,No
106439,Male,26.0,16,Month-to-month,DSL,Mailed check,Yes,72.27,1049.2,No
106440,Male,36.0,11,Month-to-month,No,Credit card,No,79.61,943.65,No
106441,Female,18.0,16,Month-to-month,No,Bank transfer,Yes,37.51,584.74,No
106442,Male,43.0,67,Month-to-month,Fiber optic,Bank transfer,Yes,98.84,6773.73,Yes
106443,Female,18.0,6,Month-to-month,DSL,Electronic check,Yes,77.24,319.39,Yes
106444,Female,41.0,21,One year,No,Bank transfer,No,77.26,1622.87,No
106445,Male,21.0,25,Month-to-month,No,Credit card,Yes,68.67,1660.27,No
106446,Female,34.0,61,One year,DSL,Credit card,Yes,65.26,3884.88,No
106447,Male,47.0,26,Month-to-month,No,Mailed check,Yes,73.35,1963.14,No
106448,Female,69.0,65,Month-to-month,No,Electronic check,Yes,74.39,4806.77,No
106449,Male,25.0,72,Two year,DSL,Credit card,Yes,42.5,3179.75,No
106450,Male,37.0,47,Two year,Fiber optic,Mailed check,Yes,123.38,5751.08,Yes
106451,Female,30.0,25,Month-to-month,DSL,Electronic check,Yes,54.61,1329.92,No
106452,Female,28.0,44,Month-to-month,Fiber optic,Electronic check,No,85.67,3950.8,No
106453,Female,30.0,49,Two year,No,Mailed check,No,101.13,4833.79,No
106454,Female,50.0,8,Month-to-month,No,Credit card,No,63.46,437.15,No
106455,Male,33.0,60,Month-to-month,DSL,Credit card,No,77.92,4397.11,No
106456,Male,68.0,32,Month-to-month,Fiber optic,Credit card,Yes,32.0,983.78,No
106457,Male,44.0,61,Month-to-month,Fiber optic,Mailed check,No,34.45,2163.62,No
106458,Female,26.0,45,One year,Fiber optic,Credit card,Yes,83.36,3788.08,No
106459,Male,34.0,62,One year,Fiber optic,Electronic check,No,88.74,5514.86,No
106460,Male,29.0,6,Month-to-month,Fiber optic,Electronic check,No,111.65,591.03,Yes
106461,Male,49.0,4,Month-to-month,DSL,Electronic check,Yes,92.03,350.98,No
106462,Male,18.0,9,Month-to-month,Fiber optic,Bank transfer,Yes,44.2,362.02,No
106463,Male,22.0,63,One year,No,Credit card,Yes,103.71,6533.24,No
106464,Male,31.0,72,Two year,DSL,Credit card,No,42.24,3056.96,No
106465,Male,48.0,72,Month-to-month,Fiber optic,Credit card,Yes,105.57,7569.47,No
106466,Female,55.0,24,One year,No,Mailed check,Yes,60.71,1459.18,No
106467,Male,57.0,20,Month-to-month,No,Bank transfer,No,139.89,2789.0,No
106468,Male,46.0,26,One year,Fiber optic,Electronic check,Yes,69.24,1739.49,Yes
106469,Female,38.0,59,Month-to-month,DSL,Bank transfer,Yes,70.15,4146.01,No
106470,Male,49.0,19,Month-to-month,Fiber optic,Bank transfer,Yes,87.96,1556.3,Yes
106471,Male,24.0,40,Month-to-month,Fiber optic,Mailed check,Yes,77.94,3133.92,No
106472,Male,18.0,47,Two year,Fiber optic,Electronic check,Yes,59.07,2676.32,No
106473,Male,45.0,27,Month-to-month,DSL,Electronic check,Yes,127.1,3429.4,Yes
106474,Female,26.0,35,Month-to-month,Fiber optic,Credit card,Yes,68.73,2447.44,Yes
106475,Male,38.0,48,Two year,Fiber optic,Mailed check,Yes,67.84,3172.99,No
106476,Male,41.0,57,One year,No,Mailed check,No,69.27,4041.35,No
106477,Male,42.0,14,Month-to-month,Fiber optic,Credit card,No,88.83,1404.56,Yes
106478,Male,51.0,37,Month-to-month,DSL,Electronic check,Yes,54.88,1972.06,Yes
106479,Female,50.0,12,Two year,DSL,Electronic check,Yes,95.84,1137.05,Yes
106480,Male,42.0,2,Month-to-month,Fiber optic,Bank transfer,No,87.82,284.71,No
106481,Female,33.0,47,Month-to-month,Fiber optic,Electronic check,Yes,84.5,3809.67,No
106482,Female,40.0,35,Month-to-month,DSL,Mailed check,No,85.95,3011.25,No
106483,Female,31.0,19,Month-to-month,No,Bank transfer,No,50.79,937.83,No
106484,Female,36.0,4,One year,No,Mailed check,No,57.37,310.52,No
106485,Female,73.0,69,Two year,No,Electronic check,Yes,71.45,4907.99,No
106486,Female,41.0,60,Month-to-month,Fiber optic,Electronic check,Yes,107.25,6475.68,Yes
106487,Female,45.0,68,Two year,No,Credit card,Yes,65.9,4407.12,No
106488,Male,30.0,9,One year,Fiber optic,Mailed check,Yes,76.07,770.27,No
106489,Male,52.0,2,One year,Fiber optic,Credit card,Yes,32.0,20.0,Yes
106490,Male,49.0,16,Month-to-month,DSL,Bank transfer,Yes,54.66,952.93,No
106491,Female,49.0,8,Month-to-month,DSL,Electronic check,No,30.74,252.78,Yes
106492,Female,42.0,34,One year,DSL,Electronic check,Yes,36.96,1044.74,No
106493,Male,52.0,47,One year,No,Mailed check,Yes,81.14,3819.25,No
106494,Male,56.0,15,Month-to-month,Fiber optic,Bank transfer,Yes,162.0,2484.63,Yes
106495,Male,43.0,29,Month-to-month,No,Mailed check,Yes,76.86,2118.3,No
106496,Female,38.0,39,Month-to-month,Fiber optic,Bank transfer,No,92.32,,No
106497,Female,51.0,23,Month-to-month,DSL,Bank transfer,No,52.99,1226.76,No
106498,Female,27.0,34,Month-to-month,Fiber optic,Electronic check,No,57.79,1918.82,No
106499,Male,30.0,43,Month-to-month,DSL,Credit card,No,123.4,5335.86,No
106500,Male,38.0,69,Month-to-month,No,Mailed check,Yes,51.87,3560.2,Yes
106501,Male,18.0,23,Two year,DSL,Bank transfer,No,22.0,387.23,No
106502,Female,50.0,7,One year,DSL,Electronic check,Yes,78.14,756.53,Yes
106503,Female,26.0,63,Month-to-month,Fiber optic,Electronic check,No,73.26,4584.79,No
106504,Female,33.0,42,Month-to-month,Fiber optic,Bank transfer,Yes,98.9,4164.98,No
106505,Male,36.0,34,Month-to-month,Fiber optic,Electronic check,No,123.19,4347.98,Yes
106506,Male,40.0,52,Month-to-month,DSL,Credit card,Yes,81.22,4301.1,No
106507,Female,35.0,71,Two year,Fiber optic,Bank transfer,Yes,89.67,6415.85,No
106508,Male,38.0,10,Month-to-month,DSL,Bank transfer,Yes,88.49,980.1,No
106509,Female,38.0,62,Two year,Fiber optic,Mailed check,Yes,151.62,9450.07,No
106510,Male,33.0,46,Month-to-month,Fiber optic,Credit card,Yes,140.96,6533.79,Yes
106511,Male,29.0,43,Two year,DSL,Credit card,No,64.1,2807.34,No
106512,Female,53.0,63,One year,Fiber optic,Electronic check,Yes,107.75,6773.06,No
106513,Male,18.0,22,One year,DSL,Mailed check,No,116.65,2663.03,No
106514,Male,36.0,57,Two year,DSL,Credit card,No,89.34,5153.08,No
106515,Female,33.0,42,Month-to-month,Fiber optic,Electronic check,Yes,82.34,3251.31,Yes
106516,Male,44.0,68,Month-to-month,DSL,Electronic check,No,59.55,4125.97,No
106517,Male,20.0,34,Month-to-month,DSL,Credit card,Yes,74.47,2460.57,Yes
106518,Female,33.0,52,Two year,Fiber optic,Mailed check,Yes,55.5,2907.86,No
106519,Male,38.0,36,Two year,Fiber optic,Credit card,Yes,106.38,3679.18,No
106520,Male,53.0,29,Month-to-month,No,Mailed check,No,106.77,3043.83,No
106521,Male,43.0,28,One year,No,Mailed check,Yes,62.08,1705.45,No
106522,Male,24.0,67,Month-to-month,Fiber optic,Mailed check,Yes,72.74,4921.88,No
106523,Male,33.0,61,Month-to-month,Fiber optic,Mailed check,Yes,57.6,3460.71,No
106524,Female,51.0,17,One year,Fiber optic,Credit card,No,95.67,1431.46,Yes
106525,Male,23.0,63,Month-to-month,Fiber optic,Bank transfer,No,83.73,5230.86,No
106526,Male,38.0,43,Month-to-month,Fiber optic,Credit card,Yes,47.92,2026.31,No
106527,Male,39.0,8,One year,No,Electronic check,Yes,144.87,1215.94,Yes
106528,Male,34.0,56,Month-to-month,Fiber optic,Credit card,No,39.54,2227.57,No
106529,Female,74.0,12,Month-to-month,DSL,Bank transfer,No,36.01,,No
106530,Male,34.0,63,Month-to-month,Fiber optic,Electronic check,Yes,107.49,6796.8,Yes
106531,Male,,33,Month-to-month,DSL,Mailed check,No,88.43,3083.22,No
106532,Male,29.0,66,One year,No,Electronic check,Yes,54.14,3678.57,No
106533,Male,46.0,35,Two year,Fiber optic,Electronic check,Yes,64.53,2086.7,Yes
106534,Male,50.0,7,Month-to-month,Fiber optic,Credit card,Yes,95.45,890.91,No
106535,Female,31.0,56,Two year,Fiber optic,Credit card,No,93.45,5339.74,No
106536,Female,38.0,53,One year,DSL,Electronic check,No,54.4,3025.89,No
106537,Male,27.0,22,Two year,Fiber optic,Electronic check,Yes,108.85,2257.91,No
106538,Female,24.0,15,One year,DSL,Electronic check,No,86.3,1257.22,No
106539,Male,52.0,63,Month-to-month,Fiber optic,Credit card,Yes,117.41,,Yes
106540,Male,32.0,57,One year,DSL,Bank transfer,Yes,70.75,3931.81,No
106541,Female,18.0,22,Month-to-month,Fiber optic,Mailed check,No,104.25,2341.01,No
106542,Female,62.0,51,Month-to-month,No,Mailed check,Yes,66.29,3527.78,No
106543,Male,29.0,18,Month-to-month,DSL,Credit card,No,85.53,1509.55,No
106544,Female,36.0,14,Month-to-month,Fiber optic,Electronic check,No,92.95,1454.6,Yes
106545,Male,60.0,48,Month-to-month,No,Electronic check,No,93.2,4536.82,Yes
106546,Female,37.0,60,Two year,DSL,Bank transfer,Yes,84.99,4932.12,No
106547,Female,37.0,67,Month-to-month,No,Credit card,No,24.78,1582.06,No
106548,Female,23.0,34,Month-to-month,DSL,Bank transfer,Yes,56.34,2015.3,No
106549,Female,18.0,11,Two year,No,Credit card,Yes,74.08,721.98,No
106550,Female,37.0,40,Month-to-month,Fiber optic,Credit card,Yes,95.66,3923.53,Yes
106551,Female,44.0,50,Month-to-month,No,Electronic check,Yes,92.62,4686.04,No
106552,Female,43.0,70,Two year,DSL,Bank transfer,Yes,85.72,6028.52,No
106553,Male,33.0,9,Two year,Fiber optic,Credit card,Yes,66.38,545.47,Yes
106554,Male,39.0,48,One year,No,Electronic check,Yes,94.95,4584.7,No
106555,Male,18.0,37,Month-to-month,Fiber optic,Bank transfer,Yes,63.77,2510.91,No
106556,Female,45.0,43,Month-to-month,Fiber optic,Electronic check,No,115.58,4934.84,Yes
106557,Male,41.0,7,Two year,Fiber optic,Credit card,Yes,117.25,875.66,Yes
106558,Male,65.0,2,Two year,Fiber optic,Electronic check,Yes,83.75,348.07,Yes
106559,Female,39.0,44,Month-to-month,DSL,Electronic check,No,55.8,2478.81,No
106560,Male,27.0,15,Two year,DSL,Bank transfer,No,54.6,774.84,No
106561,Female,38.0,45,One year,DSL,Mailed check,No,44.65,1964.11,No
106562,Female,35.0,2,Month-to-month,DSL,Electronic check,Yes,48.93,20.0,No
106563,Male,45.0,58,Month-to-month,No,Electronic check,Yes,67.49,3805.39,No
106564,Male,39.0,24,Month-to-month,Fiber optic,Credit card,Yes,70.01,1710.68,Yes
106565,Male,23.0,33,Two year,Fiber optic,Credit card,No,43.75,1531.03,No
106566,Male,18.0,25,Month-to-month,DSL,Bank transfer,Yes,59.91,1459.4,Yes
106567,Male,42.0,31,One year,No,Electronic check,No,74.32,2390.05,No
106568,Male,57.0,39,Month-to-month,DSL,Bank transfer,No,63.52,2557.75,No
106569,Male,40.0,47,One year,DSL,Bank transfer,Yes,49.63,2263.24,No
106570,Male,50.0,50,Month-to-month,Fiber optic,Mailed check,Yes,32.0,1546.38,No
106571,Female,52.0,72,Two year,DSL,Electronic check,Yes,100.64,7124.93,No
106572,Female,42.0,13,Month-to-month,Fiber optic,Electronic check,Yes,83.01,1146.09,No
106573,Male,28.0,63,One year,Fiber optic,Electronic check,Yes,92.02,5797.6,No
106574,Female,42.0,44,One year,Fiber optic,Bank transfer,Yes,88.52,3974.77,No
106575,Male,55.0,23,Month-to-month,DSL,Electronic check,Yes,84.43,1936.52,No
106576,Male,46.0,67,Two year,Fiber optic,Mailed check,Yes,90.01,5946.02,No
106577,Male,49.0,51,Month-to-month,Fiber optic,Mailed check,Yes,86.47,4480.15,No
106578,Male,33.0,14,Two year,Fiber optic,Bank transfer,Yes,103.08,1264.78,Yes
106579,Male,36.0,13,Month-to-month,No,Mailed check,Yes,96.45,1223.51,No
106580,Male,,48,One year,DSL,Mailed check,Yes,106.58,5046.15,No
106581,Male,38.0,53,Two year,Fiber optic,Electronic check,Yes,63.2,3486.9,No
106582,Male,54.0,4,Two year,DSL,Electronic check,No,78.24,470.44,No
106583,Female,18.0,46,Month-to-month,Fiber optic,,Yes,43.87,2056.1,No
106584,Female,39.0,39,Month-to-month,No,Mailed check,Yes,59.96,2286.35,No
106585,Female,38.0,70,Two year,DSL,Mailed check,Yes,67.08,4850.51,No
106586,Female,21.0,54,Month-to-month,DSL,Mailed check,Yes,90.52,4825.23,No
106587,Female,48.0,66,Two year,Fiber optic,Electronic check,Yes,81.06,5225.39,No
106588,Male,30.0,3,Month-to-month,No,Electronic check,Yes,88.82,87.62,Yes
106589,Male,34.0,56,Month-to-month,Fiber optic,Bank transfer,Yes,75.37,4229.93,No
106590,Male,63.0,25,One year,Fiber optic,Mailed check,No,69.56,1584.65,No
106591,Male,52.0,40,Month-to-month,Fiber optic,Bank transfer,No,63.95,2685.7,Yes
106592,Female,46.0,64,Month-to-month,DSL,Electronic check,Yes,89.27,5661.04,No
106593,Male,44.0,63,Month-to-month,No,Credit card,Yes,62.54,3824.25,No
106594,Female,37.0,17,Two year,No,Electronic check,Yes,20.0,440.41,No
106595,Female,65.0,18,One year,No,Bank transfer,Yes,87.89,1660.85,No
106596,Male,49.0,53,Two year,No,Mailed check,Yes,48.77,2734.52,No
106597,Female,29.0,64,Month-to-month,No,Mailed check,No,76.83,4764.16,No
106598,Male,21.0,45,Month-to-month,DSL,Bank transfer,Yes,43.77,1797.74,Yes
106599,Male,46.0,4,Month-to-month,No,Electronic check,No,72.37,429.94,Yes
106600,Male,38.0,12,Month-to-month,DSL,Electronic check,Yes,20.0,20.0,Yes
106601,Male,20.0,54,Month-to-month,Fiber optic,Electronic check,No,83.16,4381.25,No
106602,Female,45.0,54,Month-to-month,Fiber optic,Credit card,Yes,62.12,3359.46,No
106603,Male,36.0,65,Month-to-month,DSL,Credit card,Yes,40.31,2500.5,No
106604,Male,46.0,39,One year,Fiber optic,Bank transfer,Yes,103.1,4039.92,No
106605,Male,45.0,31,Month-to-month,Fiber optic,Mailed check,Yes,81.03,2408.55,No
106606,Male,31.0,9,Month-to-month,DSL,Electronic check,Yes,65.9,709.21,No
106607,Female,47.0,57,Month-to-month,Fiber optic,Credit card,Yes,65.89,3820.33,No
106608,Female,33.0,69,Month-to-month,Fiber optic,Electronic check,No,106.36,7363.6,Yes
106609,Male,33.0,4,One year,Fiber optic,Electronic check,No,73.13,260.57,Yes
106610,Female,32.0,36,One year,Fiber optic,Credit card,Yes,121.19,4269.83,No
106611,Male,54.0,26,Two year,Fiber optic,Electronic check,Yes,114.74,,Yes
106612,Male,35.0,54,Month-to-month,Fiber optic,Credit card,No,119.63,6349.15,No
106613,Female,57.0,55,Month-to-month,Fiber optic,Bank transfer,No,108.2,6123.53,Yes
106614,Male,62.0,16,Two year,DSL,Credit card,Yes,56.84,938.17,No
106615,Male,29.0,69,Two year,Fiber optic,Bank transfer,Yes,85.31,5808.08,No
106616,Male,18.0,10,Month-to-month,Fiber optic,Electronic check,Yes,78.92,930.13,Yes
106617,Male,53.0,57,Month-to-month,DSL,Bank transfer,Yes,92.95,5294.0,No
106618,Female,35.0,54,One year,No,Credit card,No,71.74,3999.85,No
106619,Male,28.0,12,Two year,DSL,Bank transfer,Yes,65.92,914.2,No
106620,Male,31.0,49,Month-to-month,No,Credit card,No,113.45,5598.33,Yes
106621,Male,34.0,20,Month-to-month,DSL,Credit card,Yes,63.81,1161.95,No
106622,Female,56.0,20,Two year,Fiber optic,Bank transfer,Yes,68.39,1315.55,No
106623,Female,41.0,7,One year,DSL,Credit card,Yes,61.95,756.67,No
106624,Female,56.0,54,Month-to-month,No,Electronic check,Yes,98.78,5284.51,No
106625,Female,45.0,59,Month-to-month,No,Credit card,Yes,76.69,4501.55,No
106626,Female,35.0,37,Month-to-month,DSL,Credit card,Yes,83.46,3045.55,No
106627,Female,34.0,56,One year,DSL,Electronic check,Yes,77.9,4277.83,No
106628,Female,46.0,26,One year,Fiber optic,Mailed check,No,32.0,895.36,No
106629,Male,50.0,41,Month-to-month,DSL,Mailed check,No,45.28,1735.98,No
106630,Male,52.0,57,Month-to-month,DSL,Credit card,Yes,65.03,3631.94,No
106631,Male,36.0,32,One year,No,Electronic check,No,79.87,2583.62,No
106632,Male,41.0,45,Month-to-month,Fiber optic,Mailed check,Yes,59.39,2650.0,No
106633,Male,47.0,11,Month-to-month,DSL,Mailed check,Yes,46.62,527.5,No
106634,Female,34.0,37,Month-to-month,Fiber optic,Mailed check,Yes,76.19,2816.24,No
106635,Female,24.0,62,Month-to-month,DSL,Credit card,No,105.16,6414.42,No
106636,Male,29.0,56,One year,Fiber optic,Mailed check,Yes,32.0,1923.81,No
106637,Male,36.0,22,Month-to-month,DSL,Mailed check,No,20.0,542.87,No
106638,Male,48.0,40,One year,Fiber optic,Credit card,Yes,127.38,5009.2,No
106639,Female,55.0,45,One year,DSL,Electronic check,No,33.74,1561.21,No
106640,Male,21.0,68,Month-to-month,No,Electronic check,No,61.87,4163.01,No
106641,Male,31.0,60,Two year,DSL,Electronic check,No,34.48,2166.3,No
106642,Male,34.0,59,Month-to-month,Fiber optic,Credit card,No,76.44,4587.26,No
106643,Female,49.0,55,One year,Fiber optic,Credit card,Yes,80.6,4546.05,No
106644,Male,32.0,26,Month-to-month,Fiber optic,Bank transfer,Yes,124.27,3145.76,Yes
106645,Female,33.0,28,Two year,DSL,Electronic check,Yes,90.02,2398.63,No
106646,Female,21.0,34,Month-to-month,No,Mailed check,No,39.92,1190.02,No
106647,Male,45.0,31,Month-to-month,No,Mailed check,Yes,24.3,994.07,No
106648,Female,37.0,69,Month-to-month,DSL,Mailed check,Yes,84.49,5911.36,No
106649,Female,30.0,64,Month-to-month,DSL,Electronic check,Yes,59.01,3888.69,No
106650,Female,36.0,65,Month-to-month,No,Electronic check,Yes,53.92,3375.76,No
106651,Male,54.0,44,Month-to-month,Fiber optic,Credit card,Yes,113.62,5056.47,Yes
106652,Female,26.0,14,Month-to-month,No,Bank transfer,Yes,28.09,238.31,No
106653,Female,28.0,11,Month-to-month,No,Electronic check,No,62.84,732.2,No
106654,Male,55.0,20,One year,DSL,Credit card,Yes,87.77,1757.24,No
106655,Male,40.0,47,Month-to-month,DSL,Mailed check,No,42.49,1970.18,No
106656,Female,48.0,27,Month-to-month,Fiber optic,Bank transfer,Yes,116.45,3095.36,Yes
106657,Female,44.0,48,Two year,Fiber optic,Electronic check,Yes,58.71,2923.9,No
106658,Female,39.0,64,One year,Fiber optic,Credit card,No,82.24,5216.3,No
106659,Female,34.0,25,Month-to-month,Fiber optic,Electronic check,No,66.67,1788.55,No
106660,Male,50.0,67,Month-to-month,Fiber optic,Credit card,Yes,32.0,2139.74,No
106661,Male,54.0,37,Month-to-month,Fiber optic,Bank transfer,No,73.49,2752.76,No
106662,Female,53.0,58,One year,DSL,Electronic check,Yes,91.81,5374.5,No
106663,Male,24.0,5,Two year,Fiber optic,Electronic check,Yes,58.14,332.07,No
106664,Male,56.0,20,One year,DSL,Credit card,No,56.29,1146.36,No
106665,Female,34.0,68,Two year,DSL,Electronic check,No,59.09,4211.85,No
106666,Male,29.0,64,One year,DSL,Electronic check,Yes,85.4,5567.19,No
106667,Male,37.0,42,Two year,No,Bank transfer,Yes,63.01,2416.32,No
106668,Male,50.0,3,Month-to-month,Fiber optic,Electronic check,Yes,84.58,235.0,No
106669,Male,46.0,5,One year,DSL,Mailed check,Yes,72.91,498.3,No
106670,Male,36.0,31,One year,Fiber optic,Mailed check,Yes,70.91,2125.03,No
106671,Male,50.0,65,One year,Fiber optic,Electronic check,Yes,126.24,8206.02,No
106672,Male,41.0,28,Month-to-month,Fiber optic,Electronic check,Yes,58.37,1641.5,Yes
106673,Male,32.0,64,Month-to-month,DSL,Electronic check,No,89.57,5875.77,No
106674,Female,30.0,39,Month-to-month,DSL,Credit card,No,103.9,3957.9,Yes
106675,Female,44.0,10,Month-to-month,DSL,Electronic check,No,68.54,604.11,Yes
106676,Female,38.0,41,Two year,Fiber optic,Bank transfer,Yes,85.52,3551.82,No
106677,Female,21.0,27,One year,DSL,Bank transfer,Yes,85.26,2333.04,Yes
106678,Male,50.0,17,Month-to-month,Fiber optic,Bank transfer,No,74.72,1317.23,Yes
106679,Female,33.0,49,Month-to-month,No,Electronic check,Yes,24.6,1234.4,No
106680,Female,60.0,15,Month-to-month,DSL,Electronic check,Yes,65.77,975.88,No
106681,Male,21.0,66,Two year,DSL,Mailed check,Yes,113.15,7518.33,No
106682,Male,37.0,58,Two year,No,Bank transfer,Yes,86.22,5019.24,No
106683,Female,30.0,57,Month-to-month,Fiber optic,Bank transfer,No,85.93,4875.59,No
106684,Female,26.0,6,Month-to-month,Fiber optic,Electronic check,Yes,102.91,611.75,Yes
106685,Male,33.0,70,Two year,No,Bank transfer,Yes,68.39,4738.73,No
106686,Male,62.0,36,One year,Fiber optic,Electronic check,Yes,84.74,2986.93,No
106687,Male,41.0,53,Two year,Fiber optic,Mailed check,No,73.22,3930.84,No
106688,Male,29.0,14,Month-to-month,Fiber optic,Mailed check,Yes,95.94,1225.54,Yes
106689,Female,18.0,56,Month-to-month,No,Electronic check,Yes,58.6,3343.6,Yes
106690,Female,18.0,24,One year,Fiber optic,Credit card,No,76.12,1803.14,Yes
106691,Male,32.0,51,Month-to-month,DSL,Bank transfer,No,93.97,4783.19,No
106692,Female,31.0,20,Two year,Fiber optic,Electronic check,Yes,79.14,1566.85,No
106693,Female,36.0,68,One year,DSL,Electronic check,Yes,86.13,5902.13,No
106694,Female,18.0,52,Month-to-month,Fiber optic,Bank transfer,No,100.2,5343.62,No
106695,Male,38.0,33,Month-to-month,DSL,Credit card,No,70.08,2474.96,No
106696,Female,52.0,33,One year,Fiber optic,Electronic check,Yes,75.26,2577.87,Yes
106697,Female,60.0,1,Two year,Fiber optic,Electronic check,Yes,51.01,58.08,No
106698,Female,18.0,22,Month-to-month,Fiber optic,Bank transfer,Yes,56.59,1316.93,Yes
106699,Male,29.0,57,One year,Fiber optic,Mailed check,Yes,99.23,5474.13,No
106700,Male,28.0,60,Month-to-month,DSL,Electronic check,Yes,86.77,5260.91,No
106701,Female,41.0,72,Two year,DSL,Mailed check,Yes,47.25,3437.07,No
106702,Male,23.0,7,One year,Fiber optic,Mailed check,No,93.91,518.35,No
106703,Female,61.0,19,Month-to-month,Fiber optic,Electronic check,Yes,89.41,1646.49,Yes
106704,Male,40.0,56,One year,No,Mailed check,No,95.39,5366.82,No
106705,Female,37.0,27,One year,Fiber optic,Electronic check,Yes,138.14,3764.13,Yes
106706,Male,60.0,18,One year,Fiber optic,Electronic check,Yes,98.37,1856.81,No
106707,Male,39.0,21,Month-to-month,No,Credit card,No,54.73,1299.6,No
106708,Male,44.0,67,One year,Fiber optic,Electronic check,Yes,102.58,6859.43,Yes
106709,Male,29.0,62,Two year,DSL,Electronic check,Yes,45.95,2746.48,No
106710,Male,21.0,1,Month-to-month,Fiber optic,Credit card,Yes,139.53,213.5,Yes
106711,Male,31.0,61,Month-to-month,No,Credit card,Yes,41.34,2637.65,No
106712,Male,67.0,41,Two year,Fiber optic,Credit card,Yes,94.96,4007.44,No
106713,Female,,61,One year,DSL,Electronic check,No,72.05,4437.42,Yes
106714,Female,43.0,45,Month-to-month,Fiber optic,Bank transfer,No,73.66,3494.69,No
106715,Female,26.0,50,Two year,DSL,Bank transfer,Yes,60.08,2979.35,No
106716,Male,51.0,42,Month-to-month,Fiber optic,Bank transfer,Yes,118.04,5101.62,Yes
106717,Female,21.0,53,Two year,No,Electronic check,Yes,86.16,4462.06,No
106718,Female,19.0,59,Month-to-month,No,Mailed check,No,68.19,3819.26,No
106719,Male,32.0,37,Month-to-month,Fiber optic,Electronic check,Yes,127.3,4604.18,Yes
106720,Female,64.0,9,Two year,No,Bank transfer,Yes,69.03,569.56,No
106721,Female,64.0,7,One year,Fiber optic,Electronic check,Yes,102.37,716.65,Yes
106722,Male,33.0,30,Month-to-month,No,Mailed check,No,38.49,1070.76,No
106723,Male,30.0,35,Two year,No,Bank transfer,Yes,39.83,1405.55,No
106724,Male,18.0,63,Two year,No,Credit card,Yes,89.74,5711.83,No
106725,Male,40.0,3,One year,DSL,Credit card,Yes,79.7,270.84,No
106726,Female,41.0,64,Month-to-month,DSL,Bank transfer,Yes,125.67,8030.48,No
106727,Female,49.0,4,Month-to-month,DSL,Electronic check,Yes,54.37,325.72,No
106728,Female,51.0,36,One year,Fiber optic,Credit card,Yes,100.89,3560.0,Yes
106729,Male,36.0,31,Two year,No,Electronic check,Yes,65.86,2019.95,No
106730,Male,46.0,41,Month-to-month,No,Electronic check,Yes,93.21,3772.11,No
106731,Female,30.0,4,Month-to-month,No,Mailed check,Yes,91.22,423.63,No
106732,Male,46.0,56,Month-to-month,No,Bank transfer,No,71.31,3955.07,Yes
106733,Female,32.0,10,Month-to-month,Fiber optic,Electronic check,No,65.49,690.91,Yes
106734,Female,45.0,57,One year,Fiber optic,Electronic check,Yes,75.52,4378.11,Yes
106735,Male,44.0,41,Month-to-month,Fiber optic,Electronic check,Yes,56.18,2257.76,Yes
106736,Female,40.0,64,One year,DSL,Bank transfer,Yes,81.12,5047.83,No
106737,Male,49.0,71,One year,Fiber optic,Bank transfer,Yes,32.0,2251.73,No
106738,Male,19.0,61,Month-to-month,Fiber optic,Mailed check,No,69.47,4166.06,No
106739,Male,25.0,33,Two year,DSL,Mailed check,Yes,94.6,3063.98,No
106740,Male,35.0,30,Month-to-month,Fiber optic,Credit card,Yes,106.0,2957.6,Yes
106741,Male,20.0,48,Month-to-month,Fiber optic,Mailed check,Yes,43.7,,No
106742,Female,34.0,47,Month-to-month,Fiber optic,Mailed check,No,98.57,4704.79,Yes
106743,Female,34.0,57,Month-to-month,No,Mailed check,No,43.47,2393.42,No
106744,Male,56.0,35,Month-to-month,DSL,Bank transfer,Yes,62.54,2292.93,No
106745,Female,41.0,34,Two year,Fiber optic,Bank transfer,Yes,103.15,3442.69,No
106746,Female,52.0,9,Month-to-month,DSL,Electronic check,Yes,47.62,472.35,Yes
106747,Male,43.0,13,Month-to-month,Fiber optic,Credit card,Yes,119.67,1532.92,Yes
106748,Male,32.0,60,Two year,Fiber optic,Mailed check,Yes,90.42,5483.67,No
106749,Male,41.0,72,Two year,Fiber optic,Credit card,No,95.57,6858.23,No
106750,Female,48.0,44,Month-to-month,No,Mailed check,Yes,98.93,4372.11,No
106751,Female,55.0,25,Month-to-month,DSL,Mailed check,No,94.26,2467.27,Yes
106752,Male,37.0,5,Month-to-month,Fiber optic,Electronic check,Yes,104.08,562.8,Yes
106753,Female,18.0,4,Month-to-month,No,Mailed check,Yes,55.56,160.3,No
106754,Male,18.0,49,Month-to-month,No,Mailed check,Yes,44.23,1998.68,No
106755,Female,35.0,47,One year,DSL,Credit card,Yes,64.94,3042.37,No
106756,Female,18.0,21,Month-to-month,DSL,Credit card,Yes,83.86,1799.79,No
106757,Female,62.0,14,Month-to-month,Fiber optic,Mailed check,No,51.86,739.9,No
106758,Male,47.0,5,One year,No,Credit card,Yes,86.57,353.84,No
106759,Male,31.0,50,Month-to-month,DSL,Credit card,Yes,81.36,4081.65,No
106760,Female,25.0,44,Month-to-month,Fiber optic,Credit card,Yes,79.45,3555.19,Yes
106761,Male,,24,One year,No,Electronic check,No,73.54,1890.38,No
106762,Male,25.0,53,Month-to-month,Fiber optic,Electronic check,Yes,85.63,4518.05,No
106763,Male,26.0,61,Month-to-month,Fiber optic,Credit card,Yes,95.04,6018.57,No
106764,Female,29.0,38,Month-to-month,No,Mailed check,No,90.66,3575.87,No
106765,Male,40.0,19,Month-to-month,Fiber optic,Mailed check,Yes,155.79,2975.16,Yes
106766,Female,47.0,1,One year,DSL,Mailed check,Yes,76.23,99.78,Yes
106767,Female,55.0,58,Month-to-month,DSL,Electronic check,Yes,55.9,3367.2,No
106768,Female,53.0,42,Month-to-month,Fiber optic,Electronic check,Yes,36.35,1440.01,No
106769,Female,39.0,26,Month-to-month,DSL,Electronic check,Yes,36.8,884.59,No
106770,Male,52.0,1,Month-to-month,DSL,Mailed check,Yes,53.07,20.0,No
106771,Female,30.0,59,Two year,DSL,Mailed check,No,89.24,5242.2,No
106772,Female,18.0,67,Two year,Fiber optic,Mailed check,Yes,74.13,4889.31,No
106773,Female,30.0,35,Month-to-month,No,Electronic check,Yes,82.17,2844.0,No
106774,Female,29.0,20,Month-to-month,Fiber optic,Electronic check,Yes,65.7,1310.88,Yes
106775,Female,31.0,45,One year,Fiber optic,Mailed check,Yes,95.39,4168.49,Yes
106776,Female,27.0,63,Month-to-month,No,Electronic check,No,93.81,6032.99,No
106777,Female,33.0,43,Month-to-month,Fiber optic,Credit card,Yes,73.94,3286.69,No
106778,Male,47.0,1,Two year,Fiber optic,Mailed check,Yes,94.87,53.48,Yes
106779,Male,61.0,15,Month-to-month,DSL,Electronic check,No,60.99,1048.22,No
106780,Male,18.0,7,Month-to-month,Fiber optic,Mailed check,Yes,53.2,407.36,No
106781,Female,22.0,30,Month-to-month,DSL,Bank transfer,Yes,85.84,2674.12,No
106782,Male,29.0,33,One year,Fiber optic,Electronic check,No,94.32,2990.47,Yes
106783,Male,49.0,39,One year,No,Bank transfer,No,86.84,3356.49,No
106784,Female,36.0,55,Month-to-month,DSL,Electronic check,Yes,95.89,5330.49,No
106785,Male,30.0,9,One year,DSL,Mailed check,Yes,65.78,577.27,Yes
106786,Female,48.0,68,Month-to-month,No,Electronic check,Yes,67.62,4582.33,No
106787,Female,51.0,19,Two year,No,Mailed check,No,64.88,1222.76,No
106788,Male,39.0,38,Month-to-month,Fiber optic,Bank transfer,Yes,92.63,3553.55,No
106789,Male,28.0,16,Month-to-month,DSL,Credit card,Yes,68.53,1106.51,No
106790,Female,43.0,26,One year,Fiber optic,Mailed check,No,87.15,2406.13,No
106791,Female,36.0,60,Month-to-month,Fiber optic,Electronic check,Yes,65.98,3869.75,No
106792,Female,36.0,4,One year,Fiber optic,Bank transfer,Yes,58.31,241.75,No
106793,Female,32.0,35,Month-to-month,Fiber optic,Mailed check,No,61.28,2208.15,No
106794,Male,51.0,43,Month-to-month,Fiber optic,Mailed check,Yes,94.41,3947.7,No
106795,Female,42.0,42,Month-to-month,DSL,Mailed check,Yes,70.93,2948.13,No
106796,Male,52.0,28,Month-to-month,No,Mailed check,Yes,59.66,1686.13,No
106797,Male,56.0,28,Month-to-month,DSL,Bank transfer,Yes,88.58,2615.5,No
106798,Female,45.0,66,Month-to-month,DSL,Mailed check,Yes,108.45,7169.98,No
106799,Male,32.0,18,Month-to-month,No,Credit card,No,59.63,1141.56,No
106800,Female,53.0,35,Two year,Fiber optic,Bank transfer,Yes,56.9,2065.61,No
106801,Female,45.0,27,One year,Fiber optic,Mailed check,No,107.63,2657.99,No
106802,Male,73.0,56,Month-to-month,DSL,Electronic check,Yes,72.39,4061.07,Yes
106803,Female,43.0,59,Month-to-month,DSL,Electronic check,No,67.42,3938.57,No
106804,Female,48.0,62,Month-to-month,DSL,Electronic check,Yes,97.44,6176.56,No
106805,Male,43.0,7,Month-to-month,Fiber optic,Electronic check,Yes,77.44,604.96,Yes
106806,Female,38.0,8,Month-to-month,DSL,Electronic check,No,81.93,734.17,Yes
106807,Male,36.0,28,Month-to-month,No,Bank transfer,Yes,76.01,2175.05,No
106808,Female,43.0,32,Two year,Fiber optic,Electronic check,Yes,162.0,5193.43,Yes
106809,Male,46.0,5,One year,No,Electronic check,Yes,68.64,418.4,No
106810,Female,54.0,65,Month-to-month,No,Mailed check,Yes,95.42,6200.38,No
106811,Female,43.0,65,Month-to-month,Fiber optic,Bank transfer,No,77.73,5168.03,No
106812,Female,33.0,31,Month-to-month,Fiber optic,Electronic check,Yes,95.25,2856.54,No
106813,Male,35.0,56,Month-to-month,No,Credit card,Yes,67.1,3851.01,No
106814,Female,22.0,41,Month-to-month,Fiber optic,Credit card,Yes,103.89,4226.84,No
106815,Male,61.0,48,Month-to-month,DSL,Credit card,Yes,69.61,3402.43,Yes
106816,Male,32.0,63,Month-to-month,Fiber optic,Bank transfer,Yes,96.59,5943.71,Yes
106817,Female,52.0,7,Month-to-month,DSL,Credit card,No,53.1,395.97,Yes
106818,Female,43.0,17,One year,Fiber optic,Mailed check,Yes,64.08,1075.76,No
106819,Female,43.0,31,Month-to-month,No,Bank transfer,Yes,24.95,769.37,No
106820,Male,37.0,65,Two year,Fiber optic,Electronic check,No,93.15,5895.67,No
106821,Female,29.0,43,Month-to-month,DSL,Electronic check,Yes,55.78,2401.5,No
106822,Female,26.0,29,Month-to-month,DSL,Credit card,Yes,126.89,3691.48,Yes
106823,Female,61.0,3,Month-to-month,Fiber optic,Mailed check,No,72.19,56.23,Yes
106824,Male,40.0,43,Month-to-month,DSL,Electronic check,Yes,103.16,,No
106825,Female,54.0,20,Month-to-month,Fiber optic,Electronic check,Yes,112.61,2266.39,Yes
106826,Female,57.0,24,Month-to-month,Fiber optic,Mailed check,Yes,77.85,1905.02,Yes
106827,Female,34.0,72,Month-to-month,Fiber optic,Credit card,Yes,65.58,4717.2,No
106828,Male,45.0,38,Month-to-month,Fiber optic,Credit card,No,80.63,3067.98,Yes
106829,Male,40.0,10,Month-to-month,Fiber optic,Electronic check,Yes,112.37,1126.12,Yes
106830,Male,24.0,4,One year,DSL,Electronic check,No,129.14,467.52,No
106831,Female,37.0,28,One year,Fiber optic,Electronic check,Yes,53.13,1471.6,No
106832,Male,47.0,5,One year,Fiber optic,Bank transfer,Yes,84.36,295.66,Yes
106833,Male,33.0,31,Two year,DSL,Mailed check,Yes,56.89,1710.97,No
106834,Female,35.0,30,Month-to-month,Fiber optic,Bank transfer,No,74.96,2244.98,Yes
106835,Male,37.0,64,Two year,Fiber optic,Mailed check,Yes,126.67,8218.11,No
106836,Female,66.0,25,Month-to-month,DSL,Electronic check,Yes,52.76,1308.05,No
106837,Female,18.0,20,Month-to-month,Fiber optic,Electronic check,Yes,43.81,1061.73,No
106838,Male,46.0,45,One year,DSL,Electronic check,Yes,77.05,3640.95,No
106839,Male,36.0,47,Month-to-month,Fiber optic,Bank transfer,Yes,93.49,4400.3,No
106840,Female,31.0,3,Month-to-month,DSL,Mailed check,No,61.47,147.17,No
106841,Male,35.0,7,Month-to-month,No,Credit card,Yes,54.97,588.73,No
106842,Female,48.0,13,Month-to-month,Fiber optic,Electronic check,Yes,88.01,1211.27,Yes
106843,Male,48.0,56,Month-to-month,DSL,Credit card,Yes,38.25,2181.48,No
106844,Male,41.0,16,One year,DSL,Electronic check,Yes,82.54,1255.71,No
106845,Male,53.0,72,Month-to-month,No,Electronic check,No,63.31,4519.84,No
106846,Female,55.0,32,Month-to-month,Fiber optic,Electronic check,No,118.68,3707.72,No
106847,Male,50.0,68,Month-to-month,Fiber optic,Electronic check,Yes,91.96,6387.2,No
106848,Male,32.0,18,Two year,No,Electronic check,No,68.16,1272.02,No
106849,Male,45.0,31,Two year,DSL,Electronic check,No,66.26,2026.13,No
106850,Male,45.0,10,One year,Fiber optic,Mailed check,Yes,35.66,314.09,No
106851,Male,28.0,61,Month-to-month,Fiber optic,Bank transfer,Yes,80.9,4845.68,No
106852,Female,19.0,44,Month-to-month,No,Bank transfer,Yes,66.92,2938.19,No
106853,Female,18.0,6,Month-to-month,Fiber optic,Credit card,No,85.29,527.1,Yes
106854,Male,40.0,54,One year,No,Bank transfer,No,67.24,3426.16,No
106855,Female,43.0,64,Month-to-month,Fiber optic,Credit card,Yes,119.71,,No
106856,Female,24.0,50,One year,No,Electronic check,Yes,65.28,3203.11,No
106857,Female,53.0,59,Month-to-month,DSL,Credit card,No,50.9,3100.79,No
106858,Female,41.0,20,Two year,Fiber optic,Mailed check,No,42.38,797.76,No
106859,Male,57.0,32,Month-to-month,DSL,Mailed check,No,60.85,1785.71,No
106860,Female,44.0,62,Month-to-month,No,Mailed check,No,45.82,2741.75,No
106861,Female,25.0,44,Month-to-month,DSL,Electronic check,Yes,39.55,1895.4,No
106862,Female,45.0,45,One year,Fiber optic,Electronic check,Yes,76.21,3395.9,No
106863,Male,48.0,56,Two year,DSL,Mailed check,Yes,100.46,5532.3,No
106864,Female,32.0,45,Month-to-month,DSL,Bank transfer,Yes,95.38,4141.48,Yes
106865,Female,20.0,10,Two year,DSL,Credit card,Yes,39.95,401.7,No
106866,Female,40.0,16,Month-to-month,Fiber optic,Electronic check,No,84.92,1370.4,No
106867,Male,26.0,57,Month-to-month,DSL,Electronic check,No,,4746.76,No
106868,Male,54.0,18,Month-to-month,Fiber optic,Bank transfer,Yes,98.62,2020.57,Yes
106869,Female,34.0,48,Month-to-month,Fiber optic,Electronic check,Yes,124.09,5845.06,No
106870,Male,61.0,35,Two year,No,Electronic check,Yes,42.76,1463.37,No
106871,Male,18.0,45,Month-to-month,Fiber optic,Mailed check,No,61.85,2809.57,No
106872,Female,41.0,18,Month-to-month,Fiber optic,Bank transfer,Yes,67.43,1174.36,Yes
106873,Female,58.0,23,Month-to-month,Fiber optic,Electronic check,Yes,93.16,1956.77,Yes
106874,Male,27.0,50,One year,DSL,Electronic check,Yes,20.0,1046.02,No
106875,Male,37.0,13,Two year,Fiber optic,Electronic check,No,78.28,960.82,No
106876,Male,34.0,23,Two year,No,Mailed check,Yes,27.44,535.36,No
106877,Male,30.0,72,Month-to-month,DSL,,Yes,71.94,5099.27,Yes
106878,Male,42.0,11,Month-to-month,DSL,Mailed check,No,123.75,1500.85,No
106879,Female,22.0,42,Month-to-month,Fiber optic,Credit card,Yes,106.53,4591.17,No
106880,Female,38.0,11,Two year,No,Electronic check,Yes,41.34,356.54,No
106881,Male,46.0,51,Month-to-month,DSL,Electronic check,Yes,61.53,2982.17,No
106882,Male,36.0,10,Two year,No,Electronic check,Yes,49.76,578.45,No
106883,Female,26.0,42,Two year,DSL,Credit card,Yes,104.36,4568.36,No
106884,Male,52.0,32,One year,Fiber optic,Mailed check,No,32.0,1233.94,No
106885,Male,48.0,50,One year,No,Credit card,Yes,61.02,2923.56,No
106886,Male,25.0,1,Month-to-month,Fiber optic,Credit card,No,66.59,188.8,No
106887,Female,22.0,38,Month-to-month,Fiber optic,Credit card,Yes,54.67,2076.98,No
106888,Male,27.0,40,Month-to-month,No,Credit card,Yes,113.46,4364.72,No
106889,Male,46.0,18,Month-to-month,DSL,Electronic check,Yes,32.85,513.94,No
106890,Female,43.0,22,One year,DSL,Mailed check,No,42.14,856.36,No
106891,Male,49.0,51,Month-to-month,No,Credit card,No,111.89,5749.18,No
106892,Male,35.0,40,Two year,Fiber optic,Bank transfer,Yes,81.51,3137.38,No
106893,Male,27.0,42,Two year,No,Bank transfer,No,67.61,2924.58,No
106894,Female,51.0,68,Month-to-month,No,Credit card,No,56.37,3875.95,No
106895,Female,32.0,30,Month-to-month,Fiber optic,Bank transfer,No,83.95,2610.31,No
106896,Female,41.0,63,Month-to-month,Fiber optic,Bank transfer,Yes,73.27,4556.59,Yes
106897,Male,19.0,71,Month-to-month,Fiber optic,Mailed check,No,65.63,4695.42,No
106898,Male,32.0,42,One year,DSL,Electronic check,No,36.96,1459.09,No
106899,Female,52.0,16,One year,Fiber optic,Electronic check,No,85.01,1421.06,No
106900,Female,30.0,31,One year,No,Bank transfer,No,57.07,1747.81,No
106901,Male,50.0,4,Month-to-month,No,Credit card,Yes,60.27,228.55,No
106902,Female,18.0,51,Two year,No,Credit card,Yes,88.49,4510.04,No
106903,Female,32.0,20,One year,No,Electronic check,Yes,59.36,1030.48,No
106904,Female,37.0,67,Two year,DSL,Credit card,Yes,69.25,4746.84,No
106905,Female,62.0,48,Two year,Fiber optic,Electronic check,Yes,125.84,6047.78,Yes
106906,Male,24.0,36,One year,DSL,Mailed check,No,81.59,3044.69,No
106907,Male,48.0,14,Month-to-month,Fiber optic,Credit card,Yes,70.51,1087.95,No
106908,Male,53.0,8,Two year,No,Credit card,No,44.57,283.36,No
106909,Male,30.0,49,Month-to-month,No,Bank transfer,Yes,68.68,3341.03,No
106910,Female,34.0,56,Month-to-month,No,Bank transfer,Yes,91.69,4995.07,No
106911,Female,41.0,20,Month-to-month,Fiber optic,Mailed check,Yes,69.25,1495.34,Yes
106912,Female,20.0,1,Month-to-month,Fiber optic,Bank transfer,No,82.92,112.14,Yes
106913,Male,33.0,24,Month-to-month,DSL,Electronic check,Yes,56.61,1376.74,Yes
106914,Female,56.0,56,Month-to-month,Fiber optic,Electronic check,No,73.81,4108.51,No
106915,Male,46.0,42,One year,DSL,Credit card,Yes,40.07,1595.66,No
106916,Female,37.0,7,One year,Fiber optic,Electronic check,Yes,89.26,740.26,No
106917,Male,40.0,9,Two year,Fiber optic,Bank transfer,No,86.09,955.3,No
106918,Male,47.0,8,Two year,Fiber optic,Mailed check,Yes,119.35,1073.74,No
106919,Male,49.0,55,Month-to-month,No,Electronic check,Yes,73.08,4004.34,No
106920,Female,32.0,57,One year,DSL,Electronic check,Yes,52.55,3030.46,No
106921,Male,59.0,30,One year,Fiber optic,Electronic check,Yes,118.67,3656.39,No
106922,Male,56.0,50,Month-to-month,No,Electronic check,No,79.47,3981.97,No
106923,Male,48.0,2,Two year,No,Bank transfer,Yes,75.09,325.19,No
106924,Female,28.0,41,Two year,DSL,Mailed check,Yes,70.0,2982.35,No
106925,Male,26.0,20,Month-to-month,Fiber optic,Mailed check,Yes,86.13,1973.29,No
106926,Male,35.0,60,Two year,Fiber optic,Credit card,Yes,60.7,,No
106927,Male,40.0,36,Month-to-month,DSL,Bank transfer,No,68.18,2237.15,No
106928,Male,18.0,62,Two year,DSL,Bank transfer,Yes,64.74,4020.35,No
106929,Female,45.0,41,One year,Fiber optic,Mailed check,No,91.14,3702.57,No
106930,Female,56.0,33,Month-to-month,DSL,Bank transfer,Yes,98.13,3253.84,No
106931,Male,46.0,69,Two year,Fiber optic,Electronic check,Yes,106.37,7500.0,No
106932,Female,30.0,72,Month-to-month,DSL,Electronic check,Yes,83.0,5927.23,No
106933,Male,29.0,33,Month-to-month,DSL,Electronic check,No,27.13,820.45,No
106934,Female,43.0,26,One year,Fiber optic,Bank transfer,Yes,71.35,1796.88,No
106935,Male,37.0,47,One year,DSL,Mailed check,Yes,24.67,1353.36,No
106936,Male,45.0,13,Month-to-month,DSL,Credit card,Yes,97.27,1223.04,No
106937,Male,47.0,28,One year,DSL,Electronic check,No,67.21,1905.23,No
106938,Male,53.0,61,Month-to-month,Fiber optic,Mailed check,Yes,78.54,4957.12,No
106939,Female,24.0,65,Month-to-month,Fiber optic,Electronic check,Yes,65.08,4289.92,Yes
106940,Female,42.0,30,One year,Fiber optic,Credit card,Yes,113.82,3211.69,No
106941,Female,34.0,29,Month-to-month,Fiber optic,Mailed check,Yes,84.76,2414.55,No
106942,Male,38.0,63,Month-to-month,DSL,Bank transfer,Yes,67.37,4185.56,No
106943,Female,50.0,15,Two year,DSL,Mailed check,Yes,73.36,943.55,No
106944,Male,52.0,5,Two year,No,Electronic check,Yes,75.28,333.53,Yes
106945,Female,57.0,6,Month-to-month,DSL,Bank transfer,Yes,66.86,156.16,Yes
106946,Female,45.0,8,One year,DSL,Credit card,Yes,101.79,843.57,Yes
106947,Male,38.0,64,Two year,DSL,Bank transfer,Yes,101.53,6498.59,No
106948,Male,36.0,3,Two year,Fiber optic,Electronic check,No,84.57,189.98,No
106949,Male,18.0,24,Month-to-month,Fiber optic,Bank transfer,Yes,62.78,1343.87,No
106950,Female,56.0,44,Month-to-month,Fiber optic,Bank transfer,Yes,90.4,4103.1,No
106951,Female,35.0,44,Month-to-month,DSL,Credit card,Yes,55.35,2384.25,No
106952,Male,46.0,60,Month-to-month,Fiber optic,Electronic check,Yes,117.9,7172.78,Yes
106953,Female,48.0,71,Month-to-month,DSL,Credit card,No,109.5,7763.18,No
106954,Female,23.0,29,One year,Fiber optic,Credit card,Yes,100.25,3038.59,No
106955,Male,27.0,17,One year,No,Electronic check,Yes,41.23,753.51,No
106956,Female,59.0,7,Two year,DSL,Bank transfer,No,58.59,420.16,No
106957,Male,43.0,65,Month-to-month,Fiber optic,Electronic check,No,77.24,4945.03,No
106958,Female,31.0,27,Month-to-month,Fiber optic,Electronic check,No,61.23,1770.12,No
106959,Male,37.0,65,Month-to-month,Fiber optic,Bank transfer,Yes,74.68,4835.71,No
106960,Female,53.0,26,Month-to-month,Fiber optic,Electronic check,Yes,88.07,2216.48,Yes
106961,Male,51.0,55,Month-to-month,Fiber optic,Electronic check,Yes,95.44,5235.05,No
106962,Male,20.0,47,Two year,Fiber optic,Bank transfer,Yes,114.46,5375.47,No
106963,Male,60.0,52,Month-to-month,Fiber optic,Credit card,Yes,81.73,4328.63,Yes
106964,Female,52.0,47,One year,Fiber optic,Electronic check,No,74.77,3344.8,Yes
106965,Male,37.0,23,Month-to-month,DSL,Electronic check,Yes,38.07,1090.09,No
106966,Female,24.0,8,Month-to-month,DSL,Electronic check,No,78.96,673.38,No
106967,Female,53.0,1,Two year,Fiber optic,Electronic check,Yes,70.96,69.53,No
106968,Female,45.0,31,Two year,Fiber optic,Credit card,Yes,77.07,2429.13,No
106969,Female,20.0,65,Month-to-month,Fiber optic,Mailed check,Yes,68.15,4291.92,No
106970,Female,36.0,47,Two year,Fiber optic,Bank transfer,No,68.86,3247.58,No
106971,Male,75.0,49,Month-to-month,No,Mailed check,Yes,88.25,4382.78,Yes
106972,Female,39.0,19,One year,Fiber optic,Credit card,Yes,80.88,1510.21,Yes
106973,Male,29.0,36,Month-to-month,Fiber optic,Mailed check,No,121.36,4416.08,Yes
106974,Female,26.0,30,Month-to-month,DSL,Credit card,Yes,42.36,1342.18,No
106975,Male,62.0,10,One year,Fiber optic,Bank transfer,Yes,113.57,1070.14,Yes
106976,Female,50.0,45,Two year,Fiber optic,Credit card,Yes,69.99,3261.94,No
106977,Female,57.0,27,Two year,No,Mailed check,No,68.93,1855.69,No
106978,Male,42.0,30,Month-to-month,No,Credit card,Yes,82.68,2651.99,No
106979,Female,55.0,43,Two year,DSL,Electronic check,No,95.98,4244.99,No
106980,Male,28.0,3,Month-to-month,No,Bank transfer,Yes,96.96,327.46,Yes
106981,Male,41.0,68,Month-to-month,Fiber optic,Bank transfer,Yes,108.48,7303.58,No
106982,Female,43.0,17,Month-to-month,Fiber optic,Mailed check,Yes,77.12,1301.0,No
106983,Female,57.0,49,Month-to-month,Fiber optic,Mailed check,No,127.64,6345.07,Yes
106984,Male,43.0,56,Month-to-month,Fiber optic,Electronic check,Yes,97.7,5420.83,Yes
106985,Female,31.0,12,One year,Fiber optic,Credit card,No,32.0,423.01,No
106986,Female,40.0,18,Month-to-month,DSL,Mailed check,Yes,71.81,1341.76,No
106987,Female,18.0,30,One year,Fiber optic,Electronic check,Yes,73.46,2193.68,No
106988,Female,18.0,59,Month-to-month,DSL,Bank transfer,Yes,63.16,3652.49,No
106989,Male,50.0,46,One year,DSL,Bank transfer,Yes,86.91,4141.64,Yes
106990,Male,34.0,34,Month-to-month,Fiber optic,Electronic check,Yes,90.67,3125.54,Yes
106991,Female,36.0,62,Month-to-month,Fiber optic,,Yes,66.09,4070.41,No
106992,Female,50.0,35,One year,No,Mailed check,No,108.58,3729.18,No
106993,Male,57.0,64,Two year,Fiber optic,Credit card,No,50.87,3336.55,No
106994,Female,46.0,56,Two year,Fiber optic,Electronic check,No,49.18,2747.83,No
106995,Female,64.0,13,Month-to-month,No,Electronic check,Yes,43.85,658.02,Yes
106996,Female,46.0,28,Two year,Fiber optic,Bank transfer,No,94.11,2552.09,No
106997,Male,43.0,2,One year,Fiber optic,Electronic check,Yes,92.18,211.59,No
106998,Male,42.0,18,Two year,No,Credit card,Yes,50.69,869.24,No
106999,Male,22.0,2,Month-to-month,Fiber optic,Bank transfer,Yes,68.12,292.97,Yes
107000,Female,51.0,8,Month-to-month,Fiber optic,Credit card,No,82.9,696.34,No
107001,Female,18.0,1,Month-to-month,Fiber optic,Electronic check,Yes,56.29,20.0,Yes
107002,Male,31.0,49,One year,Fiber optic,Electronic check,Yes,102.97,5129.68,No
107003,Female,39.0,30,Month-to-month,Fiber optic,Mailed check,Yes,122.16,3775.92,Yes
107004,Female,29.0,34,Month-to-month,Fiber optic,Electronic check,Yes,78.56,2640.71,Yes
107005,Male,33.0,56,One year,Fiber optic,Electronic check,Yes,91.67,5060.64,Yes
107006,Male,63.0,59,Two year,DSL,Mailed check,No,,4151.22,No
107007,Female,53.0,39,One year,DSL,Mailed check,Yes,,4201.48,No
107008,Female,30.0,33,One year,Fiber optic,Electronic check,Yes,131.53,4182.72,Yes
107009,Female,33.0,47,Month-to-month,DSL,Electronic check,Yes,62.06,2912.47,No
107010,Female,22.0,30,Two year,Fiber optic,Electronic check,Yes,83.81,2359.03,Yes
107011,Male,48.0,32,Month-to-month,DSL,Bank transfer,Yes,92.46,3120.81,Yes
107012,Female,36.0,22,Month-to-month,DSL,Electronic check,Yes,79.63,1871.97,No
107013,Female,18.0,14,Month-to-month,No,Bank transfer,Yes,48.21,701.95,No
107014,Male,40.0,15,Month-to-month,Fiber optic,Bank transfer,Yes,37.78,660.99,No
107015,Male,45.0,48,One year,Fiber optic,Bank transfer,Yes,68.08,3255.94,No
107016,Female,52.0,60,One year,DSL,Credit card,Yes,79.21,4678.37,No
107017,Female,38.0,31,Month-to-month,DSL,Credit card,Yes,61.16,1745.08,No
107018,Female,34.0,7,Month-to-month,DSL,Electronic check,Yes,44.64,383.76,No
107019,Male,65.0,44,Month-to-month,DSL,Electronic check,Yes,56.5,2395.16,No
107020,Male,39.0,65,Month-to-month,DSL,Bank transfer,Yes,116.78,7818.09,No
107021,Female,48.0,38,Two year,Fiber optic,Bank transfer,Yes,54.8,1982.29,Yes
107022,Female,32.0,2,One year,DSL,Electronic check,No,63.14,217.37,No
107023,Female,48.0,6,Month-to-month,Fiber optic,Credit card,No,70.11,535.5,No
107024,Female,20.0,38,Month-to-month,Fiber optic,Credit card,Yes,131.92,4892.38,Yes
107025,Male,33.0,63,Two year,DSL,Credit card,Yes,34.2,2114.13,No
107026,Female,23.0,5,Two year,No,Electronic check,Yes,51.38,236.21,No
107027,Male,31.0,55,Two year,Fiber optic,Mailed check,Yes,84.63,4968.08,No
107028,Female,55.0,57,Month-to-month,Fiber optic,Mailed check,Yes,87.24,4950.6,No
107029,Male,31.0,4,Month-to-month,Fiber optic,Electronic check,No,111.08,341.88,Yes
107030,Female,48.0,16,Month-to-month,Fiber optic,Electronic check,No,108.5,1780.26,Yes
107031,Female,59.0,1,One year,Fiber optic,Electronic check,No,65.44,20.0,Yes
107032,Female,39.0,41,Month-to-month,No,Credit card,Yes,78.88,3228.54,No
107033,Female,52.0,13,One year,Fiber optic,Mailed check,No,78.72,982.42,No
107034,Female,46.0,66,Month-to-month,Fiber optic,Bank transfer,No,71.6,4772.22,No
107035,Female,,7,One year,No,Electronic check,Yes,96.45,624.64,Yes
107036,Male,49.0,47,Month-to-month,Fiber optic,Credit card,No,89.41,4139.62,No
107037,Male,63.0,57,Two year,No,Credit card,No,110.91,6418.98,No
107038,Female,31.0,13,Month-to-month,Fiber optic,Bank transfer,Yes,94.95,1260.37,No
107039,Female,27.0,19,One year,Fiber optic,Electronic check,No,106.23,2020.91,Yes
107040,Female,26.0,58,Month-to-month,Fiber optic,Electronic check,No,32.0,1682.75,No
107041,Female,52.0,7,One year,Fiber optic,Mailed check,Yes,85.31,653.13,No
107042,Female,54.0,32,One year,DSL,Credit card,Yes,81.9,2578.44,No
107043,Female,32.0,19,Month-to-month,Fiber optic,Credit card,Yes,96.21,1853.05,Yes
107044,Female,18.0,1,Month-to-month,DSL,Electronic check,No,109.77,20.0,No
107045,Female,30.0,33,Month-to-month,Fiber optic,Electronic check,Yes,98.6,3278.75,No
107046,Male,46.0,36,Month-to-month,Fiber optic,Mailed check,Yes,52.84,1919.62,Yes
107047,Female,38.0,25,One year,No,Electronic check,Yes,84.63,2095.09,Yes
107048,Male,41.0,59,Month-to-month,DSL,Bank transfer,Yes,92.11,5354.75,No
107049,Female,32.0,7,Month-to-month,Fiber optic,Mailed check,Yes,67.93,580.45,Yes
107050,Female,52.0,31,Month-to-month,Fiber optic,Credit card,Yes,72.9,2192.71,Yes
107051,Female,43.0,14,Month-to-month,Fiber optic,Electronic check,No,102.88,1522.24,Yes
107052,Male,47.0,55,Month-to-month,DSL,Mailed check,Yes,71.31,4016.29,No
107053,Female,41.0,41,One year,Fiber optic,Mailed check,No,110.6,4459.7,No
107054,Male,46.0,51,Month-to-month,Fiber optic,Credit card,No,87.92,4551.24,No
107055,Female,45.0,8,Two year,DSL,Credit card,Yes,20.0,121.33,No
107056,Male,27.0,33,One year,Fiber optic,Credit card,Yes,84.76,2854.55,No
107057,Male,44.0,4,Month-to-month,DSL,Mailed check,Yes,61.37,161.25,No
107058,Female,49.0,24,Two year,Fiber optic,Electronic check,No,98.73,2359.16,Yes
107059,Female,54.0,69,One year,No,Bank transfer,Yes,81.92,5659.42,No
107060,Male,44.0,53,One year,DSL,Credit card,No,47.79,2530.22,No
107061,Male,26.0,6,Month-to-month,DSL,Electronic check,No,76.31,492.17,No
107062,Male,28.0,27,One year,No,Electronic check,Yes,84.76,2215.73,No
107063,Female,33.0,63,Month-to-month,DSL,Electronic check,No,82.46,5145.27,No
107064,Male,41.0,13,Month-to-month,Fiber optic,Bank transfer,No,107.79,1465.52,No
107065,Male,37.0,55,Month-to-month,Fiber optic,Mailed check,Yes,57.8,3141.89,No
107066,Male,24.0,24,Month-to-month,Fiber optic,Electronic check,No,79.46,1862.29,Yes
107067,Male,24.0,35,One year,Fiber optic,Electronic check,Yes,32.0,1044.24,No
107068,Male,18.0,64,Month-to-month,Fiber optic,Bank transfer,Yes,112.86,7181.64,No
107069,Female,18.0,49,Month-to-month,No,Mailed check,Yes,74.41,3553.65,No
107070,Female,37.0,21,Two year,Fiber optic,Electronic check,No,81.21,1771.05,No
107071,Male,69.0,1,Month-to-month,Fiber optic,Bank transfer,No,80.8,40.38,Yes
107072,Female,62.0,17,Month-to-month,No,Electronic check,Yes,84.01,1330.64,Yes
107073,Female,26.0,31,Month-to-month,DSL,Electronic check,Yes,98.02,3020.33,Yes
107074,Male,41.0,10,Two year,No,Electronic check,Yes,64.72,521.52,No
107075,Female,20.0,64,One year,No,Electronic check,Yes,82.24,5186.34,No
107076,Female,22.0,4,One year,No,Electronic check,Yes,81.95,449.7,No
107077,Female,23.0,39,Two year,DSL,Electronic check,No,20.0,682.07,No
107078,Male,36.0,71,One year,Fiber optic,Electronic check,Yes,66.3,4694.39,No
107079,Male,37.0,25,Two year,No,Bank transfer,Yes,82.89,2270.83,No
107080,Male,42.0,39,One year,DSL,Credit card,Yes,102.85,4033.58,No
107081,Male,48.0,6,Two year,Fiber optic,Electronic check,No,117.98,661.91,No
107082,Female,35.0,53,One year,DSL,Bank transfer,Yes,41.38,2014.25,No
107083,Female,39.0,71,Month-to-month,DSL,Electronic check,Yes,96.99,6901.31,No
107084,Female,25.0,56,Month-to-month,No,Credit card,Yes,97.83,5409.39,No
107085,Female,22.0,11,Month-to-month,No,Electronic check,Yes,82.32,955.72,Yes
107086,Female,20.0,26,Month-to-month,DSL,Electronic check,No,21.5,498.14,Yes
107087,Male,47.0,53,Two year,DSL,Mailed check,Yes,58.57,3129.15,No
107088,Male,35.0,58,One year,Fiber optic,Electronic check,No,86.71,5159.35,No
107089,Male,18.0,30,One year,DSL,Electronic check,Yes,66.1,2043.41,No
107090,Male,38.0,70,One year,Fiber optic,Electronic check,Yes,32.0,2121.35,No
107091,Female,23.0,15,Two year,Fiber optic,Bank transfer,Yes,77.47,1170.06,Yes
107092,Male,61.0,54,One year,Fiber optic,Electronic check,Yes,60.73,3366.13,No
107093,Male,31.0,36,Month-to-month,Fiber optic,Electronic check,Yes,98.77,3418.95,Yes
107094,Male,48.0,52,Month-to-month,DSL,Credit card,Yes,84.0,4519.85,No
107095,Female,53.0,43,Month-to-month,DSL,Electronic check,No,85.08,3671.12,Yes
107096,Female,27.0,32,Month-to-month,Fiber optic,Electronic check,Yes,74.77,2444.52,Yes
107097,Male,40.0,59,Month-to-month,DSL,Mailed check,Yes,72.51,4247.15,No
107098,Male,46.0,61,Month-to-month,DSL,Electronic check,Yes,69.9,4268.07,Yes
107099,Male,41.0,59,Month-to-month,Fiber optic,Credit card,Yes,106.84,6223.06,No
107100,Female,44.0,7,Month-to-month,DSL,Electronic check,No,58.67,549.93,No
107101,Male,22.0,31,Two year,Fiber optic,Electronic check,No,65.07,2178.54,No
107102,Female,46.0,54,Month-to-month,No,Credit card,Yes,96.04,5379.36,No
107103,Female,33.0,63,Two year,DSL,Credit card,No,92.52,5669.84,No
107104,Female,44.0,27,Month-to-month,Fiber optic,Bank transfer,Yes,95.65,2612.21,Yes
107105,Male,51.0,54,Two year,DSL,Electronic check,Yes,111.48,6058.81,No
107106,Male,48.0,41,One year,Fiber optic,Mailed check,Yes,136.21,5521.11,Yes
107107,Male,44.0,16,Two year,Fiber optic,Credit card,No,114.77,1869.87,No
107108,Female,47.0,65,Month-to-month,No,Mailed check,Yes,53.32,3336.51,No
107109,Male,48.0,33,One year,DSL,Credit card,Yes,92.78,3194.18,No
107110,Male,58.0,44,Month-to-month,Fiber optic,Bank transfer,No,86.76,3679.45,Yes
107111,Male,39.0,21,Month-to-month,Fiber optic,Credit card,No,69.94,1491.28,Yes
107112,Female,41.0,2,One year,Fiber optic,Electronic check,No,65.47,201.97,No
107113,Female,51.0,33,Month-to-month,Fiber optic,Credit card,Yes,90.73,2940.14,Yes
107114,Male,33.0,53,Month-to-month,DSL,Credit card,Yes,92.42,5021.79,No
107115,Female,22.0,24,Two year,Fiber optic,Bank transfer,Yes,118.48,2679.27,Yes
107116,Female,45.0,67,Month-to-month,Fiber optic,Credit card,Yes,100.85,6754.19,No
107117,Female,36.0,55,One year,DSL,Bank transfer,Yes,86.35,4597.45,No
107118,Female,23.0,47,Month-to-month,Fiber optic,Mailed check,No,78.85,3636.35,No
107119,Male,46.0,59,Month-to-month,Fiber optic,Bank transfer,Yes,89.41,5230.75,Yes
107120,Female,58.0,63,Month-to-month,Fiber optic,Credit card,Yes,46.63,2887.75,No
107121,Female,18.0,52,Month-to-month,No,Bank transfer,Yes,86.13,4593.14,No
107122,Female,52.0,60,Two year,Fiber optic,Mailed check,Yes,94.79,5581.88,No
107123,Female,18.0,52,Two year,Fiber optic,Mailed check,No,131.86,6716.84,No
107124,Female,34.0,63,Month-to-month,Fiber optic,Credit card,Yes,83.01,5190.83,No
107125,Male,63.0,8,Month-to-month,Fiber optic,Electronic check,No,113.78,920.44,Yes
107126,Female,35.0,25,Two year,Fiber optic,Bank transfer,Yes,72.14,1848.79,No
107127,Female,40.0,64,Month-to-month,DSL,Mailed check,Yes,114.43,7427.36,No
107128,Male,49.0,35,Month-to-month,Fiber optic,Credit card,Yes,120.24,4014.9,Yes
107129,Male,18.0,2,Month-to-month,Fiber optic,Electronic check,Yes,112.3,376.58,Yes
107130,Female,40.0,62,One year,Fiber optic,Mailed check,No,85.51,5227.96,Yes
107131,Male,40.0,48,Month-to-month,DSL,Electronic check,No,66.44,3164.06,No
107132,Female,63.0,66,Month-to-month,DSL,Bank transfer,Yes,62.73,4142.27,No
107133,Female,23.0,2,Two year,Fiber optic,Bank transfer,No,59.68,20.0,No
107134,Female,34.0,11,Two year,DSL,Bank transfer,No,83.69,881.67,No
107135,Male,27.0,37,One year,Fiber optic,Mailed check,Yes,77.79,2967.51,Yes
107136,Male,26.0,14,One year,Fiber optic,Electronic check,No,93.57,1366.81,No
107137,Female,54.0,38,Two year,DSL,Bank transfer,No,76.25,2852.46,No
107138,Female,39.0,25,One year,No,Credit card,No,45.16,1148.17,No
107139,Male,32.0,16,One year,Fiber optic,Bank transfer,Yes,110.53,1810.02,Yes
107140,Male,32.0,56,Month-to-month,DSL,Electronic check,Yes,74.4,4143.11,No
107141,Male,32.0,3,Month-to-month,No,Mailed check,No,93.56,325.0,No
107142,Female,33.0,63,Two year,Fiber optic,Bank transfer,No,54.87,3384.77,No
107143,Female,23.0,12,One year,Fiber optic,Mailed check,No,64.9,693.72,No
107144,Male,36.0,42,Month-to-month,DSL,Mailed check,No,62.19,2585.25,No
107145,Male,34.0,72,One year,Fiber optic,Credit card,No,90.07,6267.75,No
107146,Male,29.0,9,Two year,DSL,Credit card,Yes,69.41,687.08,Yes
107147,Female,41.0,67,Month-to-month,Fiber optic,Electronic check,Yes,118.11,7920.85,Yes
107148,Male,42.0,22,One year,Fiber optic,Mailed check,Yes,109.87,2397.14,No
107149,Male,32.0,54,Month-to-month,Fiber optic,Bank transfer,Yes,65.73,3621.11,No
107150,Male,37.0,62,One year,Fiber optic,Credit card,Yes,157.66,9809.76,Yes
107151,Female,67.0,17,Two year,DSL,Electronic check,Yes,69.88,1283.7,No
107152,Male,67.0,26,Two year,DSL,Electronic check,Yes,104.28,2853.47,No
107153,Male,25.0,62,Two year,No,Mailed check,Yes,64.89,4052.93,No
107154,Female,27.0,8,One year,Fiber optic,Mailed check,Yes,99.62,732.18,No
107155,Male,25.0,8,Month-to-month,Fiber optic,Electronic check,Yes,107.75,927.24,Yes
107156,Male,53.0,22,One year,DSL,Credit card,Yes,34.39,692.1,No
107157,Female,34.0,44,Month-to-month,No,Electronic check,Yes,115.67,5020.88,Yes
107158,Female,42.0,59,Month-to-month,DSL,Electronic check,No,52.47,3069.39,No
107159,Male,65.0,41,Month-to-month,DSL,Electronic check,Yes,63.27,2698.3,Yes
107160,Male,39.0,36,Month-to-month,No,Electronic check,Yes,56.87,2114.84,No
107161,Male,48.0,63,Month-to-month,Fiber optic,Electronic check,Yes,69.82,4478.39,No
107162,Female,46.0,13,Month-to-month,Fiber optic,Mailed check,Yes,71.0,934.06,No
107163,Female,31.0,65,Month-to-month,Fiber optic,Electronic check,No,54.15,3571.0,No
107164,Female,53.0,23,Month-to-month,No,Mailed check,No,91.03,2147.77,Yes
107165,Female,28.0,20,Month-to-month,DSL,Mailed check,Yes,74.88,1435.65,No
107166,Male,56.0,69,Month-to-month,DSL,Mailed check,Yes,68.54,4782.21,No
107167,Female,31.0,47,Two year,Fiber optic,Credit card,No,109.4,5141.45,No
107168,Female,33.0,32,Month-to-month,No,Credit card,No,116.16,3680.67,No
107169,Male,25.0,24,Two year,No,Mailed check,Yes,33.0,759.87,No
107170,Female,27.0,32,Month-to-month,Fiber optic,Electronic check,Yes,124.59,3937.16,Yes
107171,Female,33.0,57,Two year,Fiber optic,Bank transfer,No,83.42,4729.66,No
107172,Female,18.0,12,One year,Fiber optic,Electronic check,Yes,50.23,602.03,No
107173,Female,36.0,13,Two year,DSL,Bank transfer,Yes,82.32,1130.01,Yes
107174,Male,32.0,22,Two year,DSL,Bank transfer,No,69.08,1655.6,No
107175,Male,49.0,35,One year,DSL,Electronic check,Yes,93.51,3324.01,No
107176,Male,44.0,59,Month-to-month,DSL,Mailed check,No,75.63,4472.71,No
107177,Female,30.0,16,Month-to-month,DSL,Credit card,No,80.92,1114.71,No
107178,Female,33.0,57,Month-to-month,DSL,Mailed check,No,61.12,3701.54,No
107179,Male,36.0,66,Two year,No,,Yes,46.29,2991.42,No
107180,Male,58.0,32,Two year,DSL,Bank transfer,Yes,90.54,2836.47,No
107181,Male,28.0,70,Month-to-month,Fiber optic,Mailed check,Yes,70.88,5075.38,No
107182,Female,30.0,65,One year,No,Electronic check,Yes,82.06,5234.79,No
107183,Male,24.0,58,Month-to-month,Fiber optic,Mailed check,Yes,121.15,7060.16,Yes
107184,Male,20.0,28,One year,Fiber optic,Electronic check,Yes,80.01,2198.62,No
107185,Male,43.0,22,One year,DSL,Mailed check,Yes,89.5,1946.26,No
107186,Female,42.0,63,Month-to-month,DSL,Electronic check,No,71.24,4492.59,No
107187,Male,56.0,32,Two year,Fiber optic,Credit card,No,74.88,2288.73,No
107188,Male,53.0,3,Month-to-month,Fiber optic,Bank transfer,Yes,44.94,123.71,Yes
107189,Male,70.0,52,One year,Fiber optic,Electronic check,Yes,83.02,4409.38,No
107190,Male,38.0,26,One year,No,Bank transfer,Yes,67.89,1758.42,No
107191,Male,36.0,68,Month-to-month,Fiber optic,Bank transfer,Yes,62.23,4546.51,No
107192,Female,22.0,62,Month-to-month,Fiber optic,Bank transfer,No,33.12,2061.69,No
107193,Female,48.0,8,Month-to-month,DSL,Electronic check,Yes,30.25,134.31,Yes
107194,Female,41.0,65,One year,No,Mailed check,Yes,116.63,7534.01,No
107195,Female,47.0,69,Two year,No,Mailed check,Yes,72.95,4859.44,No
107196,Female,24.0,55,Month-to-month,Fiber optic,Electronic check,No,48.09,2741.94,Yes
107197,Male,44.0,20,Month-to-month,Fiber optic,Mailed check,No,68.95,1523.49,No
107198,Female,42.0,49,Month-to-month,Fiber optic,Electronic check,Yes,84.25,4204.12,No
107199,Male,41.0,63,Month-to-month,DSL,Credit card,Yes,83.22,5167.25,No
107200,Male,30.0,59,Month-to-month,No,Credit card,Yes,66.17,3825.51,No
107201,Female,54.0,32,One year,Fiber optic,Electronic check,Yes,134.53,4371.26,Yes
107202,Male,66.0,51,Month-to-month,Fiber optic,Electronic check,Yes,135.71,6874.33,Yes
107203,Male,25.0,28,Two year,Fiber optic,Electronic check,Yes,93.57,2542.5,No
107204,Male,48.0,19,Month-to-month,Fiber optic,Credit card,Yes,74.84,1334.44,No
107205,Male,18.0,49,One year,DSL,Electronic check,No,81.56,4164.65,No
107206,Female,48.0,34,Month-to-month,Fiber optic,Bank transfer,No,50.78,1684.75,No
107207,Female,18.0,17,Month-to-month,DSL,Credit card,No,96.99,1723.68,Yes
107208,Male,32.0,48,Month-to-month,DSL,Electronic check,No,76.29,3711.38,No
107209,Male,22.0,24,One year,DSL,Bank transfer,Yes,41.82,927.3,Yes
107210,Female,36.0,43,Two year,Fiber optic,Mailed check,Yes,69.39,2987.42,No
107211,Female,50.0,27,Month-to-month,No,Electronic check,No,86.34,2241.08,Yes
107212,Male,18.0,64,Month-to-month,DSL,Credit card,Yes,30.37,2074.0,No
107213,Female,34.0,62,One year,Fiber optic,Mailed check,Yes,61.66,3740.95,No
107214,Male,32.0,35,Month-to-month,Fiber optic,Electronic check,Yes,72.35,2565.12,No
107215,Male,60.0,52,Two year,No,Bank transfer,Yes,96.38,4967.28,No
107216,Male,45.0,13,Month-to-month,Fiber optic,Bank transfer,Yes,126.86,1565.94,Yes
107217,Female,24.0,72,Two year,No,Bank transfer,No,81.47,5962.8,No
107218,Male,33.0,16,Month-to-month,Fiber optic,Electronic check,No,32.0,465.09,Yes
107219,Male,59.0,63,Month-to-month,Fiber optic,Bank transfer,Yes,56.08,3368.37,No
107220,Male,48.0,61,One year,Fiber optic,Electronic check,Yes,162.0,9920.19,No
107221,Male,27.0,13,Month-to-month,DSL,Mailed check,No,75.94,923.55,No
107222,Female,36.0,1,One year,Fiber optic,Electronic check,No,32.0,46.18,Yes
107223,Male,36.0,54,One year,Fiber optic,Bank transfer,Yes,143.32,7816.33,No
107224,Male,32.0,63,One year,Fiber optic,Credit card,No,50.6,3219.9,No
107225,Female,18.0,52,Month-to-month,Fiber optic,Electronic check,No,98.34,5193.67,Yes
107226,Female,30.0,5,Month-to-month,Fiber optic,Electronic check,Yes,55.34,159.87,Yes
107227,Male,57.0,47,Month-to-month,Fiber optic,Bank transfer,Yes,139.05,6643.21,Yes
107228,Female,34.0,29,One year,DSL,Electronic check,No,36.58,1034.05,No
107229,Female,38.0,66,One year,DSL,Electronic check,No,57.37,3658.02,No
107230,Female,41.0,58,Month-to-month,Fiber optic,Mailed check,Yes,110.22,6171.85,Yes
107231,Female,68.0,58,One year,DSL,Mailed check,No,58.17,3346.11,No
107232,Female,39.0,30,One year,No,Electronic check,No,84.16,2454.04,No
107233,Male,53.0,24,One year,DSL,Bank transfer,Yes,92.77,2157.12,No
107234,Male,31.0,60,Month-to-month,DSL,Electronic check,Yes,76.43,4615.89,No
107235,Male,36.0,9,Month-to-month,Fiber optic,Credit card,No,56.22,660.8,No
107236,Male,39.0,8,Month-to-month,DSL,Bank transfer,Yes,52.32,337.41,Yes
107237,Female,29.0,5,Two year,Fiber optic,Electronic check,Yes,74.41,380.33,No
107238,Male,36.0,37,One year,DSL,Bank transfer,No,86.68,3156.06,No
107239,Male,51.0,6,Two year,DSL,Bank transfer,No,92.29,464.91,No
107240,Female,29.0,42,Month-to-month,Fiber optic,Credit card,Yes,89.13,3652.03,Yes
107241,Female,39.0,13,One year,Fiber optic,Bank transfer,Yes,101.55,1467.96,No
107242,Female,48.0,65,Two year,Fiber optic,Mailed check,No,44.21,2874.84,No
107243,Male,28.0,32,Month-to-month,DSL,Bank transfer,Yes,79.44,2524.97,No
107244,Male,53.0,7,Month-to-month,Fiber optic,Bank transfer,Yes,82.38,514.98,Yes
107245,Female,40.0,50,Month-to-month,Fiber optic,Bank transfer,No,96.38,4825.05,Yes
107246,Male,37.0,25,One year,DSL,Mailed check,No,90.81,2212.83,No
107247,Male,18.0,19,Month-to-month,Fiber optic,Credit card,Yes,57.72,1270.38,No
107248,Female,34.0,48,Month-to-month,Fiber optic,Electronic check,Yes,81.25,3922.66,No
107249,Male,44.0,69,Month-to-month,No,Credit card,Yes,105.36,7282.39,No
107250,Female,62.0,71,One year,Fiber optic,Electronic check,Yes,91.6,6514.11,Yes
107251,Male,46.0,32,Two year,Fiber optic,Electronic check,No,81.49,2725.38,No
107252,Female,54.0,62,One year,DSL,Electronic check,Yes,41.55,2574.11,No
107253,Female,23.0,16,Two year,Fiber optic,Credit card,Yes,97.57,1518.24,Yes
107254,Female,37.0,61,One year,Fiber optic,Bank transfer,Yes,49.24,3018.14,Yes
107255,Male,55.0,68,Two year,No,Mailed check,Yes,67.54,4663.94,No
107256,Female,27.0,38,Month-to-month,Fiber optic,Credit card,Yes,71.72,2831.83,No
107257,Female,52.0,38,Two year,DSL,Electronic check,Yes,81.84,3129.27,No
107258,Female,49.0,41,Two year,Fiber optic,Electronic check,Yes,69.03,2850.87,No
107259,Male,43.0,6,One year,Fiber optic,Electronic check,No,75.79,544.09,No
107260,Male,35.0,62,Month-to-month,DSL,Mailed check,No,49.23,2806.19,No
107261,Male,26.0,54,Month-to-month,Fiber optic,Mailed check,Yes,77.79,4208.6,No
107262,Male,62.0,63,Month-to-month,Fiber optic,Electronic check,Yes,89.37,5577.71,No
107263,Female,47.0,9,Month-to-month,Fiber optic,Electronic check,Yes,75.32,683.1,No
107264,Female,43.0,58,Month-to-month,No,Mailed check,Yes,64.16,3753.29,No
107265,Female,34.0,27,Month-to-month,DSL,Electronic check,No,76.11,2167.02,No
107266,Female,39.0,59,Month-to-month,DSL,Mailed check,No,97.03,5600.16,No
107267,Female,41.0,72,Two year,DSL,Mailed check,Yes,90.62,6459.91,No
107268,Male,44.0,64,One year,No,Electronic check,No,39.66,2458.19,No
107269,Male,49.0,66,Two year,DSL,Electronic check,Yes,91.18,5963.26,No
107270,Female,29.0,9,Month-to-month,Fiber optic,Bank transfer,Yes,118.2,940.48,Yes
107271,Male,20.0,24,Month-to-month,Fiber optic,Bank transfer,Yes,101.64,2631.73,Yes
107272,Male,40.0,22,Month-to-month,Fiber optic,Mailed check,Yes,32.0,782.37,No
107273,Female,18.0,37,Two year,DSL,Mailed check,Yes,78.62,2839.16,No
107274,Female,35.0,71,Month-to-month,DSL,Credit card,Yes,106.59,7569.28,No
107275,Male,32.0,50,One year,No,Bank transfer,Yes,60.78,2999.87,No
107276,Male,45.0,40,Month-to-month,Fiber optic,Electronic check,Yes,156.5,6274.05,No
107277,Male,65.0,58,Month-to-month,DSL,Credit card,Yes,20.0,1090.9,No
107278,Female,18.0,13,Month-to-month,DSL,Mailed check,Yes,75.65,846.38,No
107279,Female,69.0,48,Month-to-month,Fiber optic,Mailed check,Yes,102.08,4848.34,No
107280,Female,36.0,37,Month-to-month,No,Bank transfer,Yes,76.3,2947.42,No
107281,Female,44.0,15,Two year,Fiber optic,Mailed check,Yes,87.85,1184.1,No
107282,Male,21.0,47,Month-to-month,Fiber optic,Credit card,Yes,58.0,2824.74,No
107283,Female,52.0,61,Month-to-month,Fiber optic,Electronic check,No,69.62,4297.22,Yes
107284,Male,40.0,60,Month-to-month,DSL,Mailed check,Yes,86.34,5144.43,No
107285,Male,38.0,61,Two year,No,Electronic check,No,20.0,1287.51,No
107286,Female,18.0,59,One year,DSL,Bank transfer,Yes,94.63,5601.95,No
107287,Female,,34,One year,DSL,Electronic check,No,69.15,2158.73,No
107288,Male,50.0,4,Month-to-month,DSL,Mailed check,Yes,85.81,306.83,No
107289,Male,36.0,70,Two year,DSL,Credit card,No,93.16,6487.43,No
107290,Male,54.0,33,Month-to-month,Fiber optic,Electronic check,Yes,162.0,5476.05,Yes
107291,Female,54.0,46,One year,Fiber optic,Electronic check,No,118.97,5436.55,No
107292,Female,31.0,2,One year,Fiber optic,Mailed check,Yes,53.96,88.94,No
107293,Male,60.0,64,Month-to-month,Fiber optic,Mailed check,No,138.04,8730.05,No
107294,Male,40.0,64,Month-to-month,DSL,Electronic check,Yes,20.0,1274.3,No
107295,Male,40.0,67,Month-to-month,Fiber optic,Electronic check,Yes,72.91,4777.97,No
107296,Male,40.0,13,Month-to-month,Fiber optic,Electronic check,Yes,88.34,1246.16,Yes
107297,Male,40.0,61,Month-to-month,Fiber optic,Electronic check,Yes,75.9,4592.05,No
107298,Male,18.0,45,Month-to-month,DSL,Bank transfer,Yes,79.04,3449.58,No
107299,Male,37.0,11,Month-to-month,Fiber optic,Electronic check,Yes,79.78,987.88,No
107300,Female,21.0,42,One year,DSL,Mailed check,Yes,104.12,4255.5,Yes
107301,Female,60.0,35,Month-to-month,DSL,Electronic check,Yes,59.94,2120.88,No
107302,Male,60.0,46,One year,DSL,Credit card,Yes,69.11,3045.2,No
107303,Female,50.0,7,Month-to-month,Fiber optic,Bank transfer,Yes,128.29,924.4,No
107304,Male,36.0,41,Month-to-month,DSL,Mailed check,No,96.2,4040.28,Yes
107305,Female,26.0,49,Month-to-month,DSL,Bank transfer,Yes,67.75,3261.41,Yes
107306,Male,30.0,52,Two year,Fiber optic,Electronic check,No,95.81,4875.94,No
107307,Female,64.0,56,Month-to-month,Fiber optic,Electronic check,Yes,130.82,7222.54,Yes
107308,Male,30.0,46,One year,DSL,Mailed check,Yes,37.39,1714.96,No
107309,Female,18.0,51,Two year,Fiber optic,Mailed check,No,56.81,3070.83,No
107310,Male,52.0,7,One year,Fiber optic,Electronic check,No,69.63,583.53,Yes
107311,Female,59.0,58,Month-to-month,DSL,Mailed check,Yes,77.43,4596.28,Yes
107312,Male,61.0,27,Month-to-month,DSL,Bank transfer,Yes,96.21,2501.38,No
107313,Female,52.0,40,One year,Fiber optic,Credit card,Yes,64.88,2693.92,No
107314,Male,55.0,40,One year,No,Credit card,Yes,48.46,2027.24,No
107315,Female,40.0,71,One year,Fiber optic,Mailed check,No,51.21,3663.36,No
107316,Male,18.0,24,One year,DSL,Bank transfer,No,48.44,1105.72,No
107317,Female,39.0,28,Month-to-month,No,Mailed check,Yes,55.61,1644.58,No
107318,Female,47.0,55,One year,Fiber optic,Electronic check,Yes,32.0,1698.99,No
107319,Female,37.0,46,One year,Fiber optic,Bank transfer,Yes,69.97,3277.77,No
107320,Male,37.0,23,Two year,No,Electronic check,No,45.76,1018.22,No
107321,Male,26.0,25,One year,Fiber optic,Credit card,Yes,79.9,,No
107322,Male,26.0,60,Month-to-month,Fiber optic,Electronic check,No,126.45,7550.53,Yes
107323,Female,63.0,61,One year,Fiber optic,Electronic check,Yes,44.16,2870.87,No
107324,Female,63.0,11,One year,No,Electronic check,Yes,97.35,965.92,No
107325,Male,39.0,29,Month-to-month,DSL,Credit card,Yes,113.69,3386.25,No
107326,Female,43.0,56,Month-to-month,Fiber optic,Electronic check,No,108.12,6130.34,No
107327,Male,26.0,9,Month-to-month,Fiber optic,Bank transfer,No,92.56,816.45,No
107328,Female,47.0,14,Month-to-month,No,Electronic check,Yes,104.85,1418.21,No
107329,Male,62.0,12,One year,DSL,Bank transfer,Yes,87.82,941.49,Yes
107330,Male,19.0,39,Month-to-month,DSL,Mailed check,Yes,99.77,4007.01,Yes
107331,Male,45.0,33,One year,Fiber optic,Credit card,Yes,86.97,2762.94,Yes
107332,Male,46.0,24,Month-to-month,DSL,Electronic check,Yes,45.49,840.81,No
107333,Male,46.0,10,One year,Fiber optic,Electronic check,Yes,113.09,1158.62,Yes
107334,Male,60.0,46,One year,Fiber optic,Electronic check,No,149.24,6743.47,No
107335,Male,65.0,59,One year,No,Mailed check,Yes,63.49,3736.03,No
107336,Male,36.0,16,Month-to-month,Fiber optic,Credit card,No,84.56,1232.02,Yes
107337,Female,48.0,48,Two year,Fiber optic,Electronic check,No,86.8,4114.08,Yes
107338,Male,40.0,58,Month-to-month,No,Credit card,Yes,35.27,2051.91,No
107339,Male,31.0,41,One year,DSL,Electronic check,No,50.79,2106.83,No
107340,Female,43.0,42,Month-to-month,Fiber optic,Credit card,No,91.61,3968.11,Yes
107341,Female,48.0,13,Month-to-month,Fiber optic,Bank transfer,No,81.65,1061.58,No
107342,Male,42.0,69,One year,DSL,Credit card,Yes,72.42,5006.63,No
107343,Female,28.0,69,Month-to-month,DSL,Mailed check,No,72.66,4991.96,No
107344,Female,33.0,52,Month-to-month,Fiber optic,Bank transfer,Yes,81.09,4299.84,Yes
107345,Female,33.0,65,Month-to-month,Fiber optic,Electronic check,Yes,64.86,4114.11,Yes
107346,Male,28.0,44,Month-to-month,Fiber optic,Mailed check,No,94.87,4134.9,Yes
107347,Male,43.0,48,Two year,DSL,Bank transfer,No,80.21,3849.96,No
107348,Male,44.0,60,One year,DSL,Electronic check,Yes,49.99,2917.84,No
107349,Female,52.0,3,Month-to-month,No,Bank transfer,Yes,82.37,372.73,Yes
107350,Female,28.0,16,One year,DSL,Electronic check,No,56.41,931.23,No
107351,Female,31.0,15,One year,No,Electronic check,Yes,88.33,1214.64,No
107352,Female,59.0,46,One year,Fiber optic,Bank transfer,Yes,82.92,3851.07,Yes
107353,Male,37.0,18,One year,Fiber optic,Electronic check,Yes,93.85,1807.21,Yes
107354,Male,39.0,29,Month-to-month,DSL,Bank transfer,Yes,76.4,2150.83,Yes
107355,Female,37.0,36,Month-to-month,No,Credit card,Yes,70.59,2663.79,No
107356,Female,54.0,54,One year,No,Electronic check,No,80.18,4352.84,No
107357,Male,54.0,38,One year,Fiber optic,Electronic check,Yes,105.05,4010.05,Yes
107358,Male,53.0,2,One year,Fiber optic,Electronic check,Yes,87.01,281.88,Yes
107359,Female,39.0,50,Month-to-month,Fiber optic,Mailed check,Yes,86.61,4348.83,No
107360,Male,28.0,31,One year,DSL,Bank transfer,No,63.15,1992.78,No
107361,Male,64.0,9,Month-to-month,No,Credit card,Yes,26.53,247.08,Yes
107362,Female,50.0,47,One year,DSL,Electronic check,Yes,72.84,3265.64,No
107363,Male,33.0,20,Month-to-month,Fiber optic,Electronic check,No,52.34,1083.84,Yes
107364,Male,58.0,34,One year,Fiber optic,Electronic check,No,69.85,2397.59,Yes
107365,Female,32.0,70,Two year,Fiber optic,Electronic check,Yes,62.35,4330.3,No
107366,Male,57.0,18,Month-to-month,Fiber optic,Mailed check,No,66.06,959.62,No
107367,Female,58.0,64,One year,Fiber optic,Credit card,Yes,67.62,4383.67,No
107368,Male,27.0,34,One year,DSL,Electronic check,Yes,84.14,2783.33,No
107369,Male,47.0,68,Month-to-month,DSL,Bank transfer,No,80.32,5360.35,No
107370,Male,49.0,62,Month-to-month,DSL,Mailed check,Yes,74.77,4525.77,No
107371,Female,73.0,60,One year,No,Credit card,Yes,102.24,5958.09,No
107372,Male,29.0,15,Month-to-month,DSL,Credit card,No,148.46,2268.45,No
107373,Female,58.0,57,Month-to-month,No,Credit card,Yes,84.69,5039.37,No
107374,Male,39.0,27,Two year,DSL,Mailed check,No,94.7,2504.71,No
107375,Male,23.0,66,One year,No,Electronic check,Yes,79.01,5288.55,No
107376,Female,37.0,72,One year,Fiber optic,Electronic check,Yes,100.2,7205.97,No
107377,Female,39.0,45,One year,No,Electronic check,Yes,31.39,1437.37,No
107378,Female,25.0,66,Month-to-month,Fiber optic,Bank transfer,Yes,32.0,2106.0,No
107379,Male,43.0,39,One year,Fiber optic,Credit card,No,32.0,1318.41,No
107380,Male,51.0,3,Month-to-month,Fiber optic,Bank transfer,No,68.39,96.44,Yes
107381,Female,42.0,63,Month-to-month,DSL,Mailed check,Yes,106.17,6697.67,No
107382,Male,32.0,39,One year,No,Electronic check,No,78.38,3158.95,No
107383,Male,37.0,4,Two year,Fiber optic,Bank transfer,Yes,74.23,360.02,No
107384,Female,39.0,5,Month-to-month,DSL,Electronic check,No,86.24,460.57,No
107385,Female,42.0,53,Two year,DSL,Electronic check,Yes,80.83,4292.77,No
107386,Male,53.0,67,One year,Fiber optic,Electronic check,Yes,50.12,3325.56,No
107387,Female,43.0,51,Month-to-month,No,Credit card,Yes,83.72,4237.97,Yes
107388,Female,21.0,32,Month-to-month,Fiber optic,Mailed check,Yes,104.81,3214.12,Yes
107389,Male,32.0,23,Month-to-month,DSL,Credit card,Yes,124.52,2909.25,Yes
107390,Female,41.0,31,One year,Fiber optic,Mailed check,Yes,82.01,2665.14,No
107391,Female,54.0,24,Month-to-month,DSL,Bank transfer,No,114.34,2770.62,No
107392,Male,56.0,20,Month-to-month,DSL,Credit card,Yes,61.88,1239.1,No
107393,Male,62.0,10,Month-to-month,No,Credit card,Yes,130.16,1355.52,Yes
107394,Male,41.0,41,Two year,DSL,Electronic check,Yes,57.13,2151.67,No
107395,Female,49.0,16,Month-to-month,Fiber optic,Electronic check,Yes,100.07,1555.47,Yes
107396,Male,20.0,11,Month-to-month,DSL,Electronic check,Yes,79.17,864.22,No
107397,Male,45.0,20,Month-to-month,DSL,Mailed check,No,109.24,2031.19,No
107398,Male,25.0,58,Month-to-month,DSL,Electronic check,Yes,105.87,6154.9,No
107399,Male,38.0,42,Month-to-month,DSL,Bank transfer,No,45.94,1762.91,No
107400,Male,75.0,36,One year,Fiber optic,Electronic check,Yes,75.59,2783.44,No
107401,Female,43.0,43,One year,No,Credit card,No,125.16,5402.21,Yes
107402,Female,28.0,41,Month-to-month,DSL,Credit card,Yes,74.48,3036.5,No
107403,Male,44.0,36,Two year,No,Bank transfer,Yes,92.35,3393.13,No
107404,Male,32.0,61,Month-to-month,Fiber optic,Bank transfer,No,57.24,3504.87,No
107405,Male,27.0,53,Two year,DSL,Electronic check,Yes,65.85,3532.84,No
107406,Female,66.0,14,Month-to-month,DSL,Electronic check,Yes,54.28,785.44,Yes
107407,Female,53.0,59,Two year,DSL,Mailed check,No,95.15,5536.45,Yes
107408,Female,43.0,13,Two year,Fiber optic,Credit card,Yes,102.44,1472.86,Yes
107409,Female,34.0,6,Two year,Fiber optic,Electronic check,Yes,114.59,799.66,Yes
107410,Male,35.0,31,Month-to-month,DSL,Mailed check,No,44.87,1429.55,Yes
107411,Male,59.0,29,Month-to-month,DSL,Bank transfer,Yes,85.72,2499.41,Yes
107412,Male,43.0,57,Two year,DSL,Electronic check,No,72.5,4200.03,No
107413,Female,18.0,51,Month-to-month,Fiber optic,Credit card,No,32.0,1745.41,No
107414,Male,70.0,5,Month-to-month,DSL,Credit card,No,83.58,589.27,Yes
107415,Male,41.0,36,Month-to-month,Fiber optic,Electronic check,Yes,116.3,4138.06,Yes
107416,Female,43.0,58,Month-to-month,Fiber optic,Bank transfer,Yes,123.27,7243.78,Yes
107417,Female,53.0,53,Month-to-month,Fiber optic,Electronic check,No,83.12,4397.51,Yes
107418,Male,45.0,37,Month-to-month,DSL,Mailed check,No,92.74,3286.56,No
107419,Female,49.0,45,One year,Fiber optic,Credit card,No,97.63,4468.78,Yes
107420,Female,33.0,41,Month-to-month,Fiber optic,Electronic check,No,65.0,2797.06,Yes
107421,Female,23.0,17,Month-to-month,No,Credit card,Yes,49.58,930.43,No
107422,Female,43.0,41,Month-to-month,Fiber optic,Credit card,Yes,82.8,3379.58,Yes
107423,Male,58.0,49,Two year,Fiber optic,Bank transfer,Yes,78.11,3862.27,No
107424,Female,31.0,5,Month-to-month,DSL,Electronic check,Yes,74.21,433.95,No
107425,Female,30.0,51,One year,Fiber optic,Electronic check,Yes,73.56,,Yes
107426,Female,55.0,18,One year,Fiber optic,Mailed check,Yes,89.31,1718.29,Yes
107427,Female,33.0,1,One year,Fiber optic,Electronic check,Yes,57.34,142.21,No
107428,Female,34.0,55,Month-to-month,Fiber optic,Electronic check,Yes,122.09,6662.86,Yes
107429,Female,34.0,29,One year,No,Electronic check,Yes,26.5,770.88,No
107430,Female,38.0,30,Month-to-month,No,Bank transfer,Yes,69.97,2053.67,No
107431,Female,19.0,45,One year,DSL,Electronic check,Yes,66.91,3025.46,No
107432,Female,32.0,41,Month-to-month,DSL,Electronic check,Yes,68.61,2644.81,No
107433,Male,42.0,45,Two year,No,Bank transfer,Yes,50.9,2464.04,No
107434,Female,42.0,69,Month-to-month,Fiber optic,Electronic check,Yes,46.22,3119.01,No
107435,Male,54.0,47,Month-to-month,No,Electronic check,Yes,,3620.29,Yes
107436,Female,63.0,4,One year,Fiber optic,Electronic check,No,78.88,322.97,Yes
107437,Female,59.0,17,Month-to-month,No,Electronic check,Yes,81.61,1263.38,Yes
107438,Female,51.0,33,Month-to-month,DSL,Electronic check,Yes,30.75,984.57,Yes
107439,Female,37.0,35,Two year,Fiber optic,Electronic check,No,126.91,4457.02,No
107440,Male,31.0,27,One year,Fiber optic,Mailed check,Yes,82.0,2362.38,No
107441,Male,39.0,14,One year,DSL,Electronic check,Yes,20.0,292.79,No
107442,Female,47.0,8,Month-to-month,DSL,Electronic check,No,76.72,577.25,No
107443,Female,50.0,11,Month-to-month,DSL,Bank transfer,Yes,60.2,560.89,No
107444,Female,47.0,69,Month-to-month,DSL,Bank transfer,No,43.67,3205.68,No
107445,Female,37.0,29,One year,No,Mailed check,Yes,102.8,2988.1,Yes
107446,Female,49.0,70,One year,No,Credit card,No,95.24,6674.22,No
107447,Male,55.0,25,Month-to-month,No,Bank transfer,No,80.54,1890.07,Yes
107448,Male,50.0,23,Month-to-month,No,Bank transfer,No,73.93,1747.62,Yes
107449,Female,39.0,36,Month-to-month,No,Mailed check,Yes,84.62,2993.39,No
107450,Female,28.0,69,Month-to-month,No,Electronic check,Yes,32.55,2378.4,No
107451,Female,28.0,41,Month-to-month,DSL,Mailed check,Yes,76.79,3190.18,No
107452,Female,30.0,3,Month-to-month,DSL,Mailed check,Yes,102.94,320.07,Yes
107453,Female,42.0,20,Month-to-month,No,Credit card,No,98.0,1840.95,No
107454,Female,46.0,71,Month-to-month,Fiber optic,Credit card,Yes,57.74,4090.7,No
107455,Female,21.0,12,Month-to-month,Fiber optic,Electronic check,Yes,88.64,1044.44,Yes
107456,Male,32.0,61,Month-to-month,Fiber optic,Credit card,Yes,55.93,3422.8,No
107457,Female,42.0,67,Two year,DSL,Bank transfer,Yes,75.93,4910.01,No
107458,Female,27.0,16,Month-to-month,DSL,Bank transfer,Yes,53.2,769.34,No
107459,Male,45.0,41,Month-to-month,Fiber optic,Credit card,Yes,62.25,2507.62,Yes
107460,Female,35.0,44,Month-to-month,Fiber optic,Electronic check,Yes,92.95,4134.82,Yes
107461,Female,30.0,58,Month-to-month,Fiber optic,Mailed check,Yes,65.86,3646.14,Yes
107462,Female,40.0,58,Month-to-month,Fiber optic,Credit card,No,64.13,3843.89,No
107463,Male,,5,Month-to-month,Fiber optic,Electronic check,Yes,92.79,575.73,Yes
107464,Female,28.0,23,Month-to-month,Fiber optic,Bank transfer,Yes,46.96,990.58,No
107465,Male,36.0,68,Two year,Fiber optic,Credit card,Yes,75.95,5386.81,No
107466,Female,45.0,26,Two year,Fiber optic,Credit card,Yes,45.57,1206.27,No
107467,Female,29.0,18,Month-to-month,No,Electronic check,Yes,38.12,676.35,No
107468,Female,18.0,46,Month-to-month,Fiber optic,Bank transfer,No,113.27,5263.89,Yes
107469,Female,19.0,15,Two year,No,Electronic check,Yes,61.59,961.48,No
107470,Male,34.0,11,Month-to-month,No,Credit card,Yes,54.07,605.32,Yes
107471,Female,22.0,58,Two year,No,Mailed check,Yes,93.27,5312.05,No
107472,Female,34.0,9,One year,Fiber optic,Bank transfer,Yes,124.4,1080.25,No
107473,Male,61.0,65,Month-to-month,Fiber optic,Credit card,No,90.29,5901.01,No
107474,Male,21.0,18,Month-to-month,Fiber optic,Mailed check,Yes,109.52,2046.43,Yes
107475,Male,35.0,8,Month-to-month,Fiber optic,Mailed check,Yes,70.21,691.24,Yes
107476,Female,67.0,54,One year,DSL,Mailed check,Yes,73.36,3920.29,No
107477,Female,44.0,13,Month-to-month,DSL,Bank transfer,Yes,72.18,945.47,No
107478,Female,34.0,27,One year,DSL,Bank transfer,Yes,80.1,2103.27,No
107479,Female,37.0,26,Month-to-month,Fiber optic,Credit card,Yes,108.12,2909.57,No
107480,Male,45.0,37,Two year,DSL,Electronic check,No,35.26,1276.6,No
107481,Female,61.0,35,One year,Fiber optic,Electronic check,No,61.75,2108.34,Yes
107482,Male,32.0,15,Month-to-month,DSL,Mailed check,Yes,59.87,903.63,No
107483,Male,29.0,17,Month-to-month,DSL,Electronic check,No,47.75,661.18,Yes
107484,Male,21.0,14,Month-to-month,Fiber optic,Bank transfer,Yes,89.75,1305.19,No
107485,Male,40.0,4,One year,No,Mailed check,Yes,77.43,281.84,No
107486,Female,21.0,47,One year,Fiber optic,Electronic check,Yes,85.47,4266.17,No
107487,Female,33.0,34,Month-to-month,No,Bank transfer,Yes,61.93,2049.98,No
107488,Female,27.0,8,One year,DSL,Electronic check,Yes,105.69,821.46,Yes
107489,Male,53.0,24,Month-to-month,Fiber optic,Bank transfer,No,89.42,2237.63,Yes
107490,Male,32.0,49,Month-to-month,DSL,Electronic check,Yes,68.24,3414.14,No
107491,Male,44.0,21,Two year,DSL,Electronic check,Yes,73.66,1640.09,Yes
107492,Female,18.0,29,Month-to-month,DSL,Electronic check,Yes,90.61,2602.51,No
107493,Male,41.0,54,One year,DSL,Mailed check,Yes,77.35,4073.67,No
107494,Male,23.0,49,Month-to-month,Fiber optic,Bank transfer,Yes,62.4,3297.74,No
107495,Female,33.0,51,One year,Fiber optic,Bank transfer,No,128.07,6578.04,No
107496,Female,68.0,28,Month-to-month,DSL,Electronic check,Yes,83.55,2359.71,No
107497,Female,51.0,35,Month-to-month,No,Mailed check,Yes,43.2,1584.52,No
107498,Male,37.0,61,Month-to-month,Fiber optic,Mailed check,Yes,38.6,2237.31,No
107499,Female,75.0,63,One year,DSL,Bank transfer,Yes,89.22,5579.78,No
107500,Male,27.0,5,Month-to-month,Fiber optic,Electronic check,Yes,116.31,487.68,Yes
100971,Male,24.0,24,Month-to-month,Fiber optic,Mailed check,Yes,113.16,2635.04,No
106280,Male,22.0,53,Two year,DSL,Mailed check,Yes,110.53,5800.53,No
101860,Female,29.0,16,Month-to-month,Fiber optic,Bank transfer,No,93.9,1601.46,No
106804,Female,48.0,62,Month-to-month,DSL,Electronic check,Yes,97.44,6176.56,No
106306,Male,35.0,6,One year,Fiber optic,Credit card,No,71.98,377.98,No
103040,Male,22.0,38,Two year,Fiber optic,Mailed check,Yes,101.02,3753.27,No
107195,Female,47.0,69,Two year,No,Mailed check,Yes,72.95,4859.44,No
101447,Female,47.0,65,Month-to-month,DSL,Electronic check,No,89.36,5866.68,No
105200,Female,34.0,41,One year,Fiber optic,Electronic check,Yes,83.98,3454.4,No
106235,Female,38.0,67,Month-to-month,DSL,Bank transfer,Yes,95.48,6506.81,No
104317,Female,45.0,17,One year,Fiber optic,Mailed check,No,79.08,1391.22,Yes
105923,Female,40.0,56,Month-to-month,Fiber optic,Mailed check,No,32.0,1823.82,No
106028,Female,47.0,27,One year,Fiber optic,Bank transfer,No,75.18,2053.03,No
101851,Male,31.0,53,Month-to-month,Fiber optic,Electronic check,Yes,94.38,5029.47,Yes
100430,Female,29.0,70,Month-to-month,DSL,Credit card,No,76.96,5411.08,No
100102,Male,38.0,2,Month-to-month,Fiber optic,Mailed check,Yes,107.64,418.59,Yes
104708,Female,45.0,12,Month-to-month,Fiber optic,Mailed check,Yes,88.06,929.19,No
100466,Female,36.0,48,Month-to-month,Fiber optic,Credit card,Yes,98.57,4694.49,No
104130,Male,37.0,72,Two year,DSL,Bank transfer,Yes,39.95,3011.86,No
104829,Female,66.0,10,Month-to-month,Fiber optic,Bank transfer,Yes,62.57,505.19,No
103505,Male,41.0,68,One year,Fiber optic,Mailed check,Yes,58.99,3980.13,No
106767,Female,55.0,58,Month-to-month,DSL,Electronic check,Yes,55.9,3367.2,No
102779,Male,41.0,63,Month-to-month,DSL,Credit card,Yes,34.47,2251.94,No
103985,Female,57.0,69,Month-to-month,No,Mailed check,Yes,150.0,10343.65,No
105240,Female,20.0,59,Month-to-month,Fiber optic,Electronic check,Yes,78.01,4557.46,No
100577,Female,47.0,45,One year,No,Mailed check,Yes,66.58,2971.3,No
104467,Female,30.0,70,Month-to-month,DSL,Credit card,No,96.21,6795.7,No
107142,Female,33.0,63,Two year,Fiber optic,Bank transfer,No,54.87,3384.77,No
106637,Male,36.0,22,Month-to-month,DSL,Mailed check,No,20.0,542.87,No
103015,Male,34.0,27,Two year,No,Electronic check,Yes,35.25,927.94,No
103247,Female,69.0,49,Month-to-month,Fiber optic,Mailed check,Yes,120.61,5759.66,No
105503,Male,45.0,61,One year,Fiber optic,Bank transfer,Yes,49.01,3045.18,No
107174,Male,32.0,22,Two year,DSL,Bank transfer,No,69.08,1655.6,No
104510,Female,35.0,5,Month-to-month,DSL,Credit card,Yes,72.64,324.68,No
103533,Male,55.0,18,Month-to-month,Fiber optic,Mailed check,No,32.0,518.17,No
